year,quarter,table,column,exists,n_rows,n_caseid,missing_rate,blank_rate
2004,Q1,DEMO,primaryid,True,13601,13601,0.0,0.0
2004,Q1,DEMO,caseid,True,13601,13601,0.0,0.0
2004,Q1,DEMO,age,False,13601,13601,,
2004,Q1,DEMO,age_cod,False,13601,13601,,
2004,Q1,DEMO,wt,False,13601,13601,,
2004,Q1,DEMO,wt_cod,False,13601,13601,,
2004,Q1,DEMO,rept_cod,True,13601,13601,0.0,0.0
2004,Q1,DEMO,e_sub,True,13601,13601,0.0,0.0
2004,Q1,DEMO,reporter_country,True,13601,13601,0.0,1.0
2004,Q1,DEMO,occr_country,True,13601,13601,0.0,1.0
2004,Q1,DEMO,event_dt,True,13601,13601,0.0,0.16836997279611793
2004,Q1,DEMO,fda_dt,True,13601,13601,0.0,0.0
2004,Q1,DRUG,primaryid,True,66063,66063,0.0,0.0
2004,Q1,DRUG,caseid,True,66063,66063,0.0,0.0
2004,Q1,DRUG,drugname,True,66063,66063,0.0,0.0
2004,Q1,DRUG,prod_ai,True,66063,66063,0.0,1.0
2004,Q1,DRUG,role_cod,True,66063,66063,0.0,0.0
2004,Q1,INDI,primaryid,True,18291,18291,0.0,0.0
2004,Q1,INDI,caseid,True,18291,18291,0.0,0.0
2004,Q1,INDI,indi_pt,True,18291,18291,0.0,0.0
2004,Q1,RPSR,primaryid,True,18268,18268,0.0,0.0
2004,Q1,RPSR,caseid,True,18268,18268,0.0,0.0
2004,Q1,RPSR,rpsr_cod,True,18268,18268,0.0,0.0
2004,Q1,THER,primaryid,True,21017,21017,0.0,0.0
2004,Q1,THER,caseid,True,21017,21017,0.0,0.0
2004,Q1,THER,start_dt,True,21017,21017,0.0,0.10653280677546748
2004,Q1,THER,end_dt,True,21017,21017,0.0,0.403007089498977
2004,Q1,THER,dur,True,21017,21017,0.0,0.8152448018270924
2004,Q1,THER,dur_cod,True,21017,21017,0.0,0.944092877194652
2004,Q2,DEMO,primaryid,True,12127,12127,0.0,0.0
2004,Q2,DEMO,caseid,True,12127,12127,0.0,0.0
2004,Q2,DEMO,age,False,12127,12127,,
2004,Q2,DEMO,age_cod,False,12127,12127,,
2004,Q2,DEMO,wt,False,12127,12127,,
2004,Q2,DEMO,wt_cod,False,12127,12127,,
2004,Q2,DEMO,rept_cod,True,12127,12127,0.0,0.0
2004,Q2,DEMO,e_sub,True,12127,12127,0.0,0.0
2004,Q2,DEMO,reporter_country,True,12127,12127,0.0,1.0
2004,Q2,DEMO,occr_country,True,12127,12127,0.0,1.0
2004,Q2,DEMO,event_dt,True,12127,12127,0.0,0.14983095571864435
2004,Q2,DEMO,fda_dt,True,12127,12127,0.0,0.0
2004,Q2,DRUG,primaryid,True,62478,62478,0.0,0.0
2004,Q2,DRUG,caseid,True,62478,62478,0.0,0.0
2004,Q2,DRUG,drugname,True,62478,62478,0.0,0.0
2004,Q2,DRUG,prod_ai,True,62478,62478,0.0,1.0
2004,Q2,DRUG,role_cod,True,62478,62478,0.0,0.0
2004,Q2,INDI,primaryid,True,18243,18243,0.0,0.0
2004,Q2,INDI,caseid,True,18243,18243,0.0,0.0
2004,Q2,INDI,indi_pt,True,18243,18243,0.0,0.0
2004,Q2,RPSR,primaryid,True,16696,16696,0.0,0.0
2004,Q2,RPSR,caseid,True,16696,16696,0.0,0.0
2004,Q2,RPSR,rpsr_cod,True,16696,16696,0.0,0.0
2004,Q2,THER,primaryid,True,20462,20462,0.0,0.0
2004,Q2,THER,caseid,True,20462,20462,0.0,0.0
2004,Q2,THER,start_dt,True,20462,20462,0.0,0.09881731991007722
2004,Q2,THER,end_dt,True,20462,20462,0.0,0.35363112110253153
2004,Q2,THER,dur,True,20462,20462,0.0,0.8229889551363503
2004,Q2,THER,dur_cod,True,20462,20462,0.0,0.9475124621249145
2004,Q3,DEMO,primaryid,True,17457,17457,0.0,0.0
2004,Q3,DEMO,caseid,True,17457,17457,0.0,0.0
2004,Q3,DEMO,age,False,17457,17457,,
2004,Q3,DEMO,age_cod,False,17457,17457,,
2004,Q3,DEMO,wt,False,17457,17457,,
2004,Q3,DEMO,wt_cod,False,17457,17457,,
2004,Q3,DEMO,rept_cod,True,17457,17457,0.0,0.0
2004,Q3,DEMO,e_sub,True,17457,17457,0.0,0.0
2004,Q3,DEMO,reporter_country,True,17457,17457,0.0,1.0
2004,Q3,DEMO,occr_country,True,17457,17457,0.0,1.0
2004,Q3,DEMO,event_dt,True,17457,17457,0.0,0.18869221515724352
2004,Q3,DEMO,fda_dt,True,17457,17457,0.0,0.0
2004,Q3,DRUG,primaryid,True,78450,78450,0.0,0.0
2004,Q3,DRUG,caseid,True,78450,78450,0.0,0.0
2004,Q3,DRUG,drugname,True,78450,78450,0.0,0.0
2004,Q3,DRUG,prod_ai,True,78450,78450,0.0,1.0
2004,Q3,DRUG,role_cod,True,78450,78450,0.0,0.0
2004,Q3,INDI,primaryid,True,23146,23146,0.0,0.0
2004,Q3,INDI,caseid,True,23146,23146,0.0,0.0
2004,Q3,INDI,indi_pt,True,23146,23146,0.0,0.0
2004,Q3,RPSR,primaryid,True,21656,21656,0.0,0.0
2004,Q3,RPSR,caseid,True,21656,21656,0.0,0.0
2004,Q3,RPSR,rpsr_cod,True,21656,21656,0.0,0.0
2004,Q3,THER,primaryid,True,24926,24926,0.0,0.0
2004,Q3,THER,caseid,True,24926,24926,0.0,0.0
2004,Q3,THER,start_dt,True,24926,24926,0.0,0.10795956029848351
2004,Q3,THER,end_dt,True,24926,24926,0.0,0.42321270962047663
2004,Q3,THER,dur,True,24926,24926,0.0,0.8181416994303137
2004,Q3,THER,dur_cod,True,24926,24926,0.0,0.9513760731766028
2004,Q4,DEMO,primaryid,True,14102,14102,0.0,0.0
2004,Q4,DEMO,caseid,True,14102,14102,0.0,0.0
2004,Q4,DEMO,age,False,14102,14102,,
2004,Q4,DEMO,age_cod,False,14102,14102,,
2004,Q4,DEMO,wt,False,14102,14102,,
2004,Q4,DEMO,wt_cod,False,14102,14102,,
2004,Q4,DEMO,rept_cod,True,14102,14102,0.0,0.0
2004,Q4,DEMO,e_sub,True,14102,14102,0.0,0.0
2004,Q4,DEMO,reporter_country,True,14102,14102,0.0,1.0
2004,Q4,DEMO,occr_country,True,14102,14102,0.0,1.0
2004,Q4,DEMO,event_dt,True,14102,14102,0.0,0.14317118139271026
2004,Q4,DEMO,fda_dt,True,14102,14102,0.0,0.0
2004,Q4,DRUG,primaryid,True,72023,72023,0.0,0.0
2004,Q4,DRUG,caseid,True,72023,72023,0.0,0.0
2004,Q4,DRUG,drugname,True,72023,72023,0.0,0.0
2004,Q4,DRUG,prod_ai,True,72023,72023,0.0,1.0
2004,Q4,DRUG,role_cod,True,72023,72023,0.0,0.0
2004,Q4,INDI,primaryid,True,21546,21546,0.0,0.0
2004,Q4,INDI,caseid,True,21546,21546,0.0,0.0
2004,Q4,INDI,indi_pt,True,21546,21546,0.0,0.0
2004,Q4,RPSR,primaryid,True,15570,15570,0.0,0.0
2004,Q4,RPSR,caseid,True,15570,15570,0.0,0.0
2004,Q4,RPSR,rpsr_cod,True,15570,15570,0.0,0.0
2004,Q4,THER,primaryid,True,22669,22669,0.0,0.0
2004,Q4,THER,caseid,True,22669,22669,0.0,0.0
2004,Q4,THER,start_dt,True,22669,22669,0.0,0.10785654417927566
2004,Q4,THER,end_dt,True,22669,22669,0.0,0.36168335612510477
2004,Q4,THER,dur,True,22669,22669,0.0,0.8043583748731749
2004,Q4,THER,dur_cod,True,22669,22669,0.0,0.8056817680532886
2005,Q1,DEMO,primaryid,True,14086,14086,0.0,0.0
2005,Q1,DEMO,caseid,True,14086,14086,0.0,0.0
2005,Q1,DEMO,age,False,14086,14086,,
2005,Q1,DEMO,age_cod,False,14086,14086,,
2005,Q1,DEMO,wt,False,14086,14086,,
2005,Q1,DEMO,wt_cod,False,14086,14086,,
2005,Q1,DEMO,rept_cod,True,14086,14086,0.0,0.0
2005,Q1,DEMO,e_sub,True,14086,14086,0.0,0.0
2005,Q1,DEMO,reporter_country,True,14086,14086,0.0,1.0
2005,Q1,DEMO,occr_country,True,14086,14086,0.0,1.0
2005,Q1,DEMO,event_dt,True,14086,14086,0.0,0.16938804486724407
2005,Q1,DEMO,fda_dt,True,14086,14086,0.0,0.0
2005,Q1,DRUG,primaryid,True,67064,67064,0.0,0.0
2005,Q1,DRUG,caseid,True,67064,67064,0.0,0.0
2005,Q1,DRUG,drugname,True,67064,67064,0.0,0.0
2005,Q1,DRUG,prod_ai,True,67064,67064,0.0,1.0
2005,Q1,DRUG,role_cod,True,67064,67064,0.0,0.0
2005,Q1,INDI,primaryid,True,21787,21787,0.0,0.0
2005,Q1,INDI,caseid,True,21787,21787,0.0,0.0
2005,Q1,INDI,indi_pt,True,21787,21787,0.0,0.0
2005,Q1,RPSR,primaryid,True,15665,15665,0.0,0.0
2005,Q1,RPSR,caseid,True,15665,15665,0.0,0.0
2005,Q1,RPSR,rpsr_cod,True,15665,15665,0.0,0.0
2005,Q1,THER,primaryid,True,22068,22068,0.0,0.0
2005,Q1,THER,caseid,True,22068,22068,0.0,0.0
2005,Q1,THER,start_dt,True,22068,22068,0.0,0.11528004350190321
2005,Q1,THER,end_dt,True,22068,22068,0.0,0.38027913721225304
2005,Q1,THER,dur,True,22068,22068,0.0,0.7822639115461302
2005,Q1,THER,dur_cod,True,22068,22068,0.0,0.7840764908464746
2005,Q2,DEMO,primaryid,True,15661,15661,0.0,0.0
2005,Q2,DEMO,caseid,True,15661,15661,0.0,0.0
2005,Q2,DEMO,age,False,15661,15661,,
2005,Q2,DEMO,age_cod,False,15661,15661,,
2005,Q2,DEMO,wt,False,15661,15661,,
2005,Q2,DEMO,wt_cod,False,15661,15661,,
2005,Q2,DEMO,rept_cod,True,15661,15661,0.0,0.0
2005,Q2,DEMO,e_sub,True,15661,15661,0.0,0.0
2005,Q2,DEMO,reporter_country,True,15661,15661,0.0,1.0
2005,Q2,DEMO,occr_country,True,15661,15661,0.0,1.0
2005,Q2,DEMO,event_dt,True,15661,15661,0.0,0.16256944001021645
2005,Q2,DEMO,fda_dt,True,15661,15661,0.0,0.0
2005,Q2,DRUG,primaryid,True,79367,79367,0.0,0.0
2005,Q2,DRUG,caseid,True,79367,79367,0.0,0.0
2005,Q2,DRUG,drugname,True,79367,79367,0.0,0.0
2005,Q2,DRUG,prod_ai,True,79367,79367,0.0,1.0
2005,Q2,DRUG,role_cod,True,79367,79367,0.0,0.0
2005,Q2,INDI,primaryid,True,25484,25484,0.0,0.0
2005,Q2,INDI,caseid,True,25484,25484,0.0,0.0
2005,Q2,INDI,indi_pt,True,25484,25484,0.0,0.0
2005,Q2,RPSR,primaryid,True,17037,17037,0.0,0.0
2005,Q2,RPSR,caseid,True,17037,17037,0.0,0.0
2005,Q2,RPSR,rpsr_cod,True,17037,17037,0.0,0.0
2005,Q2,THER,primaryid,True,26211,26211,0.0,0.0
2005,Q2,THER,caseid,True,26211,26211,0.0,0.0
2005,Q2,THER,start_dt,True,26211,26211,0.0,0.11018274770134676
2005,Q2,THER,end_dt,True,26211,26211,0.0,0.3793827019190416
2005,Q2,THER,dur,True,26211,26211,0.0,0.8008851245660219
2005,Q2,THER,dur_cod,True,26211,26211,0.0,0.8027545686925337
2005,Q3,DEMO,primaryid,True,15749,15749,0.0,0.0
2005,Q3,DEMO,caseid,True,15749,15749,0.0,0.0
2005,Q3,DEMO,age,False,15749,15749,,
2005,Q3,DEMO,age_cod,False,15749,15749,,
2005,Q3,DEMO,wt,False,15749,15749,,
2005,Q3,DEMO,wt_cod,False,15749,15749,,
2005,Q3,DEMO,rept_cod,True,15749,15749,0.0,0.0
2005,Q3,DEMO,e_sub,True,15749,15749,0.0,0.0
2005,Q3,DEMO,reporter_country,True,15749,15749,0.0,0.010857832243317036
2005,Q3,DEMO,occr_country,True,15749,15749,0.0,1.0
2005,Q3,DEMO,event_dt,True,15749,15749,0.0,0.1653438313543717
2005,Q3,DEMO,fda_dt,True,15749,15749,0.0,0.0
2005,Q3,DRUG,primaryid,True,73536,73536,0.0,0.0
2005,Q3,DRUG,caseid,True,73536,73536,0.0,0.0
2005,Q3,DRUG,drugname,True,73536,73536,0.0,0.0
2005,Q3,DRUG,prod_ai,True,73536,73536,0.0,1.0
2005,Q3,DRUG,role_cod,True,73536,73536,0.0,0.0
2005,Q3,INDI,primaryid,True,24487,24487,0.0,0.0
2005,Q3,INDI,caseid,True,24487,24487,0.0,0.0
2005,Q3,INDI,indi_pt,True,24487,24487,0.0,0.0
2005,Q3,RPSR,primaryid,True,16253,16253,0.0,0.0
2005,Q3,RPSR,caseid,True,16253,16253,0.0,0.0
2005,Q3,RPSR,rpsr_cod,True,16253,16253,0.0,0.0
2005,Q3,THER,primaryid,True,26225,26225,0.0,0.0
2005,Q3,THER,caseid,True,26225,26225,0.0,0.0
2005,Q3,THER,start_dt,True,26225,26225,0.0,0.11176358436606292
2005,Q3,THER,end_dt,True,26225,26225,0.0,0.3784556720686368
2005,Q3,THER,dur,True,26225,26225,0.0,0.7828408007626311
2005,Q3,THER,dur_cod,True,26225,26225,0.0,0.7848999046711154
2005,Q4,DEMO,primaryid,True,15588,15588,0.0,0.0
2005,Q4,DEMO,caseid,True,15588,15588,0.0,0.0
2005,Q4,DEMO,age,False,15588,15588,,
2005,Q4,DEMO,age_cod,False,15588,15588,,
2005,Q4,DEMO,wt,False,15588,15588,,
2005,Q4,DEMO,wt_cod,False,15588,15588,,
2005,Q4,DEMO,rept_cod,True,15588,15588,0.0,0.0
2005,Q4,DEMO,e_sub,True,15588,15588,0.0,0.0
2005,Q4,DEMO,reporter_country,True,15588,15588,0.0,0.011739799846035412
2005,Q4,DEMO,occr_country,True,15588,15588,0.0,1.0
2005,Q4,DEMO,event_dt,True,15588,15588,0.0,0.16313831152168334
2005,Q4,DEMO,fda_dt,True,15588,15588,0.0,0.0
2005,Q4,DRUG,primaryid,True,78387,78387,0.0,0.0
2005,Q4,DRUG,caseid,True,78387,78387,0.0,0.0
2005,Q4,DRUG,drugname,True,78387,78387,0.0,0.0
2005,Q4,DRUG,prod_ai,True,78387,78387,0.0,1.0
2005,Q4,DRUG,role_cod,True,78387,78387,0.0,0.0
2005,Q4,INDI,primaryid,True,23926,23926,0.0,0.0
2005,Q4,INDI,caseid,True,23926,23926,0.0,0.0
2005,Q4,INDI,indi_pt,True,23926,23926,0.0,0.0
2005,Q4,RPSR,primaryid,True,14181,14181,0.0,0.0
2005,Q4,RPSR,caseid,True,14181,14181,0.0,0.0
2005,Q4,RPSR,rpsr_cod,True,14181,14181,0.0,0.0
2005,Q4,THER,primaryid,True,25216,25216,0.0,0.0
2005,Q4,THER,caseid,True,25216,25216,0.0,0.0
2005,Q4,THER,start_dt,True,25216,25216,0.0,0.10996986040609137
2005,Q4,THER,end_dt,True,25216,25216,0.0,0.3895939086294416
2005,Q4,THER,dur,True,25216,25216,0.0,0.7505948604060914
2005,Q4,THER,dur_cod,True,25216,25216,0.0,0.7552744289340102
2006,Q1,DEMO,primaryid,True,16148,16148,0.0,0.0
2006,Q1,DEMO,caseid,True,16148,16148,0.0,0.0
2006,Q1,DEMO,age,False,16148,16148,,
2006,Q1,DEMO,age_cod,False,16148,16148,,
2006,Q1,DEMO,wt,False,16148,16148,,
2006,Q1,DEMO,wt_cod,False,16148,16148,,
2006,Q1,DEMO,rept_cod,True,16148,16148,0.0,0.0
2006,Q1,DEMO,e_sub,True,16148,16148,0.0,0.0
2006,Q1,DEMO,reporter_country,True,16148,16148,0.0,0.008669804310131285
2006,Q1,DEMO,occr_country,True,16148,16148,0.0,1.0
2006,Q1,DEMO,event_dt,True,16148,16148,0.0,0.1310998266039138
2006,Q1,DEMO,fda_dt,True,16148,16148,0.0,0.0
2006,Q1,DRUG,primaryid,True,78576,78576,0.0,0.0
2006,Q1,DRUG,caseid,True,78576,78576,0.0,0.0
2006,Q1,DRUG,drugname,True,78576,78576,0.0,0.0
2006,Q1,DRUG,prod_ai,True,78576,78576,0.0,1.0
2006,Q1,DRUG,role_cod,True,78576,78576,0.0,0.0
2006,Q1,INDI,primaryid,True,26192,26192,0.0,0.0
2006,Q1,INDI,caseid,True,26192,26192,0.0,0.0
2006,Q1,INDI,indi_pt,True,26192,26192,0.0,0.0
2006,Q1,RPSR,primaryid,True,14317,14317,0.0,0.0
2006,Q1,RPSR,caseid,True,14317,14317,0.0,0.0
2006,Q1,RPSR,rpsr_cod,True,14317,14317,0.0,0.0
2006,Q1,THER,primaryid,True,28061,28061,0.0,0.0
2006,Q1,THER,caseid,True,28061,28061,0.0,0.0
2006,Q1,THER,start_dt,True,28061,28061,0.0,0.09472221232315313
2006,Q1,THER,end_dt,True,28061,28061,0.0,0.3472791418694986
2006,Q1,THER,dur,True,28061,28061,0.0,0.7544634902533766
2006,Q1,THER,dur_cod,True,28061,28061,0.0,0.7625530095149852
2006,Q2,DEMO,primaryid,True,15606,15606,0.0,0.0
2006,Q2,DEMO,caseid,True,15606,15606,0.0,0.0
2006,Q2,DEMO,age,False,15606,15606,,
2006,Q2,DEMO,age_cod,False,15606,15606,,
2006,Q2,DEMO,wt,False,15606,15606,,
2006,Q2,DEMO,wt_cod,False,15606,15606,,
2006,Q2,DEMO,rept_cod,True,15606,15606,0.0,0.0
2006,Q2,DEMO,e_sub,True,15606,15606,0.0,0.0
2006,Q2,DEMO,reporter_country,True,15606,15606,0.0,0.010636934512367038
2006,Q2,DEMO,occr_country,True,15606,15606,0.0,1.0
2006,Q2,DEMO,event_dt,True,15606,15606,0.0,0.144239395104447
2006,Q2,DEMO,fda_dt,True,15606,15606,0.0,0.0
2006,Q2,DRUG,primaryid,True,76681,76681,0.0,0.0
2006,Q2,DRUG,caseid,True,76681,76681,0.0,0.0
2006,Q2,DRUG,drugname,True,76681,76681,0.0,0.0
2006,Q2,DRUG,prod_ai,True,76681,76681,0.0,1.0
2006,Q2,DRUG,role_cod,True,76681,76681,0.0,0.0
2006,Q2,INDI,primaryid,True,26464,26464,0.0,0.0
2006,Q2,INDI,caseid,True,26464,26464,0.0,0.0
2006,Q2,INDI,indi_pt,True,26464,26464,0.0,0.0
2006,Q2,RPSR,primaryid,True,14850,14850,0.0,0.0
2006,Q2,RPSR,caseid,True,14850,14850,0.0,0.0
2006,Q2,RPSR,rpsr_cod,True,14850,14850,0.0,0.0
2006,Q2,THER,primaryid,True,27700,27700,0.0,0.0
2006,Q2,THER,caseid,True,27700,27700,0.0,0.0
2006,Q2,THER,start_dt,True,27700,27700,0.0,0.09126353790613718
2006,Q2,THER,end_dt,True,27700,27700,0.0,0.35797833935018053
2006,Q2,THER,dur,True,27700,27700,0.0,0.762346570397112
2006,Q2,THER,dur_cod,True,27700,27700,0.0,0.7691696750902527
2006,Q3,DEMO,primaryid,True,13825,13825,0.0,0.0
2006,Q3,DEMO,caseid,True,13825,13825,0.0,0.0
2006,Q3,DEMO,age,False,13825,13825,,
2006,Q3,DEMO,age_cod,False,13825,13825,,
2006,Q3,DEMO,wt,False,13825,13825,,
2006,Q3,DEMO,wt_cod,False,13825,13825,,
2006,Q3,DEMO,rept_cod,True,13825,13825,0.0,0.0
2006,Q3,DEMO,e_sub,True,13825,13825,0.0,0.0
2006,Q3,DEMO,reporter_country,True,13825,13825,0.0,0.012007233273056058
2006,Q3,DEMO,occr_country,True,13825,13825,0.0,1.0
2006,Q3,DEMO,event_dt,True,13825,13825,0.0,0.1806148282097649
2006,Q3,DEMO,fda_dt,True,13825,13825,0.0,0.0
2006,Q3,DRUG,primaryid,True,66489,66489,0.0,0.0
2006,Q3,DRUG,caseid,True,66489,66489,0.0,0.0
2006,Q3,DRUG,drugname,True,66489,66489,0.0,0.0
2006,Q3,DRUG,prod_ai,True,66489,66489,0.0,1.0
2006,Q3,DRUG,role_cod,True,66489,66489,0.0,0.0
2006,Q3,INDI,primaryid,True,22464,22464,0.0,0.0
2006,Q3,INDI,caseid,True,22464,22464,0.0,0.0
2006,Q3,INDI,indi_pt,True,22464,22464,0.0,0.0
2006,Q3,RPSR,primaryid,True,14240,14240,0.0,0.0
2006,Q3,RPSR,caseid,True,14240,14240,0.0,0.0
2006,Q3,RPSR,rpsr_cod,True,14240,14240,0.0,0.0
2006,Q3,THER,primaryid,True,23510,23510,0.0,0.0
2006,Q3,THER,caseid,True,23510,23510,0.0,0.0
2006,Q3,THER,start_dt,True,23510,23510,0.0,0.10905997447894512
2006,Q3,THER,end_dt,True,23510,23510,0.0,0.4084644831986389
2006,Q3,THER,dur,True,23510,23510,0.0,0.779710761378137
2006,Q3,THER,dur_cod,True,23510,23510,0.0,0.7794980859208848
2006,Q4,DEMO,primaryid,True,14111,14111,0.0,0.0
2006,Q4,DEMO,caseid,True,14111,14111,0.0,0.0
2006,Q4,DEMO,age,False,14111,14111,,
2006,Q4,DEMO,age_cod,False,14111,14111,,
2006,Q4,DEMO,wt,False,14111,14111,,
2006,Q4,DEMO,wt_cod,False,14111,14111,,
2006,Q4,DEMO,rept_cod,True,14111,14111,0.0,0.0
2006,Q4,DEMO,e_sub,True,14111,14111,0.0,0.0
2006,Q4,DEMO,reporter_country,True,14111,14111,0.0,0.01700800793707037
2006,Q4,DEMO,occr_country,True,14111,14111,0.0,1.0
2006,Q4,DEMO,event_dt,True,14111,14111,0.0,0.1974346254694919
2006,Q4,DEMO,fda_dt,True,14111,14111,0.0,0.0
2006,Q4,DRUG,primaryid,True,67745,67745,0.0,0.0
2006,Q4,DRUG,caseid,True,67745,67745,0.0,0.0
2006,Q4,DRUG,drugname,True,67745,67745,0.0,0.0
2006,Q4,DRUG,prod_ai,True,67745,67745,0.0,1.0
2006,Q4,DRUG,role_cod,True,67745,67745,0.0,0.0
2006,Q4,INDI,primaryid,True,23140,23140,0.0,0.0
2006,Q4,INDI,caseid,True,23140,23140,0.0,0.0
2006,Q4,INDI,indi_pt,True,23140,23140,0.0,0.0
2006,Q4,RPSR,primaryid,True,12478,12478,0.0,0.0
2006,Q4,RPSR,caseid,True,12478,12478,0.0,0.0
2006,Q4,RPSR,rpsr_cod,True,12478,12478,0.0,0.0
2006,Q4,THER,primaryid,True,23867,23867,0.0,0.0
2006,Q4,THER,caseid,True,23867,23867,0.0,0.0
2006,Q4,THER,start_dt,True,23867,23867,0.0,0.11031968827251017
2006,Q4,THER,end_dt,True,23867,23867,0.0,0.4161813382494658
2006,Q4,THER,dur,True,23867,23867,0.0,0.7486487618888005
2006,Q4,THER,dur_cod,True,23867,23867,0.0,0.7489839527380903
2007,Q1,DEMO,primaryid,True,15015,15015,0.0,0.0
2007,Q1,DEMO,caseid,True,15015,15015,0.0,0.0
2007,Q1,DEMO,age,False,15015,15015,,
2007,Q1,DEMO,age_cod,False,15015,15015,,
2007,Q1,DEMO,wt,False,15015,15015,,
2007,Q1,DEMO,wt_cod,False,15015,15015,,
2007,Q1,DEMO,rept_cod,True,15015,15015,0.0,0.0
2007,Q1,DEMO,e_sub,True,15015,15015,0.0,0.0
2007,Q1,DEMO,reporter_country,True,15015,15015,0.0,0.014452214452214453
2007,Q1,DEMO,occr_country,True,15015,15015,0.0,1.0
2007,Q1,DEMO,event_dt,True,15015,15015,0.0,0.20166500166500168
2007,Q1,DEMO,fda_dt,True,15015,15015,0.0,0.0
2007,Q1,DRUG,primaryid,True,69254,69254,0.0,0.0
2007,Q1,DRUG,caseid,True,69254,69254,0.0,0.0
2007,Q1,DRUG,drugname,True,69254,69254,0.0,0.0
2007,Q1,DRUG,prod_ai,True,69254,69254,0.0,1.0
2007,Q1,DRUG,role_cod,True,69254,69254,0.0,0.0
2007,Q1,INDI,primaryid,True,23726,23726,0.0,0.0
2007,Q1,INDI,caseid,True,23726,23726,0.0,0.0
2007,Q1,INDI,indi_pt,True,23726,23726,0.0,0.0
2007,Q1,RPSR,primaryid,True,12192,12192,0.0,0.0
2007,Q1,RPSR,caseid,True,12192,12192,0.0,0.0
2007,Q1,RPSR,rpsr_cod,True,12192,12192,0.0,0.0
2007,Q1,THER,primaryid,True,25185,25185,0.0,0.0
2007,Q1,THER,caseid,True,25185,25185,0.0,0.0
2007,Q1,THER,start_dt,True,25185,25185,0.0,0.09160214413341275
2007,Q1,THER,end_dt,True,25185,25185,0.0,0.43089140361326184
2007,Q1,THER,dur,True,25185,25185,0.0,0.7890808020647211
2007,Q1,THER,dur_cod,True,25185,25185,0.0,0.7890410958904109
2007,Q2,DEMO,primaryid,True,13770,13770,0.0,0.0
2007,Q2,DEMO,caseid,True,13770,13770,0.0,0.0
2007,Q2,DEMO,age,False,13770,13770,,
2007,Q2,DEMO,age_cod,False,13770,13770,,
2007,Q2,DEMO,wt,False,13770,13770,,
2007,Q2,DEMO,wt_cod,False,13770,13770,,
2007,Q2,DEMO,rept_cod,True,13770,13770,0.0,0.0
2007,Q2,DEMO,e_sub,True,13770,13770,0.0,0.0
2007,Q2,DEMO,reporter_country,True,13770,13770,0.0,0.01568627450980392
2007,Q2,DEMO,occr_country,True,13770,13770,0.0,1.0
2007,Q2,DEMO,event_dt,True,13770,13770,0.0,0.21074800290486564
2007,Q2,DEMO,fda_dt,True,13770,13770,0.0,0.0
2007,Q2,DRUG,primaryid,True,64144,64144,0.0,0.0
2007,Q2,DRUG,caseid,True,64144,64144,0.0,0.0
2007,Q2,DRUG,drugname,True,64144,64144,0.0,0.0
2007,Q2,DRUG,prod_ai,True,64144,64144,0.0,1.0
2007,Q2,DRUG,role_cod,True,64144,64144,0.0,0.0
2007,Q2,INDI,primaryid,True,23019,23019,0.0,0.0
2007,Q2,INDI,caseid,True,23019,23019,0.0,0.0
2007,Q2,INDI,indi_pt,True,23019,23019,0.0,0.0
2007,Q2,RPSR,primaryid,True,9501,9501,0.0,0.0
2007,Q2,RPSR,caseid,True,9501,9501,0.0,0.0
2007,Q2,RPSR,rpsr_cod,True,9501,9501,0.0,0.0
2007,Q2,THER,primaryid,True,24245,24245,0.0,0.0
2007,Q2,THER,caseid,True,24245,24245,0.0,0.0
2007,Q2,THER,start_dt,True,24245,24245,0.0,0.10138172819137967
2007,Q2,THER,end_dt,True,24245,24245,0.0,0.4186842647968653
2007,Q2,THER,dur,True,24245,24245,0.0,0.7769436997319035
2007,Q2,THER,dur_cod,True,24245,24245,0.0,0.7766549804083316
2007,Q3,DEMO,primaryid,True,13871,13871,0.0,0.0
2007,Q3,DEMO,caseid,True,13871,13871,0.0,0.0
2007,Q3,DEMO,age,False,13871,13871,,
2007,Q3,DEMO,age_cod,False,13871,13871,,
2007,Q3,DEMO,wt,False,13871,13871,,
2007,Q3,DEMO,wt_cod,False,13871,13871,,
2007,Q3,DEMO,rept_cod,True,13871,13871,0.0,0.0
2007,Q3,DEMO,e_sub,True,13871,13871,0.0,0.0
2007,Q3,DEMO,reporter_country,True,13871,13871,0.0,0.01499531396438613
2007,Q3,DEMO,occr_country,True,13871,13871,0.0,1.0
2007,Q3,DEMO,event_dt,True,13871,13871,0.0,0.20863672410064163
2007,Q3,DEMO,fda_dt,True,13871,13871,0.0,0.0
2007,Q3,DRUG,primaryid,True,62301,62301,0.0,0.0
2007,Q3,DRUG,caseid,True,62301,62301,0.0,0.0
2007,Q3,DRUG,drugname,True,62301,62301,0.0,0.0
2007,Q3,DRUG,prod_ai,True,62301,62301,0.0,1.0
2007,Q3,DRUG,role_cod,True,62301,62301,0.0,0.0
2007,Q3,INDI,primaryid,True,22687,22687,0.0,0.0
2007,Q3,INDI,caseid,True,22687,22687,0.0,0.0
2007,Q3,INDI,indi_pt,True,22687,22687,0.0,0.0
2007,Q3,RPSR,primaryid,True,9189,9189,0.0,0.0
2007,Q3,RPSR,caseid,True,9189,9189,0.0,0.0
2007,Q3,RPSR,rpsr_cod,True,9189,9189,0.0,0.0
2007,Q3,THER,primaryid,True,23416,23416,0.0,0.0
2007,Q3,THER,caseid,True,23416,23416,0.0,0.0
2007,Q3,THER,start_dt,True,23416,23416,0.0,0.08861462248035532
2007,Q3,THER,end_dt,True,23416,23416,0.0,0.4241971301674069
2007,Q3,THER,dur,True,23416,23416,0.0,0.7696873932353946
2007,Q3,THER,dur_cod,True,23416,23416,0.0,0.7695165698667578
2007,Q4,DEMO,primaryid,True,15202,15202,0.0,0.0
2007,Q4,DEMO,caseid,True,15202,15202,0.0,0.0
2007,Q4,DEMO,age,False,15202,15202,,
2007,Q4,DEMO,age_cod,False,15202,15202,,
2007,Q4,DEMO,wt,False,15202,15202,,
2007,Q4,DEMO,wt_cod,False,15202,15202,,
2007,Q4,DEMO,rept_cod,True,15202,15202,0.0,0.0
2007,Q4,DEMO,e_sub,True,15202,15202,0.0,0.0
2007,Q4,DEMO,reporter_country,True,15202,15202,0.0,0.02190501249835548
2007,Q4,DEMO,occr_country,True,15202,15202,0.0,1.0
2007,Q4,DEMO,event_dt,True,15202,15202,0.0,0.22595711090645967
2007,Q4,DEMO,fda_dt,True,15202,15202,0.0,0.0
2007,Q4,DRUG,primaryid,True,69650,69650,0.0,0.0
2007,Q4,DRUG,caseid,True,69650,69650,0.0,0.0
2007,Q4,DRUG,drugname,True,69650,69650,0.0,0.0
2007,Q4,DRUG,prod_ai,True,69650,69650,0.0,1.0
2007,Q4,DRUG,role_cod,True,69650,69650,0.0,0.0
2007,Q4,INDI,primaryid,True,24219,24219,0.0,0.0
2007,Q4,INDI,caseid,True,24219,24219,0.0,0.0
2007,Q4,INDI,indi_pt,True,24219,24219,0.0,0.0
2007,Q4,RPSR,primaryid,True,9438,9438,0.0,0.0
2007,Q4,RPSR,caseid,True,9438,9438,0.0,0.0
2007,Q4,RPSR,rpsr_cod,True,9438,9438,0.0,0.0
2007,Q4,THER,primaryid,True,25290,25290,0.0,0.0
2007,Q4,THER,caseid,True,25290,25290,0.0,0.0
2007,Q4,THER,start_dt,True,25290,25290,0.0,0.11126927639383155
2007,Q4,THER,end_dt,True,25290,25290,0.0,0.44594701463028863
2007,Q4,THER,dur,True,25290,25290,0.0,0.7723606168446026
2007,Q4,THER,dur_cod,True,25290,25290,0.0,0.7724396994859628
2008,Q1,DEMO,primaryid,True,14946,14946,0.0,0.0
2008,Q1,DEMO,caseid,True,14946,14946,0.0,0.0
2008,Q1,DEMO,age,False,14946,14946,,
2008,Q1,DEMO,age_cod,False,14946,14946,,
2008,Q1,DEMO,wt,False,14946,14946,,
2008,Q1,DEMO,wt_cod,False,14946,14946,,
2008,Q1,DEMO,rept_cod,True,14946,14946,0.0,0.0
2008,Q1,DEMO,e_sub,True,14946,14946,0.0,0.0
2008,Q1,DEMO,reporter_country,True,14946,14946,0.0,0.019403184798608322
2008,Q1,DEMO,occr_country,True,14946,14946,0.0,1.0
2008,Q1,DEMO,event_dt,True,14946,14946,0.0,0.18252375217449485
2008,Q1,DEMO,fda_dt,True,14946,14946,0.0,0.0
2008,Q1,DRUG,primaryid,True,65849,65849,0.0,0.0
2008,Q1,DRUG,caseid,True,65849,65849,0.0,0.0
2008,Q1,DRUG,drugname,True,65849,65849,0.0,0.0
2008,Q1,DRUG,prod_ai,True,65849,65849,0.0,1.0
2008,Q1,DRUG,role_cod,True,65849,65849,0.0,0.0
2008,Q1,INDI,primaryid,True,27271,27271,0.0,0.0
2008,Q1,INDI,caseid,True,27271,27271,0.0,0.0
2008,Q1,INDI,indi_pt,True,27271,27271,0.0,0.0
2008,Q1,RPSR,primaryid,True,10619,10619,0.0,0.0
2008,Q1,RPSR,caseid,True,10619,10619,0.0,0.0
2008,Q1,RPSR,rpsr_cod,True,10619,10619,0.0,0.0
2008,Q1,THER,primaryid,True,27535,27535,0.0,0.0
2008,Q1,THER,caseid,True,27535,27535,0.0,0.0
2008,Q1,THER,start_dt,True,27535,27535,0.0,0.09024877428727075
2008,Q1,THER,end_dt,True,27535,27535,0.0,0.4004358089704013
2008,Q1,THER,dur,True,27535,27535,0.0,0.7864899219175595
2008,Q1,THER,dur_cod,True,27535,27535,0.0,0.7859451607045579
2008,Q2,DEMO,primaryid,True,14880,14880,0.0,0.0
2008,Q2,DEMO,caseid,True,14880,14880,0.0,0.0
2008,Q2,DEMO,age,False,14880,14880,,
2008,Q2,DEMO,age_cod,False,14880,14880,,
2008,Q2,DEMO,wt,False,14880,14880,,
2008,Q2,DEMO,wt_cod,False,14880,14880,,
2008,Q2,DEMO,rept_cod,True,14880,14880,0.0,0.0
2008,Q2,DEMO,e_sub,True,14880,14880,0.0,0.0
2008,Q2,DEMO,reporter_country,True,14880,14880,0.0,0.01538978494623656
2008,Q2,DEMO,occr_country,True,14880,14880,0.0,1.0
2008,Q2,DEMO,event_dt,True,14880,14880,0.0,0.21888440860215053
2008,Q2,DEMO,fda_dt,True,14880,14880,0.0,0.0
2008,Q2,DRUG,primaryid,True,66592,66592,0.0,0.0
2008,Q2,DRUG,caseid,True,66592,66592,0.0,0.0
2008,Q2,DRUG,drugname,True,66592,66592,0.0,0.0
2008,Q2,DRUG,prod_ai,True,66592,66592,0.0,1.0
2008,Q2,DRUG,role_cod,True,66592,66592,0.0,0.0
2008,Q2,INDI,primaryid,True,26200,26200,0.0,0.0
2008,Q2,INDI,caseid,True,26200,26200,0.0,0.0
2008,Q2,INDI,indi_pt,True,26200,26200,0.0,0.0
2008,Q2,RPSR,primaryid,True,8856,8856,0.0,0.0
2008,Q2,RPSR,caseid,True,8856,8856,0.0,0.0
2008,Q2,RPSR,rpsr_cod,True,8856,8856,0.0,0.0
2008,Q2,THER,primaryid,True,25159,25159,0.0,0.0
2008,Q2,THER,caseid,True,25159,25159,0.0,0.0
2008,Q2,THER,start_dt,True,25159,25159,0.0,0.10850987718112802
2008,Q2,THER,end_dt,True,25159,25159,0.0,0.39234468778568304
2008,Q2,THER,dur,True,25159,25159,0.0,0.7700624031161811
2008,Q2,THER,dur_cod,True,25159,25159,0.0,0.7699829087006638
2008,Q3,DEMO,primaryid,True,14397,14397,0.0,0.0
2008,Q3,DEMO,caseid,True,14397,14397,0.0,0.0
2008,Q3,DEMO,age,False,14397,14397,,
2008,Q3,DEMO,age_cod,False,14397,14397,,
2008,Q3,DEMO,wt,False,14397,14397,,
2008,Q3,DEMO,wt_cod,False,14397,14397,,
2008,Q3,DEMO,rept_cod,True,14397,14397,0.0,0.0
2008,Q3,DEMO,e_sub,True,14397,14397,0.0,0.0
2008,Q3,DEMO,reporter_country,True,14397,14397,0.0,0.018198235743557684
2008,Q3,DEMO,occr_country,True,14397,14397,0.0,1.0
2008,Q3,DEMO,event_dt,True,14397,14397,0.0,0.2109467250121553
2008,Q3,DEMO,fda_dt,True,14397,14397,0.0,0.0
2008,Q3,DRUG,primaryid,True,63060,63060,0.0,0.0
2008,Q3,DRUG,caseid,True,63060,63060,0.0,0.0
2008,Q3,DRUG,drugname,True,63060,63060,0.0,0.0
2008,Q3,DRUG,prod_ai,True,63060,63060,0.0,1.0
2008,Q3,DRUG,role_cod,True,63060,63060,0.0,0.0
2008,Q3,INDI,primaryid,True,25226,25226,0.0,0.0
2008,Q3,INDI,caseid,True,25226,25226,0.0,0.0
2008,Q3,INDI,indi_pt,True,25226,25226,0.0,0.0
2008,Q3,RPSR,primaryid,True,9269,9269,0.0,0.0
2008,Q3,RPSR,caseid,True,9269,9269,0.0,0.0
2008,Q3,RPSR,rpsr_cod,True,9269,9269,0.0,0.0
2008,Q3,THER,primaryid,True,24323,24323,0.0,0.0
2008,Q3,THER,caseid,True,24323,24323,0.0,0.0
2008,Q3,THER,start_dt,True,24323,24323,0.0,0.10426345434362537
2008,Q3,THER,end_dt,True,24323,24323,0.0,0.38112074990749495
2008,Q3,THER,dur,True,24323,24323,0.0,0.7948443859721251
2008,Q3,THER,dur_cod,True,24323,24323,0.0,0.7948032726226205
2008,Q4,DEMO,primaryid,True,14402,14402,0.0,0.0
2008,Q4,DEMO,caseid,True,14402,14402,0.0,0.0
2008,Q4,DEMO,age,False,14402,14402,,
2008,Q4,DEMO,age_cod,False,14402,14402,,
2008,Q4,DEMO,wt,False,14402,14402,,
2008,Q4,DEMO,wt_cod,False,14402,14402,,
2008,Q4,DEMO,rept_cod,True,14402,14402,0.0,0.0
2008,Q4,DEMO,e_sub,True,14402,14402,0.0,0.0
2008,Q4,DEMO,reporter_country,True,14402,14402,0.0,0.032495486737953064
2008,Q4,DEMO,occr_country,True,14402,14402,0.0,1.0
2008,Q4,DEMO,event_dt,True,14402,14402,0.0,0.2509373698097486
2008,Q4,DEMO,fda_dt,True,14402,14402,0.0,0.0
2008,Q4,DRUG,primaryid,True,64151,64151,0.0,0.0
2008,Q4,DRUG,caseid,True,64151,64151,0.0,0.0
2008,Q4,DRUG,drugname,True,64151,64151,0.0,0.0
2008,Q4,DRUG,prod_ai,True,64151,64151,0.0,1.0
2008,Q4,DRUG,role_cod,True,64151,64151,0.0,0.0
2008,Q4,INDI,primaryid,True,25615,25615,0.0,0.0
2008,Q4,INDI,caseid,True,25615,25615,0.0,0.0
2008,Q4,INDI,indi_pt,True,25615,25615,0.0,0.0
2008,Q4,RPSR,primaryid,True,7341,7341,0.0,0.0
2008,Q4,RPSR,caseid,True,7341,7341,0.0,0.0
2008,Q4,RPSR,rpsr_cod,True,7341,7341,0.0,0.0
2008,Q4,THER,primaryid,True,23551,23551,0.0,0.0
2008,Q4,THER,caseid,True,23551,23551,0.0,0.0
2008,Q4,THER,start_dt,True,23551,23551,0.0,0.11201222878009426
2008,Q4,THER,end_dt,True,23551,23551,0.0,0.4025731391448346
2008,Q4,THER,dur,True,23551,23551,0.0,0.762218164833765
2008,Q4,THER,dur_cod,True,23551,23551,0.0,0.7627701583796866
2009,Q1,DEMO,primaryid,True,13000,13000,0.0,0.0
2009,Q1,DEMO,caseid,True,13000,13000,0.0,0.0
2009,Q1,DEMO,age,False,13000,13000,,
2009,Q1,DEMO,age_cod,False,13000,13000,,
2009,Q1,DEMO,wt,False,13000,13000,,
2009,Q1,DEMO,wt_cod,False,13000,13000,,
2009,Q1,DEMO,rept_cod,True,13000,13000,0.0,0.0
2009,Q1,DEMO,e_sub,True,13000,13000,0.0,0.0
2009,Q1,DEMO,reporter_country,True,13000,13000,0.0,0.035923076923076926
2009,Q1,DEMO,occr_country,True,13000,13000,0.0,1.0
2009,Q1,DEMO,event_dt,True,13000,13000,0.0,0.21884615384615386
2009,Q1,DEMO,fda_dt,True,13000,13000,0.0,0.0
2009,Q1,DRUG,primaryid,True,59782,59782,0.0,0.0
2009,Q1,DRUG,caseid,True,59782,59782,0.0,0.0
2009,Q1,DRUG,drugname,True,59782,59782,0.0,0.0
2009,Q1,DRUG,prod_ai,True,59782,59782,0.0,1.0
2009,Q1,DRUG,role_cod,True,59782,59782,0.0,0.0
2009,Q1,INDI,primaryid,True,26085,26085,0.0,0.0
2009,Q1,INDI,caseid,True,26085,26085,0.0,0.0
2009,Q1,INDI,indi_pt,True,26085,26085,0.0,0.0
2009,Q1,RPSR,primaryid,True,6876,6876,0.0,0.0
2009,Q1,RPSR,caseid,True,6876,6876,0.0,0.0
2009,Q1,RPSR,rpsr_cod,True,6876,6876,0.0,0.0
2009,Q1,THER,primaryid,True,22067,22067,0.0,0.0
2009,Q1,THER,caseid,True,22067,22067,0.0,0.0
2009,Q1,THER,start_dt,True,22067,22067,0.0,0.119409072370508
2009,Q1,THER,end_dt,True,22067,22067,0.0,0.39044727421035935
2009,Q1,THER,dur,True,22067,22067,0.0,0.7577831150586849
2009,Q1,THER,dur_cod,True,22067,22067,0.0,0.7576471654506729
2009,Q2,DEMO,primaryid,True,13099,13099,0.0,0.0
2009,Q2,DEMO,caseid,True,13099,13099,0.0,0.0
2009,Q2,DEMO,age,False,13099,13099,,
2009,Q2,DEMO,age_cod,False,13099,13099,,
2009,Q2,DEMO,wt,False,13099,13099,,
2009,Q2,DEMO,wt_cod,False,13099,13099,,
2009,Q2,DEMO,rept_cod,True,13099,13099,0.0,0.0
2009,Q2,DEMO,e_sub,True,13099,13099,0.0,0.0
2009,Q2,DEMO,reporter_country,True,13099,13099,0.0,0.03397205893579663
2009,Q2,DEMO,occr_country,True,13099,13099,0.0,1.0
2009,Q2,DEMO,event_dt,True,13099,13099,0.0,0.25742423085731736
2009,Q2,DEMO,fda_dt,True,13099,13099,0.0,0.0
2009,Q2,DRUG,primaryid,True,61087,61087,0.0,0.0
2009,Q2,DRUG,caseid,True,61087,61087,0.0,0.0
2009,Q2,DRUG,drugname,True,61087,61087,0.0,0.0
2009,Q2,DRUG,prod_ai,True,61087,61087,0.0,1.0
2009,Q2,DRUG,role_cod,True,61087,61087,0.0,0.0
2009,Q2,INDI,primaryid,True,26218,26218,0.0,0.0
2009,Q2,INDI,caseid,True,26218,26218,0.0,0.0
2009,Q2,INDI,indi_pt,True,26218,26218,0.0,0.0
2009,Q2,RPSR,primaryid,True,6644,6644,0.0,0.0
2009,Q2,RPSR,caseid,True,6644,6644,0.0,0.0
2009,Q2,RPSR,rpsr_cod,True,6644,6644,0.0,0.0
2009,Q2,THER,primaryid,True,22316,22316,0.0,0.0
2009,Q2,THER,caseid,True,22316,22316,0.0,0.0
2009,Q2,THER,start_dt,True,22316,22316,0.0,0.08751568381430364
2009,Q2,THER,end_dt,True,22316,22316,0.0,0.4129324251658003
2009,Q2,THER,dur,True,22316,22316,0.0,0.7547051442910916
2009,Q2,THER,dur_cod,True,22316,22316,0.0,0.7555565513532891
2009,Q3,DEMO,primaryid,True,12996,12996,0.0,0.0
2009,Q3,DEMO,caseid,True,12996,12996,0.0,0.0
2009,Q3,DEMO,age,False,12996,12996,,
2009,Q3,DEMO,age_cod,False,12996,12996,,
2009,Q3,DEMO,wt,False,12996,12996,,
2009,Q3,DEMO,wt_cod,False,12996,12996,,
2009,Q3,DEMO,rept_cod,True,12996,12996,0.0,0.0
2009,Q3,DEMO,e_sub,True,12996,12996,0.0,0.0
2009,Q3,DEMO,reporter_country,True,12996,12996,0.0,0.03585718682671591
2009,Q3,DEMO,occr_country,True,12996,12996,0.0,1.0
2009,Q3,DEMO,event_dt,True,12996,12996,0.0,0.23491843644198215
2009,Q3,DEMO,fda_dt,True,12996,12996,0.0,0.0
2009,Q3,DRUG,primaryid,True,64162,64162,0.0,0.0
2009,Q3,DRUG,caseid,True,64162,64162,0.0,0.0
2009,Q3,DRUG,drugname,True,64162,64162,0.0,0.0
2009,Q3,DRUG,prod_ai,True,64162,64162,0.0,1.0
2009,Q3,DRUG,role_cod,True,64162,64162,0.0,0.0
2009,Q3,INDI,primaryid,True,26226,26226,0.0,0.0
2009,Q3,INDI,caseid,True,26226,26226,0.0,0.0
2009,Q3,INDI,indi_pt,True,26226,26226,0.0,0.0
2009,Q3,RPSR,primaryid,True,6454,6454,0.0,0.0
2009,Q3,RPSR,caseid,True,6454,6454,0.0,0.0
2009,Q3,RPSR,rpsr_cod,True,6454,6454,0.0,0.0
2009,Q3,THER,primaryid,True,23202,23202,0.0,0.0
2009,Q3,THER,caseid,True,23202,23202,0.0,0.0
2009,Q3,THER,start_dt,True,23202,23202,0.0,0.09658650116369279
2009,Q3,THER,end_dt,True,23202,23202,0.0,0.4188001034393587
2009,Q3,THER,dur,True,23202,23202,0.0,0.7637272648909577
2009,Q3,THER,dur_cod,True,23202,23202,0.0,0.7633824670287044
2009,Q4,DEMO,primaryid,True,16107,16107,0.0,0.0
2009,Q4,DEMO,caseid,True,16107,16107,0.0,0.0
2009,Q4,DEMO,age,False,16107,16107,,
2009,Q4,DEMO,age_cod,False,16107,16107,,
2009,Q4,DEMO,wt,False,16107,16107,,
2009,Q4,DEMO,wt_cod,False,16107,16107,,
2009,Q4,DEMO,rept_cod,True,16107,16107,0.0,0.0
2009,Q4,DEMO,e_sub,True,16107,16107,0.0,0.0
2009,Q4,DEMO,reporter_country,True,16107,16107,0.0,0.026013534488110758
2009,Q4,DEMO,occr_country,True,16107,16107,0.0,1.0
2009,Q4,DEMO,event_dt,True,16107,16107,0.0,0.26665424970509716
2009,Q4,DEMO,fda_dt,True,16107,16107,0.0,0.0
2009,Q4,DRUG,primaryid,True,76656,76656,0.0,0.0
2009,Q4,DRUG,caseid,True,76656,76656,0.0,0.0
2009,Q4,DRUG,drugname,True,76656,76656,0.0,0.0
2009,Q4,DRUG,prod_ai,True,76656,76656,0.0,1.0
2009,Q4,DRUG,role_cod,True,76656,76656,0.0,0.0
2009,Q4,INDI,primaryid,True,30150,30150,0.0,0.0
2009,Q4,INDI,caseid,True,30150,30150,0.0,0.0
2009,Q4,INDI,indi_pt,True,30150,30150,0.0,0.0
2009,Q4,RPSR,primaryid,True,7335,7335,0.0,0.0
2009,Q4,RPSR,caseid,True,7335,7335,0.0,0.0
2009,Q4,RPSR,rpsr_cod,True,7335,7335,0.0,0.0
2009,Q4,THER,primaryid,True,28056,28056,0.0,0.0
2009,Q4,THER,caseid,True,28056,28056,0.0,0.0
2009,Q4,THER,start_dt,True,28056,28056,0.0,0.09901625320786997
2009,Q4,THER,end_dt,True,28056,28056,0.0,0.4101796407185629
2009,Q4,THER,dur,True,28056,28056,0.0,0.751996007984032
2009,Q4,THER,dur_cod,True,28056,28056,0.0,0.751710863986313
2010,Q1,DEMO,primaryid,True,15060,15060,0.0,0.0
2010,Q1,DEMO,caseid,True,15060,15060,0.0,0.0
2010,Q1,DEMO,age,False,15060,15060,,
2010,Q1,DEMO,age_cod,False,15060,15060,,
2010,Q1,DEMO,wt,False,15060,15060,,
2010,Q1,DEMO,wt_cod,False,15060,15060,,
2010,Q1,DEMO,rept_cod,True,15060,15060,0.0,0.0
2010,Q1,DEMO,e_sub,True,15060,15060,0.0,0.0
2010,Q1,DEMO,reporter_country,True,15060,15060,0.0,0.028154050464807436
2010,Q1,DEMO,occr_country,True,15060,15060,0.0,1.0
2010,Q1,DEMO,event_dt,True,15060,15060,0.0,0.2452855245683931
2010,Q1,DEMO,fda_dt,True,15060,15060,0.0,0.0
2010,Q1,DRUG,primaryid,True,74631,74631,0.0,0.0
2010,Q1,DRUG,caseid,True,74631,74631,0.0,0.0
2010,Q1,DRUG,drugname,True,74631,74631,0.0,0.0
2010,Q1,DRUG,prod_ai,True,74631,74631,0.0,1.0
2010,Q1,DRUG,role_cod,True,74631,74631,0.0,0.0
2010,Q1,INDI,primaryid,True,32457,32457,0.0,0.0
2010,Q1,INDI,caseid,True,32457,32457,0.0,0.0
2010,Q1,INDI,indi_pt,True,32457,32457,0.0,0.0
2010,Q1,RPSR,primaryid,True,5555,5555,0.0,0.0
2010,Q1,RPSR,caseid,True,5555,5555,0.0,0.0
2010,Q1,RPSR,rpsr_cod,True,5555,5555,0.0,0.0
2010,Q1,THER,primaryid,True,29919,29919,0.0,0.0
2010,Q1,THER,caseid,True,29919,29919,0.0,0.0
2010,Q1,THER,start_dt,True,29919,29919,0.0,0.0922490724957385
2010,Q1,THER,end_dt,True,29919,29919,0.0,0.41044152545205387
2010,Q1,THER,dur,True,29919,29919,0.0,0.757445101774792
2010,Q1,THER,dur_cod,True,29919,29919,0.0,0.7574116781978008
2010,Q2,DEMO,primaryid,True,25897,25897,0.0,0.0
2010,Q2,DEMO,caseid,True,25897,25897,0.0,0.0
2010,Q2,DEMO,age,False,25897,25897,,
2010,Q2,DEMO,age_cod,False,25897,25897,,
2010,Q2,DEMO,wt,False,25897,25897,,
2010,Q2,DEMO,wt_cod,False,25897,25897,,
2010,Q2,DEMO,rept_cod,True,25897,25897,0.0,0.0
2010,Q2,DEMO,e_sub,True,25897,25897,0.0,0.0
2010,Q2,DEMO,reporter_country,True,25897,25897,0.0,0.027030157933351354
2010,Q2,DEMO,occr_country,True,25897,25897,0.0,1.0
2010,Q2,DEMO,event_dt,True,25897,25897,0.0,0.19330424373479554
2010,Q2,DEMO,fda_dt,True,25897,25897,0.0,0.0
2010,Q2,DRUG,primaryid,True,138085,138085,0.0,0.0
2010,Q2,DRUG,caseid,True,138085,138085,0.0,0.0
2010,Q2,DRUG,drugname,True,138085,138085,0.0,0.0
2010,Q2,DRUG,prod_ai,True,138085,138085,0.0,1.0
2010,Q2,DRUG,role_cod,True,138085,138085,0.0,0.0
2010,Q2,INDI,primaryid,True,63343,63343,0.0,0.0
2010,Q2,INDI,caseid,True,63343,63343,0.0,0.0
2010,Q2,INDI,indi_pt,True,63343,63343,0.0,0.0
2010,Q2,RPSR,primaryid,True,6257,6257,0.0,0.0
2010,Q2,RPSR,caseid,True,6257,6257,0.0,0.0
2010,Q2,RPSR,rpsr_cod,True,6257,6257,0.0,0.0
2010,Q2,THER,primaryid,True,58005,58005,0.0,0.0
2010,Q2,THER,caseid,True,58005,58005,0.0,0.0
2010,Q2,THER,start_dt,True,58005,58005,0.0,0.0853202310145677
2010,Q2,THER,end_dt,True,58005,58005,0.0,0.44272045513317815
2010,Q2,THER,dur,True,58005,58005,0.0,0.7726920093095423
2010,Q2,THER,dur_cod,True,58005,58005,0.0,0.7725885699508663
2010,Q3,DEMO,primaryid,True,33616,33616,0.0,0.0
2010,Q3,DEMO,caseid,True,33616,33616,0.0,0.0
2010,Q3,DEMO,age,False,33616,33616,,
2010,Q3,DEMO,age_cod,False,33616,33616,,
2010,Q3,DEMO,wt,False,33616,33616,,
2010,Q3,DEMO,wt_cod,False,33616,33616,,
2010,Q3,DEMO,rept_cod,True,33616,33616,0.0,0.0
2010,Q3,DEMO,e_sub,True,33616,33616,0.0,0.0
2010,Q3,DEMO,reporter_country,True,33616,33616,0.0,0.020168967158495955
2010,Q3,DEMO,occr_country,True,33616,33616,0.0,1.0
2010,Q3,DEMO,event_dt,True,33616,33616,0.0,0.17875416468348407
2010,Q3,DEMO,fda_dt,True,33616,33616,0.0,0.0
2010,Q3,DRUG,primaryid,True,176389,176389,0.0,0.0
2010,Q3,DRUG,caseid,True,176389,176389,0.0,0.0
2010,Q3,DRUG,drugname,True,176389,176389,0.0,0.0
2010,Q3,DRUG,prod_ai,True,176389,176389,0.0,1.0
2010,Q3,DRUG,role_cod,True,176389,176389,0.0,0.0
2010,Q3,INDI,primaryid,True,83283,83283,0.0,0.0
2010,Q3,INDI,caseid,True,83283,83283,0.0,0.0
2010,Q3,INDI,indi_pt,True,83283,83283,0.0,0.0
2010,Q3,RPSR,primaryid,True,6511,6511,0.0,0.0
2010,Q3,RPSR,caseid,True,6511,6511,0.0,0.0
2010,Q3,RPSR,rpsr_cod,True,6511,6511,0.0,0.0
2010,Q3,THER,primaryid,True,65650,65650,0.0,0.0
2010,Q3,THER,caseid,True,65650,65650,0.0,0.0
2010,Q3,THER,start_dt,True,65650,65650,0.0,0.08060929169840061
2010,Q3,THER,end_dt,True,65650,65650,0.0,0.48435643564356434
2010,Q3,THER,dur,True,65650,65650,0.0,0.8033968012185834
2010,Q3,THER,dur_cod,True,65650,65650,0.0,0.8032444782939833
2010,Q4,DEMO,primaryid,True,28310,28310,0.0,0.0
2010,Q4,DEMO,caseid,True,28310,28310,0.0,0.0
2010,Q4,DEMO,age,False,28310,28310,,
2010,Q4,DEMO,age_cod,False,28310,28310,,
2010,Q4,DEMO,wt,False,28310,28310,,
2010,Q4,DEMO,wt_cod,False,28310,28310,,
2010,Q4,DEMO,rept_cod,True,28310,28310,0.0,0.0
2010,Q4,DEMO,e_sub,True,28310,28310,0.0,0.0
2010,Q4,DEMO,reporter_country,True,28310,28310,0.0,0.031049099258212646
2010,Q4,DEMO,occr_country,True,28310,28310,0.0,1.0
2010,Q4,DEMO,event_dt,True,28310,28310,0.0,0.2330625220770046
2010,Q4,DEMO,fda_dt,True,28310,28310,0.0,0.0
2010,Q4,DRUG,primaryid,True,144374,144374,0.0,0.0
2010,Q4,DRUG,caseid,True,144374,144374,0.0,0.0
2010,Q4,DRUG,drugname,True,144374,144374,0.0,0.0
2010,Q4,DRUG,prod_ai,True,144374,144374,0.0,1.0
2010,Q4,DRUG,role_cod,True,144374,144374,0.0,0.0
2010,Q4,INDI,primaryid,True,64610,64610,0.0,0.0
2010,Q4,INDI,caseid,True,64610,64610,0.0,0.0
2010,Q4,INDI,indi_pt,True,64610,64610,0.0,0.0
2010,Q4,RPSR,primaryid,True,6161,6161,0.0,0.0
2010,Q4,RPSR,caseid,True,6161,6161,0.0,0.0
2010,Q4,RPSR,rpsr_cod,True,6161,6161,0.0,0.0
2010,Q4,THER,primaryid,True,57992,57992,0.0,0.0
2010,Q4,THER,caseid,True,57992,57992,0.0,0.0
2010,Q4,THER,start_dt,True,57992,57992,0.0,0.08509794454407504
2010,Q4,THER,end_dt,True,57992,57992,0.0,0.4627017519657884
2010,Q4,THER,dur,True,57992,57992,0.0,0.7612774175748379
2010,Q4,THER,dur_cod,True,57992,57992,0.0,0.7611739550282798
2011,Q1,DEMO,primaryid,True,30705,30705,0.0,0.0
2011,Q1,DEMO,caseid,True,30705,30705,0.0,0.0
2011,Q1,DEMO,age,False,30705,30705,,
2011,Q1,DEMO,age_cod,False,30705,30705,,
2011,Q1,DEMO,wt,False,30705,30705,,
2011,Q1,DEMO,wt_cod,False,30705,30705,,
2011,Q1,DEMO,rept_cod,True,30705,30705,0.0,0.0
2011,Q1,DEMO,e_sub,True,30705,30705,0.0,0.0
2011,Q1,DEMO,reporter_country,True,30705,30705,0.0,0.02370949356782283
2011,Q1,DEMO,occr_country,True,30705,30705,0.0,1.0
2011,Q1,DEMO,event_dt,True,30705,30705,0.0,0.2138088259241166
2011,Q1,DEMO,fda_dt,True,30705,30705,0.0,0.0
2011,Q1,DRUG,primaryid,True,157093,157093,0.0,0.0
2011,Q1,DRUG,caseid,True,157093,157093,0.0,0.0
2011,Q1,DRUG,drugname,True,157093,157093,0.0,0.0
2011,Q1,DRUG,prod_ai,True,157093,157093,0.0,1.0
2011,Q1,DRUG,role_cod,True,157093,157093,0.0,0.0
2011,Q1,INDI,primaryid,True,74813,74813,0.0,0.0
2011,Q1,INDI,caseid,True,74813,74813,0.0,0.0
2011,Q1,INDI,indi_pt,True,74813,74813,0.0,0.0
2011,Q1,RPSR,primaryid,True,7321,7321,0.0,0.0
2011,Q1,RPSR,caseid,True,7321,7321,0.0,0.0
2011,Q1,RPSR,rpsr_cod,True,7321,7321,0.0,0.0
2011,Q1,THER,primaryid,True,64218,64218,0.0,0.0
2011,Q1,THER,caseid,True,64218,64218,0.0,0.0
2011,Q1,THER,start_dt,True,64218,64218,0.0,0.07692547260892585
2011,Q1,THER,end_dt,True,64218,64218,0.0,0.474010402067956
2011,Q1,THER,dur,True,64218,64218,0.0,0.7487776012955869
2011,Q1,THER,dur_cod,True,64218,64218,0.0,0.7486841695474789
2011,Q2,DEMO,primaryid,True,33625,33625,0.0,0.0
2011,Q2,DEMO,caseid,True,33625,33625,0.0,0.0
2011,Q2,DEMO,age,False,33625,33625,,
2011,Q2,DEMO,age_cod,False,33625,33625,,
2011,Q2,DEMO,wt,False,33625,33625,,
2011,Q2,DEMO,wt_cod,False,33625,33625,,
2011,Q2,DEMO,rept_cod,True,33625,33625,0.0,0.0
2011,Q2,DEMO,e_sub,True,33625,33625,0.0,0.0
2011,Q2,DEMO,reporter_country,True,33625,33625,0.0,0.0022007434944237916
2011,Q2,DEMO,occr_country,True,33625,33625,0.0,1.0
2011,Q2,DEMO,event_dt,True,33625,33625,0.0,0.20071375464684016
2011,Q2,DEMO,fda_dt,True,33625,33625,0.0,0.0
2011,Q2,DRUG,primaryid,True,179199,179199,0.0,0.0
2011,Q2,DRUG,caseid,True,179199,179199,0.0,0.0
2011,Q2,DRUG,drugname,True,179199,179199,0.0,0.0
2011,Q2,DRUG,prod_ai,True,179199,179199,0.0,1.0
2011,Q2,DRUG,role_cod,True,179199,179199,0.0,0.0
2011,Q2,INDI,primaryid,True,75456,75456,0.0,0.0
2011,Q2,INDI,caseid,True,75456,75456,0.0,0.0
2011,Q2,INDI,indi_pt,True,75456,75456,0.0,0.0
2011,Q2,RPSR,primaryid,True,6131,6131,0.0,0.0
2011,Q2,RPSR,caseid,True,6131,6131,0.0,0.0
2011,Q2,RPSR,rpsr_cod,True,6131,6131,0.0,0.0
2011,Q2,THER,primaryid,True,80583,80583,0.0,0.0
2011,Q2,THER,caseid,True,80583,80583,0.0,0.0
2011,Q2,THER,start_dt,True,80583,80583,0.0,0.07312956827122345
2011,Q2,THER,end_dt,True,80583,80583,0.0,0.4834642542471737
2011,Q2,THER,dur,True,80583,80583,0.0,0.7340257870766786
2011,Q2,THER,dur_cod,True,80583,80583,0.0,0.733976148815507
2011,Q3,DEMO,primaryid,True,33043,33043,0.0,0.0
2011,Q3,DEMO,caseid,True,33043,33043,0.0,0.0
2011,Q3,DEMO,age,False,33043,33043,,
2011,Q3,DEMO,age_cod,False,33043,33043,,
2011,Q3,DEMO,wt,False,33043,33043,,
2011,Q3,DEMO,wt_cod,False,33043,33043,,
2011,Q3,DEMO,rept_cod,True,33043,33043,0.0,0.0
2011,Q3,DEMO,e_sub,True,33043,33043,0.0,0.0
2011,Q3,DEMO,reporter_country,True,33043,33043,0.0,0.0036316315104560726
2011,Q3,DEMO,occr_country,True,33043,33043,0.0,1.0
2011,Q3,DEMO,event_dt,True,33043,33043,0.0,0.20373452773658565
2011,Q3,DEMO,fda_dt,True,33043,33043,0.0,0.0
2011,Q3,DRUG,primaryid,True,170697,170697,0.0,0.0
2011,Q3,DRUG,caseid,True,170697,170697,0.0,0.0
2011,Q3,DRUG,drugname,True,170697,170697,0.0,0.0
2011,Q3,DRUG,prod_ai,True,170697,170697,0.0,1.0
2011,Q3,DRUG,role_cod,True,170697,170697,0.0,0.0
2011,Q3,INDI,primaryid,True,77112,77112,0.0,0.0
2011,Q3,INDI,caseid,True,77112,77112,0.0,0.0
2011,Q3,INDI,indi_pt,True,77112,77112,0.0,0.0
2011,Q3,RPSR,primaryid,True,6581,6581,0.0,0.0
2011,Q3,RPSR,caseid,True,6581,6581,0.0,0.0
2011,Q3,RPSR,rpsr_cod,True,6581,6581,0.0,0.0
2011,Q3,THER,primaryid,True,74050,74050,0.0,0.0
2011,Q3,THER,caseid,True,74050,74050,0.0,0.0
2011,Q3,THER,start_dt,True,74050,74050,0.0,0.07305874409182984
2011,Q3,THER,end_dt,True,74050,74050,0.0,0.4846590141796084
2011,Q3,THER,dur,True,74050,74050,0.0,0.7519783929777177
2011,Q3,THER,dur_cod,True,74050,74050,0.0,0.7518298446995273
2011,Q4,DEMO,primaryid,True,36268,36268,0.0,0.0
2011,Q4,DEMO,caseid,True,36268,36268,0.0,0.0
2011,Q4,DEMO,age,False,36268,36268,,
2011,Q4,DEMO,age_cod,False,36268,36268,,
2011,Q4,DEMO,wt,False,36268,36268,,
2011,Q4,DEMO,wt_cod,False,36268,36268,,
2011,Q4,DEMO,rept_cod,True,36268,36268,0.0,0.0
2011,Q4,DEMO,e_sub,True,36268,36268,0.0,0.0
2011,Q4,DEMO,reporter_country,True,36268,36268,0.0,0.003281129370243741
2011,Q4,DEMO,occr_country,True,36268,36268,0.0,1.0
2011,Q4,DEMO,event_dt,True,36268,36268,0.0,0.21456931730451087
2011,Q4,DEMO,fda_dt,True,36268,36268,0.0,0.0
2011,Q4,DRUG,primaryid,True,169801,169801,0.0,0.0
2011,Q4,DRUG,caseid,True,169801,169801,0.0,0.0
2011,Q4,DRUG,drugname,True,169801,169801,0.0,0.0
2011,Q4,DRUG,prod_ai,True,169801,169801,0.0,1.0
2011,Q4,DRUG,role_cod,True,169801,169801,0.0,0.0
2011,Q4,INDI,primaryid,True,74774,74774,0.0,0.0
2011,Q4,INDI,caseid,True,74774,74774,0.0,0.0
2011,Q4,INDI,indi_pt,True,74774,74774,0.0,0.0
2011,Q4,RPSR,primaryid,True,6594,6594,0.0,0.0
2011,Q4,RPSR,caseid,True,6594,6594,0.0,0.0
2011,Q4,RPSR,rpsr_cod,True,6594,6594,0.0,0.0
2011,Q4,THER,primaryid,True,71920,71920,0.0,0.0
2011,Q4,THER,caseid,True,71920,71920,0.0,0.0
2011,Q4,THER,start_dt,True,71920,71920,0.0,0.07502780867630701
2011,Q4,THER,end_dt,True,71920,71920,0.0,0.4861651835372636
2011,Q4,THER,dur,True,71920,71920,0.0,0.7579115684093437
2011,Q4,THER,dur_cod,True,71920,71920,0.0,0.7579254727474972
2012,Q1,DEMO,primaryid,True,38630,38630,0.0,0.0
2012,Q1,DEMO,caseid,True,38630,38630,0.0,0.0
2012,Q1,DEMO,age,False,38630,38630,,
2012,Q1,DEMO,age_cod,False,38630,38630,,
2012,Q1,DEMO,wt,False,38630,38630,,
2012,Q1,DEMO,wt_cod,False,38630,38630,,
2012,Q1,DEMO,rept_cod,True,38630,38630,0.0,0.0
2012,Q1,DEMO,e_sub,True,38630,38630,0.0,0.0
2012,Q1,DEMO,reporter_country,True,38630,38630,0.0,0.0038571058762619727
2012,Q1,DEMO,occr_country,True,38630,38630,0.0,1.0
2012,Q1,DEMO,event_dt,True,38630,38630,0.0,0.20908620243334197
2012,Q1,DEMO,fda_dt,True,38630,38630,0.0,0.0
2012,Q1,DRUG,primaryid,True,190667,190667,0.0,0.0
2012,Q1,DRUG,caseid,True,190667,190667,0.0,0.0
2012,Q1,DRUG,drugname,True,190667,190667,0.0,0.0
2012,Q1,DRUG,prod_ai,True,190667,190667,0.0,1.0
2012,Q1,DRUG,role_cod,True,190667,190667,0.0,0.0
2012,Q1,INDI,primaryid,True,91015,91015,0.0,0.0
2012,Q1,INDI,caseid,True,91015,91015,0.0,0.0
2012,Q1,INDI,indi_pt,True,91015,91015,0.0,0.0
2012,Q1,RPSR,primaryid,True,10933,10933,0.0,0.0
2012,Q1,RPSR,caseid,True,10933,10933,0.0,0.0
2012,Q1,RPSR,rpsr_cod,True,10933,10933,0.0,0.0
2012,Q1,THER,primaryid,True,79074,79074,0.0,0.0
2012,Q1,THER,caseid,True,79074,79074,0.0,0.0
2012,Q1,THER,start_dt,True,79074,79074,0.0,0.08156916306244784
2012,Q1,THER,end_dt,True,79074,79074,0.0,0.4975845410628019
2012,Q1,THER,dur,True,79074,79074,0.0,0.7874649062903103
2012,Q1,THER,dur_cod,True,79074,79074,0.0,0.7873763816172193
2012,Q2,DEMO,primaryid,True,40245,40245,0.0,0.0
2012,Q2,DEMO,caseid,True,40245,40245,0.0,0.0
2012,Q2,DEMO,age,False,40245,40245,,
2012,Q2,DEMO,age_cod,False,40245,40245,,
2012,Q2,DEMO,wt,False,40245,40245,,
2012,Q2,DEMO,wt_cod,False,40245,40245,,
2012,Q2,DEMO,rept_cod,True,40245,40245,0.0,0.0
2012,Q2,DEMO,e_sub,True,40245,40245,0.0,0.0
2012,Q2,DEMO,reporter_country,True,40245,40245,0.0,0.004248975027953783
2012,Q2,DEMO,occr_country,True,40245,40245,0.0,1.0
2012,Q2,DEMO,event_dt,True,40245,40245,0.0,0.24261398931544292
2012,Q2,DEMO,fda_dt,True,40245,40245,0.0,0.0
2012,Q2,DRUG,primaryid,True,191624,191624,0.0,0.0
2012,Q2,DRUG,caseid,True,191624,191624,0.0,0.0
2012,Q2,DRUG,drugname,True,191624,191624,0.0,0.0
2012,Q2,DRUG,prod_ai,True,191624,191624,0.0,1.0
2012,Q2,DRUG,role_cod,True,191624,191624,0.0,0.0
2012,Q2,INDI,primaryid,True,82142,82142,0.0,0.0
2012,Q2,INDI,caseid,True,82142,82142,0.0,0.0
2012,Q2,INDI,indi_pt,True,82142,82142,0.0,0.0
2012,Q2,RPSR,primaryid,True,12307,12307,0.0,0.0
2012,Q2,RPSR,caseid,True,12307,12307,0.0,0.0
2012,Q2,RPSR,rpsr_cod,True,12307,12307,0.0,0.0
2012,Q2,THER,primaryid,True,79557,79557,0.0,0.0
2012,Q2,THER,caseid,True,79557,79557,0.0,0.0
2012,Q2,THER,start_dt,True,79557,79557,0.0,0.07148333898965521
2012,Q2,THER,end_dt,True,79557,79557,0.0,0.5002576768857548
2012,Q2,THER,dur,True,79557,79557,0.0,0.793481403270611
2012,Q2,THER,dur_cod,True,79557,79557,0.0,0.7933557072287793
2012,Q3,DEMO,primaryid,True,23694,23694,0.0,0.0
2012,Q3,DEMO,caseid,True,23694,23694,0.0,0.0
2012,Q3,DEMO,age,False,23694,23694,,
2012,Q3,DEMO,age_cod,False,23694,23694,,
2012,Q3,DEMO,wt,False,23694,23694,,
2012,Q3,DEMO,wt_cod,False,23694,23694,,
2012,Q3,DEMO,rept_cod,True,23694,23694,0.0,0.0
2012,Q3,DEMO,e_sub,True,23694,23694,0.0,0.0
2012,Q3,DEMO,reporter_country,True,23694,23694,0.0,0.003123153540980839
2012,Q3,DEMO,occr_country,True,23694,23694,0.0,1.0
2012,Q3,DEMO,event_dt,True,23694,23694,0.0,0.23934329366084242
2012,Q3,DEMO,fda_dt,True,23694,23694,0.0,0.0
2012,Q3,DRUG,primaryid,True,114376,114376,0.0,0.0
2012,Q3,DRUG,caseid,True,114376,114376,0.0,0.0
2012,Q3,DRUG,drugname,True,114376,114376,0.0,0.0
2012,Q3,DRUG,prod_ai,True,114376,114376,0.0,1.0
2012,Q3,DRUG,role_cod,True,114376,114376,0.0,0.0
2012,Q3,INDI,primaryid,True,52810,52810,0.0,0.0
2012,Q3,INDI,caseid,True,52810,52810,0.0,0.0
2012,Q3,INDI,indi_pt,True,52810,52810,0.0,0.0
2012,Q3,RPSR,primaryid,True,2473,2473,0.0,0.0
2012,Q3,RPSR,caseid,True,2473,2473,0.0,0.0
2012,Q3,RPSR,rpsr_cod,True,2473,2473,0.0,0.0
2012,Q3,THER,primaryid,True,48192,48192,0.0,0.0
2012,Q3,THER,caseid,True,48192,48192,0.0,0.0
2012,Q3,THER,start_dt,True,48192,48192,0.0,0.07748173970783533
2012,Q3,THER,end_dt,True,48192,48192,0.0,0.49933598937583
2012,Q3,THER,dur,True,48192,48192,0.0,0.7794862217795485
2012,Q3,THER,dur_cod,True,48192,48192,0.0,0.7793824701195219
2012,Q4,DEMO,primaryid,True,41488,41488,0.0,0.0
2012,Q4,DEMO,caseid,True,41488,41488,0.0,0.0
2012,Q4,DEMO,age,False,41488,41488,,
2012,Q4,DEMO,age_cod,False,41488,41488,,
2012,Q4,DEMO,wt,False,41488,41488,,
2012,Q4,DEMO,wt_cod,False,41488,41488,,
2012,Q4,DEMO,rept_cod,True,41488,41488,0.0,0.0
2012,Q4,DEMO,e_sub,True,41488,41488,0.0,0.0
2012,Q4,DEMO,reporter_country,True,41488,41488,0.0,0.0
2012,Q4,DEMO,occr_country,True,41488,41488,0.0,0.12283069803316622
2012,Q4,DEMO,event_dt,True,41488,41488,0.0,0.2655466640956421
2012,Q4,DEMO,fda_dt,True,41488,41488,0.0,0.0
2012,Q4,DRUG,primaryid,True,183166,183166,0.0,0.0
2012,Q4,DRUG,caseid,True,183166,183166,0.0,0.0
2012,Q4,DRUG,drugname,True,183166,183166,0.0,0.0
2012,Q4,DRUG,prod_ai,True,183166,183166,0.0,1.0
2012,Q4,DRUG,role_cod,True,183166,183166,0.0,0.0
2012,Q4,INDI,primaryid,True,95193,95193,0.0,0.0
2012,Q4,INDI,caseid,True,95193,95193,0.0,0.0
2012,Q4,INDI,indi_pt,True,95193,95193,0.0,0.0
2012,Q4,RPSR,primaryid,True,6508,6508,0.0,0.0
2012,Q4,RPSR,caseid,True,6508,6508,0.0,0.0
2012,Q4,RPSR,rpsr_cod,True,6508,6508,0.0,0.0
2012,Q4,THER,primaryid,True,80314,80314,0.0,0.0
2012,Q4,THER,caseid,True,80314,80314,0.0,0.0
2012,Q4,THER,start_dt,True,80314,80314,0.0,0.0703239783848395
2012,Q4,THER,end_dt,True,80314,80314,0.0,0.48324077993874043
2012,Q4,THER,dur,True,80314,80314,0.0,0.9925666757974948
2012,Q4,THER,dur_cod,True,80314,80314,0.0,0.9925666757974948
2013,Q1,DEMO,primaryid,True,38693,38693,0.0,0.0
2013,Q1,DEMO,caseid,True,38693,38693,0.0,0.0
2013,Q1,DEMO,age,False,38693,38693,,
2013,Q1,DEMO,age_cod,False,38693,38693,,
2013,Q1,DEMO,wt,False,38693,38693,,
2013,Q1,DEMO,wt_cod,False,38693,38693,,
2013,Q1,DEMO,rept_cod,True,38693,38693,0.0,0.0
2013,Q1,DEMO,e_sub,True,38693,38693,0.0,0.0
2013,Q1,DEMO,reporter_country,True,38693,38693,0.0,2.5844467991626394e-05
2013,Q1,DEMO,occr_country,True,38693,38693,0.0,0.2884501072545422
2013,Q1,DEMO,event_dt,True,38693,38693,0.0,0.28322952472023366
2013,Q1,DEMO,fda_dt,True,38693,38693,0.0,0.0
2013,Q1,DRUG,primaryid,True,169957,169957,0.0,0.0
2013,Q1,DRUG,caseid,True,169957,169957,0.0,0.0
2013,Q1,DRUG,drugname,True,169957,169957,0.0,0.0
2013,Q1,DRUG,prod_ai,True,169957,169957,0.0,1.0
2013,Q1,DRUG,role_cod,True,169957,169957,0.0,5.883841206893508e-06
2013,Q1,INDI,primaryid,True,86230,86230,0.0,0.0
2013,Q1,INDI,caseid,True,86230,86230,0.0,0.0
2013,Q1,INDI,indi_pt,True,86230,86230,0.0,0.0
2013,Q1,RPSR,primaryid,True,15932,15932,0.0,0.0
2013,Q1,RPSR,caseid,True,15932,15932,0.0,0.0
2013,Q1,RPSR,rpsr_cod,True,15932,15932,0.0,0.0
2013,Q1,THER,primaryid,True,66368,66368,0.0,0.0
2013,Q1,THER,caseid,True,66368,66368,0.0,0.0
2013,Q1,THER,start_dt,True,66368,66368,0.0,0.06094804725168756
2013,Q1,THER,end_dt,True,66368,66368,0.0,0.5156852700096431
2013,Q1,THER,dur,True,66368,66368,0.0,0.9888500482160077
2013,Q1,THER,dur_cod,True,66368,66368,0.0,0.9887897782063645
2013,Q2,DEMO,primaryid,True,36871,36871,0.0,0.0
2013,Q2,DEMO,caseid,True,36871,36871,0.0,0.0
2013,Q2,DEMO,age,False,36871,36871,,
2013,Q2,DEMO,age_cod,False,36871,36871,,
2013,Q2,DEMO,wt,False,36871,36871,,
2013,Q2,DEMO,wt_cod,False,36871,36871,,
2013,Q2,DEMO,rept_cod,True,36871,36871,0.0,0.0
2013,Q2,DEMO,e_sub,True,36871,36871,0.0,0.0
2013,Q2,DEMO,reporter_country,True,36871,36871,0.0,0.0
2013,Q2,DEMO,occr_country,True,36871,36871,0.0,0.15076889696509452
2013,Q2,DEMO,event_dt,True,36871,36871,0.0,0.24789129668303003
2013,Q2,DEMO,fda_dt,True,36871,36871,0.0,0.0
2013,Q2,DRUG,primaryid,True,164116,164116,0.0,0.0
2013,Q2,DRUG,caseid,True,164116,164116,0.0,0.0
2013,Q2,DRUG,drugname,True,164116,164116,0.0,0.0
2013,Q2,DRUG,prod_ai,True,164116,164116,0.0,1.0
2013,Q2,DRUG,role_cod,True,164116,164116,0.0,0.0
2013,Q2,INDI,primaryid,True,87428,87428,0.0,0.0
2013,Q2,INDI,caseid,True,87428,87428,0.0,0.0
2013,Q2,INDI,indi_pt,True,87428,87428,0.0,0.0
2013,Q2,RPSR,primaryid,True,6975,6975,0.0,0.0
2013,Q2,RPSR,caseid,True,6975,6975,0.0,0.0
2013,Q2,RPSR,rpsr_cod,True,6975,6975,0.0,0.0
2013,Q2,THER,primaryid,True,69284,69284,0.0,0.0
2013,Q2,THER,caseid,True,69284,69284,0.0,0.0
2013,Q2,THER,start_dt,True,69284,69284,0.0,0.07134403325443103
2013,Q2,THER,end_dt,True,69284,69284,0.0,0.499336066046995
2013,Q2,THER,dur,True,69284,69284,0.0,0.9925235263552913
2013,Q2,THER,dur_cod,True,69284,69284,0.0,0.9925523930489002
2013,Q3,DEMO,primaryid,True,37814,37814,0.0,0.0
2013,Q3,DEMO,caseid,True,37814,37814,0.0,0.0
2013,Q3,DEMO,age,False,37814,37814,,
2013,Q3,DEMO,age_cod,False,37814,37814,,
2013,Q3,DEMO,wt,False,37814,37814,,
2013,Q3,DEMO,wt_cod,False,37814,37814,,
2013,Q3,DEMO,rept_cod,True,37814,37814,0.0,0.0
2013,Q3,DEMO,e_sub,True,37814,37814,0.0,0.0
2013,Q3,DEMO,reporter_country,True,37814,37814,0.0,0.0
2013,Q3,DEMO,occr_country,True,37814,37814,0.0,0.13658962289099275
2013,Q3,DEMO,event_dt,True,37814,37814,0.0,0.2348865499550431
2013,Q3,DEMO,fda_dt,True,37814,37814,0.0,0.0
2013,Q3,DRUG,primaryid,True,174482,174482,0.0,0.0
2013,Q3,DRUG,caseid,True,174482,174482,0.0,0.0
2013,Q3,DRUG,drugname,True,174482,174482,0.0,0.0
2013,Q3,DRUG,prod_ai,True,174482,174482,0.0,1.0
2013,Q3,DRUG,role_cod,True,174482,174482,0.0,0.0
2013,Q3,INDI,primaryid,True,94660,94660,0.0,0.0
2013,Q3,INDI,caseid,True,94660,94660,0.0,0.0
2013,Q3,INDI,indi_pt,True,94660,94660,0.0,0.0
2013,Q3,RPSR,primaryid,True,6722,6722,0.0,0.0
2013,Q3,RPSR,caseid,True,6722,6722,0.0,0.0
2013,Q3,RPSR,rpsr_cod,True,6722,6722,0.0,0.0
2013,Q3,THER,primaryid,True,73074,73074,0.0,0.0
2013,Q3,THER,caseid,True,73074,73074,0.0,0.0
2013,Q3,THER,start_dt,True,73074,73074,0.0,0.07321345485398363
2013,Q3,THER,end_dt,True,73074,73074,0.0,0.5064318362208172
2013,Q3,THER,dur,True,73074,73074,0.0,0.9923228508087691
2013,Q3,THER,dur_cod,True,73074,73074,0.0,0.9922681117771026
2013,Q4,DEMO,primaryid,True,44127,44127,0.0,0.0
2013,Q4,DEMO,caseid,True,44127,44127,0.0,0.0
2013,Q4,DEMO,age,False,44127,44127,,
2013,Q4,DEMO,age_cod,False,44127,44127,,
2013,Q4,DEMO,wt,False,44127,44127,,
2013,Q4,DEMO,wt_cod,False,44127,44127,,
2013,Q4,DEMO,rept_cod,True,44127,44127,0.0,0.0
2013,Q4,DEMO,e_sub,True,44127,44127,0.0,0.0
2013,Q4,DEMO,reporter_country,True,44127,44127,0.0,0.0
2013,Q4,DEMO,occr_country,True,44127,44127,0.0,0.14014095678382849
2013,Q4,DEMO,event_dt,True,44127,44127,0.0,0.2578240079769755
2013,Q4,DEMO,fda_dt,True,44127,44127,0.0,0.0
2013,Q4,DRUG,primaryid,True,195621,195621,0.0,0.0
2013,Q4,DRUG,caseid,True,195621,195621,0.0,0.0
2013,Q4,DRUG,drugname,True,195621,195621,0.0,0.0
2013,Q4,DRUG,prod_ai,True,195621,195621,0.0,1.0
2013,Q4,DRUG,role_cod,True,195621,195621,0.0,0.0
2013,Q4,INDI,primaryid,True,104817,104817,0.0,0.0
2013,Q4,INDI,caseid,True,104817,104817,0.0,0.0
2013,Q4,INDI,indi_pt,True,104817,104817,0.0,0.0
2013,Q4,RPSR,primaryid,True,7225,7225,0.0,0.0
2013,Q4,RPSR,caseid,True,7225,7225,0.0,0.0
2013,Q4,RPSR,rpsr_cod,True,7225,7225,0.0,0.0
2013,Q4,THER,primaryid,True,79892,79892,0.0,0.0
2013,Q4,THER,caseid,True,79892,79892,0.0,0.0
2013,Q4,THER,start_dt,True,79892,79892,0.0,0.06914334351374356
2013,Q4,THER,end_dt,True,79892,79892,0.0,0.4942297101086467
2013,Q4,THER,dur,True,79892,79892,0.0,0.9939543383567817
2013,Q4,THER,dur_cod,True,79892,79892,0.0,0.9939543383567817
2014,Q1,DEMO,primaryid,True,50135,50135,0.0,0.0
2014,Q1,DEMO,caseid,True,50135,50135,0.0,0.0
2014,Q1,DEMO,age,False,50135,50135,,
2014,Q1,DEMO,age_cod,False,50135,50135,,
2014,Q1,DEMO,wt,False,50135,50135,,
2014,Q1,DEMO,wt_cod,False,50135,50135,,
2014,Q1,DEMO,rept_cod,True,50135,50135,0.0,0.0
2014,Q1,DEMO,e_sub,True,50135,50135,0.0,0.0
2014,Q1,DEMO,reporter_country,True,50135,50135,0.0,0.0
2014,Q1,DEMO,occr_country,True,50135,50135,0.0,0.18218809215119178
2014,Q1,DEMO,event_dt,True,50135,50135,0.0,0.24186695921013265
2014,Q1,DEMO,fda_dt,True,50135,50135,0.0,0.0
2014,Q1,DRUG,primaryid,True,232967,232967,0.0,0.0
2014,Q1,DRUG,caseid,True,232967,232967,0.0,0.0
2014,Q1,DRUG,drugname,True,232967,232967,0.0,0.0
2014,Q1,DRUG,prod_ai,True,232967,232967,0.0,1.0
2014,Q1,DRUG,role_cod,True,232967,232967,0.0,4.292453437611335e-06
2014,Q1,INDI,primaryid,True,127245,127245,0.0,0.0
2014,Q1,INDI,caseid,True,127245,127245,0.0,0.0
2014,Q1,INDI,indi_pt,True,127245,127245,0.0,0.0
2014,Q1,RPSR,primaryid,True,12609,12609,0.0,0.0
2014,Q1,RPSR,caseid,True,12609,12609,0.0,0.0
2014,Q1,RPSR,rpsr_cod,True,12609,12609,0.0,0.0
2014,Q1,THER,primaryid,True,89619,89619,0.0,0.0
2014,Q1,THER,caseid,True,89619,89619,0.0,0.0
2014,Q1,THER,start_dt,True,89619,89619,0.0,0.05879333623450384
2014,Q1,THER,end_dt,True,89619,89619,0.0,0.5273435320635134
2014,Q1,THER,dur,True,89619,89619,0.0,0.9915308137783283
2014,Q1,THER,dur_cod,True,89619,89619,0.0,0.9914638636896194
2014,Q2,DEMO,primaryid,True,45251,45251,0.0,0.0
2014,Q2,DEMO,caseid,True,45251,45251,0.0,0.0
2014,Q2,DEMO,age,False,45251,45251,,
2014,Q2,DEMO,age_cod,False,45251,45251,,
2014,Q2,DEMO,wt,False,45251,45251,,
2014,Q2,DEMO,wt_cod,False,45251,45251,,
2014,Q2,DEMO,rept_cod,True,45251,45251,0.0,0.0
2014,Q2,DEMO,e_sub,True,45251,45251,0.0,0.0
2014,Q2,DEMO,reporter_country,True,45251,45251,0.0,0.0
2014,Q2,DEMO,occr_country,True,45251,45251,0.0,0.12251662946675211
2014,Q2,DEMO,event_dt,True,45251,45251,0.0,0.2540938321805043
2014,Q2,DEMO,fda_dt,True,45251,45251,0.0,0.0
2014,Q2,DRUG,primaryid,True,199436,199436,0.0,0.0
2014,Q2,DRUG,caseid,True,199436,199436,0.0,0.0
2014,Q2,DRUG,drugname,True,199436,199436,0.0,0.0
2014,Q2,DRUG,prod_ai,True,199436,199436,0.0,1.0
2014,Q2,DRUG,role_cod,True,199436,199436,0.0,0.0
2014,Q2,INDI,primaryid,True,109309,109309,0.0,0.0
2014,Q2,INDI,caseid,True,109309,109309,0.0,0.0
2014,Q2,INDI,indi_pt,True,109309,109309,0.0,0.0
2014,Q2,RPSR,primaryid,True,6338,6338,0.0,0.0
2014,Q2,RPSR,caseid,True,6338,6338,0.0,0.0
2014,Q2,RPSR,rpsr_cod,True,6338,6338,0.0,0.0
2014,Q2,THER,primaryid,True,83542,83542,0.0,0.0
2014,Q2,THER,caseid,True,83542,83542,0.0,0.0
2014,Q2,THER,start_dt,True,83542,83542,0.0,0.06293840224078906
2014,Q2,THER,end_dt,True,83542,83542,0.0,0.4927461636063297
2014,Q2,THER,dur,True,83542,83542,0.0,0.9947690981781618
2014,Q2,THER,dur_cod,True,83542,83542,0.0,0.9947451581240574
2014,Q3,DEMO,primaryid,True,46056,46056,0.0,0.0
2014,Q3,DEMO,caseid,True,46056,46056,0.0,0.0
2014,Q3,DEMO,age,False,46056,46056,,
2014,Q3,DEMO,age_cod,False,46056,46056,,
2014,Q3,DEMO,wt,False,46056,46056,,
2014,Q3,DEMO,wt_cod,False,46056,46056,,
2014,Q3,DEMO,rept_cod,True,46056,46056,0.0,0.0
2014,Q3,DEMO,e_sub,True,46056,46056,0.0,0.0
2014,Q3,DEMO,reporter_country,True,46056,46056,0.0,0.0
2014,Q3,DEMO,occr_country,True,46056,46056,0.0,0.12026663192635052
2014,Q3,DEMO,event_dt,True,46056,46056,0.0,0.24641740489838457
2014,Q3,DEMO,fda_dt,True,46056,46056,0.0,0.0
2014,Q3,DRUG,primaryid,True,210189,210189,0.0,0.0
2014,Q3,DRUG,caseid,True,210189,210189,0.0,0.0
2014,Q3,DRUG,drugname,True,210189,210189,0.0,4.757622901293598e-06
2014,Q3,DRUG,prod_ai,True,210189,210189,0.0,0.054636541398455675
2014,Q3,DRUG,role_cod,True,210189,210189,0.0,0.0
2014,Q3,INDI,primaryid,True,119549,119549,0.0,0.0
2014,Q3,INDI,caseid,True,119549,119549,0.0,0.0
2014,Q3,INDI,indi_pt,True,119549,119549,0.0,0.0
2014,Q3,RPSR,primaryid,True,6173,6173,0.0,0.0
2014,Q3,RPSR,caseid,True,6173,6173,0.0,0.0
2014,Q3,RPSR,rpsr_cod,True,6173,6173,0.0,0.0
2014,Q3,THER,primaryid,True,84786,84786,0.0,0.0
2014,Q3,THER,caseid,True,84786,84786,0.0,0.0
2014,Q3,THER,start_dt,True,84786,84786,0.0,0.07564928172103885
2014,Q3,THER,end_dt,True,84786,84786,0.0,0.4996225791993961
2014,Q3,THER,dur,True,84786,84786,0.0,0.9949991743919987
2014,Q3,THER,dur_cod,True,84786,84786,0.0,0.9949991743919987
2014,Q4,DEMO,primaryid,True,45775,45775,0.0,0.0
2014,Q4,DEMO,caseid,True,45775,45775,0.0,0.0
2014,Q4,DEMO,age,False,45775,45775,,
2014,Q4,DEMO,age_cod,False,45775,45775,,
2014,Q4,DEMO,wt,False,45775,45775,,
2014,Q4,DEMO,wt_cod,False,45775,45775,,
2014,Q4,DEMO,rept_cod,True,45775,45775,0.0,0.0
2014,Q4,DEMO,e_sub,True,45775,45775,0.0,0.0
2014,Q4,DEMO,reporter_country,True,45775,45775,0.0,0.0
2014,Q4,DEMO,occr_country,True,45775,45775,0.0,0.11724740578918624
2014,Q4,DEMO,event_dt,True,45775,45775,0.0,0.24803932277444019
2014,Q4,DEMO,fda_dt,True,45775,45775,0.0,0.0
2014,Q4,DRUG,primaryid,True,207229,207229,0.0,0.0
2014,Q4,DRUG,caseid,True,207229,207229,0.0,0.0
2014,Q4,DRUG,drugname,True,207229,207229,0.0,0.0
2014,Q4,DRUG,prod_ai,True,207229,207229,0.0,0.053008990054480794
2014,Q4,DRUG,role_cod,True,207229,207229,0.0,0.0
2014,Q4,INDI,primaryid,True,122173,122173,0.0,0.0
2014,Q4,INDI,caseid,True,122173,122173,0.0,0.0
2014,Q4,INDI,indi_pt,True,122173,122173,0.0,0.0
2014,Q4,RPSR,primaryid,True,6341,6341,0.0,0.0
2014,Q4,RPSR,caseid,True,6341,6341,0.0,0.0
2014,Q4,RPSR,rpsr_cod,True,6341,6341,0.0,0.0
2014,Q4,THER,primaryid,True,84921,84921,0.0,0.0
2014,Q4,THER,caseid,True,84921,84921,0.0,0.0
2014,Q4,THER,start_dt,True,84921,84921,0.0,0.06739204672578043
2014,Q4,THER,end_dt,True,84921,84921,0.0,0.5082252917417365
2014,Q4,THER,dur,True,84921,84921,0.0,0.9952073103237127
2014,Q4,THER,dur_cod,True,84921,84921,0.0,0.9952073103237127
2015,Q1,DEMO,primaryid,True,62574,62574,0.0,0.0
2015,Q1,DEMO,caseid,True,62574,62574,0.0,0.0
2015,Q1,DEMO,age,False,62574,62574,,
2015,Q1,DEMO,age_cod,False,62574,62574,,
2015,Q1,DEMO,wt,False,62574,62574,,
2015,Q1,DEMO,wt_cod,False,62574,62574,,
2015,Q1,DEMO,rept_cod,True,62574,62574,0.0,0.0
2015,Q1,DEMO,e_sub,True,62574,62574,0.0,0.0
2015,Q1,DEMO,reporter_country,True,62574,62574,0.0,0.0
2015,Q1,DEMO,occr_country,True,62574,62574,0.0,0.08821555278550197
2015,Q1,DEMO,event_dt,True,62574,62574,0.0,0.20300763895547672
2015,Q1,DEMO,fda_dt,True,62574,62574,0.0,0.0
2015,Q1,DRUG,primaryid,True,287014,287014,0.0,0.0
2015,Q1,DRUG,caseid,True,287014,287014,0.0,0.0
2015,Q1,DRUG,drugname,True,287014,287014,0.0,0.0
2015,Q1,DRUG,prod_ai,True,287014,287014,0.0,0.044482150696481704
2015,Q1,DRUG,role_cod,True,287014,287014,0.0,3.484150598925488e-06
2015,Q1,INDI,primaryid,True,185363,185363,0.0,0.0
2015,Q1,INDI,caseid,True,185363,185363,0.0,0.0
2015,Q1,INDI,indi_pt,True,185363,185363,0.0,0.0
2015,Q1,RPSR,primaryid,True,6632,6632,0.0,0.0
2015,Q1,RPSR,caseid,True,6632,6632,0.0,0.0
2015,Q1,RPSR,rpsr_cod,True,6632,6632,0.0,0.0
2015,Q1,THER,primaryid,True,106784,106784,0.0,0.0
2015,Q1,THER,caseid,True,106784,106784,0.0,0.0
2015,Q1,THER,start_dt,True,106784,106784,0.0,0.05924108480671261
2015,Q1,THER,end_dt,True,106784,106784,0.0,0.5536597243032664
2015,Q1,THER,dur,True,106784,106784,0.0,0.9962728498651483
2015,Q1,THER,dur_cod,True,106784,106784,0.0,0.9962728498651483
2015,Q2,DEMO,primaryid,True,60595,60595,0.0,0.0
2015,Q2,DEMO,caseid,True,60595,60595,0.0,0.0
2015,Q2,DEMO,age,False,60595,60595,,
2015,Q2,DEMO,age_cod,False,60595,60595,,
2015,Q2,DEMO,wt,False,60595,60595,,
2015,Q2,DEMO,wt_cod,False,60595,60595,,
2015,Q2,DEMO,rept_cod,True,60595,60595,0.0,0.0
2015,Q2,DEMO,e_sub,True,60595,60595,0.0,0.0
2015,Q2,DEMO,reporter_country,True,60595,60595,0.0,0.0
2015,Q2,DEMO,occr_country,True,60595,60595,0.0,0.07984157108672332
2015,Q2,DEMO,event_dt,True,60595,60595,0.0,0.2736529416618533
2015,Q2,DEMO,fda_dt,True,60595,60595,0.0,0.0
2015,Q2,DRUG,primaryid,True,279187,279187,0.0,0.0
2015,Q2,DRUG,caseid,True,279187,279187,0.0,0.0
2015,Q2,DRUG,drugname,True,279187,279187,0.0,0.0
2015,Q2,DRUG,prod_ai,True,279187,279187,0.0,0.04374487350772063
2015,Q2,DRUG,role_cod,True,279187,279187,0.0,0.0
2015,Q2,INDI,primaryid,True,180557,180557,0.0,0.0
2015,Q2,INDI,caseid,True,180557,180557,0.0,0.0
2015,Q2,INDI,indi_pt,True,180557,180557,0.0,0.0
2015,Q2,RPSR,primaryid,True,5214,5214,0.0,0.0
2015,Q2,RPSR,caseid,True,5214,5214,0.0,0.0
2015,Q2,RPSR,rpsr_cod,True,5214,5214,0.0,0.0
2015,Q2,THER,primaryid,True,115980,115980,0.0,0.0
2015,Q2,THER,caseid,True,115980,115980,0.0,0.0
2015,Q2,THER,start_dt,True,115980,115980,0.0,0.05591481289877565
2015,Q2,THER,end_dt,True,115980,115980,0.0,0.5665200896706328
2015,Q2,THER,dur,True,115980,115980,0.0,0.9967580617347819
2015,Q2,THER,dur_cod,True,115980,115980,0.0,0.9967580617347819
2015,Q3,DEMO,primaryid,True,80488,80488,0.0,0.0
2015,Q3,DEMO,caseid,True,80488,80488,0.0,0.0
2015,Q3,DEMO,age,False,80488,80488,,
2015,Q3,DEMO,age_cod,False,80488,80488,,
2015,Q3,DEMO,wt,False,80488,80488,,
2015,Q3,DEMO,wt_cod,False,80488,80488,,
2015,Q3,DEMO,rept_cod,True,80488,80488,0.0,0.0
2015,Q3,DEMO,e_sub,True,80488,80488,0.0,0.0
2015,Q3,DEMO,reporter_country,True,80488,80488,0.0,0.0
2015,Q3,DEMO,occr_country,True,80488,80488,0.0,0.04941109233674585
2015,Q3,DEMO,event_dt,True,80488,80488,0.0,0.33249676970480074
2015,Q3,DEMO,fda_dt,True,80488,80488,0.0,0.0
2015,Q3,DRUG,primaryid,True,343454,343454,0.0,0.0
2015,Q3,DRUG,caseid,True,343454,343454,0.0,0.0
2015,Q3,DRUG,drugname,True,343454,343454,0.0,0.0
2015,Q3,DRUG,prod_ai,True,343454,343454,0.0,0.0354574411711612
2015,Q3,DRUG,role_cod,True,343454,343454,0.0,0.0
2015,Q3,INDI,primaryid,True,202990,202990,0.0,0.0
2015,Q3,INDI,caseid,True,202990,202990,0.0,0.0
2015,Q3,INDI,indi_pt,True,202990,202990,0.0,0.0
2015,Q3,RPSR,primaryid,True,3406,3406,0.0,0.0
2015,Q3,RPSR,caseid,True,3406,3406,0.0,0.0
2015,Q3,RPSR,rpsr_cod,True,3406,3406,0.0,0.0
2015,Q3,THER,primaryid,True,133072,133072,0.0,0.0
2015,Q3,THER,caseid,True,133072,133072,0.0,0.0
2015,Q3,THER,start_dt,True,133072,133072,0.0,0.054850006011783095
2015,Q3,THER,end_dt,True,133072,133072,0.0,0.5765675724419863
2015,Q3,THER,dur,True,133072,133072,0.0,0.9982415534447517
2015,Q3,THER,dur_cod,True,133072,133072,0.0,0.9982415534447517
2015,Q4,DEMO,primaryid,True,72040,72040,0.0,0.0
2015,Q4,DEMO,caseid,True,72040,72040,0.0,0.0
2015,Q4,DEMO,age,False,72040,72040,,
2015,Q4,DEMO,age_cod,False,72040,72040,,
2015,Q4,DEMO,wt,False,72040,72040,,
2015,Q4,DEMO,wt_cod,False,72040,72040,,
2015,Q4,DEMO,rept_cod,True,72040,72040,0.0,0.0
2015,Q4,DEMO,e_sub,True,72040,72040,0.0,0.0
2015,Q4,DEMO,reporter_country,True,72040,72040,0.0,0.0
2015,Q4,DEMO,occr_country,True,72040,72040,0.0,0.03926985008328706
2015,Q4,DEMO,event_dt,True,72040,72040,0.0,0.25980011104941697
2015,Q4,DEMO,fda_dt,True,72040,72040,0.0,0.0
2015,Q4,DRUG,primaryid,True,321137,321137,0.0,0.0
2015,Q4,DRUG,caseid,True,321137,321137,0.0,0.0
2015,Q4,DRUG,drugname,True,321137,321137,0.0,0.0
2015,Q4,DRUG,prod_ai,True,321137,321137,0.0,0.03217318465327882
2015,Q4,DRUG,role_cod,True,321137,321137,0.0,0.0
2015,Q4,INDI,primaryid,True,204527,204527,0.0,0.0
2015,Q4,INDI,caseid,True,204527,204527,0.0,0.0
2015,Q4,INDI,indi_pt,True,204527,204527,0.0,0.0
2015,Q4,RPSR,primaryid,True,1628,1628,0.0,0.0
2015,Q4,RPSR,caseid,True,1628,1628,0.0,0.0
2015,Q4,RPSR,rpsr_cod,True,1628,1628,0.0,0.0
2015,Q4,THER,primaryid,True,128478,128478,0.0,0.0
2015,Q4,THER,caseid,True,128478,128478,0.0,0.0
2015,Q4,THER,start_dt,True,128478,128478,0.0,0.06326374943570105
2015,Q4,THER,end_dt,True,128478,128478,0.0,0.5521023054530737
2015,Q4,THER,dur,True,128478,128478,0.0,0.9986768162642632
2015,Q4,THER,dur_cod,True,128478,128478,0.0,0.9986768162642632
2016,Q1,DEMO,primaryid,True,69021,69021,0.0,0.0
2016,Q1,DEMO,caseid,True,69021,69021,0.0,0.0
2016,Q1,DEMO,age,False,69021,69021,,
2016,Q1,DEMO,age_cod,False,69021,69021,,
2016,Q1,DEMO,wt,False,69021,69021,,
2016,Q1,DEMO,wt_cod,False,69021,69021,,
2016,Q1,DEMO,rept_cod,True,69021,69021,0.0,0.0
2016,Q1,DEMO,e_sub,True,69021,69021,0.0,0.0
2016,Q1,DEMO,reporter_country,True,69021,69021,0.0,0.0
2016,Q1,DEMO,occr_country,True,69021,69021,0.0,0.04492835513829124
2016,Q1,DEMO,event_dt,True,69021,69021,0.0,0.2461424783761464
2016,Q1,DEMO,fda_dt,True,69021,69021,0.0,0.0
2016,Q1,DRUG,primaryid,True,323508,323508,0.0,0.0
2016,Q1,DRUG,caseid,True,323508,323508,0.0,0.0
2016,Q1,DRUG,drugname,True,323508,323508,0.0,0.0
2016,Q1,DRUG,prod_ai,True,323508,323508,0.0,0.030054898178715827
2016,Q1,DRUG,role_cod,True,323508,323508,0.0,0.0
2016,Q1,INDI,primaryid,True,220562,220562,0.0,0.0
2016,Q1,INDI,caseid,True,220562,220562,0.0,0.0
2016,Q1,INDI,indi_pt,True,220562,220562,0.0,0.0
2016,Q1,RPSR,primaryid,True,1766,1766,0.0,0.0
2016,Q1,RPSR,caseid,True,1766,1766,0.0,0.0
2016,Q1,RPSR,rpsr_cod,True,1766,1766,0.0,0.0
2016,Q1,THER,primaryid,True,129074,129074,0.0,0.0
2016,Q1,THER,caseid,True,129074,129074,0.0,0.0
2016,Q1,THER,start_dt,True,129074,129074,0.0,0.05714551342640656
2016,Q1,THER,end_dt,True,129074,129074,0.0,0.5523575623285867
2016,Q1,THER,dur,True,129074,129074,0.0,0.9984427537691557
2016,Q1,THER,dur_cod,True,129074,129074,0.0,0.9984427537691557
2016,Q2,DEMO,primaryid,True,66359,66359,0.0,0.0
2016,Q2,DEMO,caseid,True,66359,66359,0.0,0.0
2016,Q2,DEMO,age,False,66359,66359,,
2016,Q2,DEMO,age_cod,False,66359,66359,,
2016,Q2,DEMO,wt,False,66359,66359,,
2016,Q2,DEMO,wt_cod,False,66359,66359,,
2016,Q2,DEMO,rept_cod,True,66359,66359,0.0,0.0
2016,Q2,DEMO,e_sub,True,66359,66359,0.0,0.0
2016,Q2,DEMO,reporter_country,True,66359,66359,0.0,0.0
2016,Q2,DEMO,occr_country,True,66359,66359,0.0,0.051296734429391644
2016,Q2,DEMO,event_dt,True,66359,66359,0.0,0.26656519839057247
2016,Q2,DEMO,fda_dt,True,66359,66359,0.0,0.0
2016,Q2,DRUG,primaryid,True,323439,323439,0.0,0.0
2016,Q2,DRUG,caseid,True,323439,323439,0.0,0.0
2016,Q2,DRUG,drugname,True,323439,323439,0.0,3.091773100955667e-06
2016,Q2,DRUG,prod_ai,True,323439,323439,0.0,0.029566626164439044
2016,Q2,DRUG,role_cod,True,323439,323439,0.0,0.0
2016,Q2,INDI,primaryid,True,217062,217062,0.0,0.0
2016,Q2,INDI,caseid,True,217062,217062,0.0,0.0
2016,Q2,INDI,indi_pt,True,217062,217062,0.0,0.0
2016,Q2,RPSR,primaryid,True,2407,2407,0.0,0.0
2016,Q2,RPSR,caseid,True,2407,2407,0.0,0.0
2016,Q2,RPSR,rpsr_cod,True,2407,2407,0.0,0.0
2016,Q2,THER,primaryid,True,134548,134548,0.0,0.0
2016,Q2,THER,caseid,True,134548,134548,0.0,0.0
2016,Q2,THER,start_dt,True,134548,134548,0.0,0.06257246484525969
2016,Q2,THER,end_dt,True,134548,134548,0.0,0.5381499539197907
2016,Q2,THER,dur,True,134548,134548,0.0,0.9984912447602343
2016,Q2,THER,dur_cod,True,134548,134548,0.0,0.9984912447602343
2016,Q3,DEMO,primaryid,True,71723,71723,0.0,0.0
2016,Q3,DEMO,caseid,True,71723,71723,0.0,0.0
2016,Q3,DEMO,age,False,71723,71723,,
2016,Q3,DEMO,age_cod,False,71723,71723,,
2016,Q3,DEMO,wt,False,71723,71723,,
2016,Q3,DEMO,wt_cod,False,71723,71723,,
2016,Q3,DEMO,rept_cod,True,71723,71723,0.0,0.0
2016,Q3,DEMO,e_sub,True,71723,71723,0.0,0.0
2016,Q3,DEMO,reporter_country,True,71723,71723,0.0,0.0
2016,Q3,DEMO,occr_country,True,71723,71723,0.0,0.027062448586924696
2016,Q3,DEMO,event_dt,True,71723,71723,0.0,0.23042817506239283
2016,Q3,DEMO,fda_dt,True,71723,71723,0.0,0.0
2016,Q3,DRUG,primaryid,True,356360,356360,0.0,0.0
2016,Q3,DRUG,caseid,True,356360,356360,0.0,0.0
2016,Q3,DRUG,drugname,True,356360,356360,0.0,0.0
2016,Q3,DRUG,prod_ai,True,356360,356360,0.0,0.029621730833988103
2016,Q3,DRUG,role_cod,True,356360,356360,0.0,0.0
2016,Q3,INDI,primaryid,True,239651,239651,0.0,0.0
2016,Q3,INDI,caseid,True,239651,239651,0.0,0.0
2016,Q3,INDI,indi_pt,True,239651,239651,0.0,0.0
2016,Q3,RPSR,primaryid,True,1940,1940,0.0,0.0
2016,Q3,RPSR,caseid,True,1940,1940,0.0,0.0
2016,Q3,RPSR,rpsr_cod,True,1940,1940,0.0,0.0
2016,Q3,THER,primaryid,True,151617,151617,0.0,0.0
2016,Q3,THER,caseid,True,151617,151617,0.0,0.0
2016,Q3,THER,start_dt,True,151617,151617,0.0,0.060619851335931986
2016,Q3,THER,end_dt,True,151617,151617,0.0,0.5104638661891476
2016,Q3,THER,dur,True,151617,151617,0.0,0.9990964073949491
2016,Q3,THER,dur_cod,True,151617,151617,0.0,0.9990964073949491
2016,Q4,DEMO,primaryid,True,70303,70303,0.0,0.0
2016,Q4,DEMO,caseid,True,70303,70303,0.0,0.0
2016,Q4,DEMO,age,False,70303,70303,,
2016,Q4,DEMO,age_cod,False,70303,70303,,
2016,Q4,DEMO,wt,False,70303,70303,,
2016,Q4,DEMO,wt_cod,False,70303,70303,,
2016,Q4,DEMO,rept_cod,True,70303,70303,0.0,0.0
2016,Q4,DEMO,e_sub,True,70303,70303,0.0,0.0
2016,Q4,DEMO,reporter_country,True,70303,70303,0.0,0.0
2016,Q4,DEMO,occr_country,True,70303,70303,0.0,0.0002560345931183591
2016,Q4,DEMO,event_dt,True,70303,70303,0.0,0.28077037964240503
2016,Q4,DEMO,fda_dt,True,70303,70303,0.0,0.0
2016,Q4,DRUG,primaryid,True,340062,340062,0.0,0.0
2016,Q4,DRUG,caseid,True,340062,340062,0.0,0.0
2016,Q4,DRUG,drugname,True,340062,340062,0.0,0.0
2016,Q4,DRUG,prod_ai,True,340062,340062,0.0,0.03028271315230752
2016,Q4,DRUG,role_cod,True,340062,340062,0.0,0.0
2016,Q4,INDI,primaryid,True,222352,222352,0.0,0.0
2016,Q4,INDI,caseid,True,222352,222352,0.0,0.0
2016,Q4,INDI,indi_pt,True,222352,222352,0.0,0.0
2016,Q4,RPSR,primaryid,True,2840,2840,0.0,0.0
2016,Q4,RPSR,caseid,True,2840,2840,0.0,0.0
2016,Q4,RPSR,rpsr_cod,True,2840,2840,0.0,0.0
2016,Q4,THER,primaryid,True,139453,139453,0.0,0.0
2016,Q4,THER,caseid,True,139453,139453,0.0,0.0
2016,Q4,THER,start_dt,True,139453,139453,0.0,0.058636243035287874
2016,Q4,THER,end_dt,True,139453,139453,0.0,0.5481775221759302
2016,Q4,THER,dur,True,139453,139453,0.0,0.9992542290233986
2016,Q4,THER,dur_cod,True,139453,139453,0.0,0.9992542290233986
2017,Q1,DEMO,primaryid,True,76339,76339,0.0,0.0
2017,Q1,DEMO,caseid,True,76339,76339,0.0,0.0
2017,Q1,DEMO,age,False,76339,76339,,
2017,Q1,DEMO,age_cod,False,76339,76339,,
2017,Q1,DEMO,wt,False,76339,76339,,
2017,Q1,DEMO,wt_cod,False,76339,76339,,
2017,Q1,DEMO,rept_cod,True,76339,76339,0.0,0.0
2017,Q1,DEMO,e_sub,True,76339,76339,0.0,0.0
2017,Q1,DEMO,reporter_country,True,76339,76339,0.0,0.0
2017,Q1,DEMO,occr_country,True,76339,76339,0.0,0.000301287677333997
2017,Q1,DEMO,event_dt,True,76339,76339,0.0,0.28710095757083537
2017,Q1,DEMO,fda_dt,True,76339,76339,0.0,0.0
2017,Q1,DRUG,primaryid,True,360848,360848,0.0,0.0
2017,Q1,DRUG,caseid,True,360848,360848,0.0,0.0
2017,Q1,DRUG,drugname,True,360848,360848,0.0,0.0
2017,Q1,DRUG,prod_ai,True,360848,360848,0.0,0.029663459406730812
2017,Q1,DRUG,role_cod,True,360848,360848,0.0,0.0
2017,Q1,INDI,primaryid,True,240457,240457,0.0,0.0
2017,Q1,INDI,caseid,True,240457,240457,0.0,0.0
2017,Q1,INDI,indi_pt,True,240457,240457,0.0,0.0
2017,Q1,RPSR,primaryid,True,3708,3708,0.0,0.0
2017,Q1,RPSR,caseid,True,3708,3708,0.0,0.0
2017,Q1,RPSR,rpsr_cod,True,3708,3708,0.0,0.0
2017,Q1,THER,primaryid,True,143943,143943,0.0,0.0
2017,Q1,THER,caseid,True,143943,143943,0.0,0.0
2017,Q1,THER,start_dt,True,143943,143943,0.0,0.058995574637182774
2017,Q1,THER,end_dt,True,143943,143943,0.0,0.549745385326136
2017,Q1,THER,dur,True,143943,143943,0.0,0.9991316007030561
2017,Q1,THER,dur_cod,True,143943,143943,0.0,0.9991316007030561
2017,Q2,DEMO,primaryid,True,69525,69525,0.0,0.0
2017,Q2,DEMO,caseid,True,69525,69525,0.0,0.0
2017,Q2,DEMO,age,False,69525,69525,,
2017,Q2,DEMO,age_cod,False,69525,69525,,
2017,Q2,DEMO,wt,False,69525,69525,,
2017,Q2,DEMO,wt_cod,False,69525,69525,,
2017,Q2,DEMO,rept_cod,True,69525,69525,0.0,0.0
2017,Q2,DEMO,e_sub,True,69525,69525,0.0,0.0
2017,Q2,DEMO,reporter_country,True,69525,69525,0.0,0.0
2017,Q2,DEMO,occr_country,True,69525,69525,0.0,0.00018698309960445882
2017,Q2,DEMO,event_dt,True,69525,69525,0.0,0.27756921970514203
2017,Q2,DEMO,fda_dt,True,69525,69525,0.0,0.0
2017,Q2,DRUG,primaryid,True,335863,335863,0.0,0.0
2017,Q2,DRUG,caseid,True,335863,335863,0.0,0.0
2017,Q2,DRUG,drugname,True,335863,335863,0.0,0.0
2017,Q2,DRUG,prod_ai,True,335863,335863,0.0,0.028955258542917795
2017,Q2,DRUG,role_cod,True,335863,335863,0.0,0.0
2017,Q2,INDI,primaryid,True,217004,217004,0.0,0.0
2017,Q2,INDI,caseid,True,217004,217004,0.0,0.0
2017,Q2,INDI,indi_pt,True,217004,217004,0.0,0.0
2017,Q2,RPSR,primaryid,True,4364,4364,0.0,0.0
2017,Q2,RPSR,caseid,True,4364,4364,0.0,0.0
2017,Q2,RPSR,rpsr_cod,True,4364,4364,0.0,0.0
2017,Q2,THER,primaryid,True,133188,133188,0.0,0.0
2017,Q2,THER,caseid,True,133188,133188,0.0,0.0
2017,Q2,THER,start_dt,True,133188,133188,0.0,0.05606360933417425
2017,Q2,THER,end_dt,True,133188,133188,0.0,0.5476169024236418
2017,Q2,THER,dur,True,133188,133188,0.0,0.9992491816079526
2017,Q2,THER,dur_cod,True,133188,133188,0.0,0.9992491816079526
2017,Q3,DEMO,primaryid,True,77501,77501,0.0,0.0
2017,Q3,DEMO,caseid,True,77501,77501,0.0,0.0
2017,Q3,DEMO,age,False,77501,77501,,
2017,Q3,DEMO,age_cod,False,77501,77501,,
2017,Q3,DEMO,wt,False,77501,77501,,
2017,Q3,DEMO,wt_cod,False,77501,77501,,
2017,Q3,DEMO,rept_cod,True,77501,77501,0.0,0.0
2017,Q3,DEMO,e_sub,True,77501,77501,0.0,0.0
2017,Q3,DEMO,reporter_country,True,77501,77501,0.0,0.0
2017,Q3,DEMO,occr_country,True,77501,77501,0.0,0.019715874633875693
2017,Q3,DEMO,event_dt,True,77501,77501,0.0,0.2919059108914724
2017,Q3,DEMO,fda_dt,True,77501,77501,0.0,0.0
2017,Q3,DRUG,primaryid,True,357844,357844,0.0,0.0
2017,Q3,DRUG,caseid,True,357844,357844,0.0,0.0
2017,Q3,DRUG,drugname,True,357844,357844,0.0,0.0
2017,Q3,DRUG,prod_ai,True,357844,357844,0.0,0.028269301706889037
2017,Q3,DRUG,role_cod,True,357844,357844,0.0,0.0
2017,Q3,INDI,primaryid,True,237331,237331,0.0,0.0
2017,Q3,INDI,caseid,True,237331,237331,0.0,0.0
2017,Q3,INDI,indi_pt,True,237331,237331,0.0,0.0
2017,Q3,RPSR,primaryid,True,3955,3955,0.0,0.0
2017,Q3,RPSR,caseid,True,3955,3955,0.0,0.0
2017,Q3,RPSR,rpsr_cod,True,3955,3955,0.0,0.0
2017,Q3,THER,primaryid,True,141720,141720,0.0,0.0
2017,Q3,THER,caseid,True,141720,141720,0.0,0.0
2017,Q3,THER,start_dt,True,141720,141720,0.0,0.06119108100479819
2017,Q3,THER,end_dt,True,141720,141720,0.0,0.5336579170194751
2017,Q3,THER,dur,True,141720,141720,0.0,0.9990685859441152
2017,Q3,THER,dur_cod,True,141720,141720,0.0,0.9990685859441152
2017,Q4,DEMO,primaryid,True,75928,75928,0.0,0.0
2017,Q4,DEMO,caseid,True,75928,75928,0.0,0.0
2017,Q4,DEMO,age,False,75928,75928,,
2017,Q4,DEMO,age_cod,False,75928,75928,,
2017,Q4,DEMO,wt,False,75928,75928,,
2017,Q4,DEMO,wt_cod,False,75928,75928,,
2017,Q4,DEMO,rept_cod,True,75928,75928,0.0,0.0
2017,Q4,DEMO,e_sub,True,75928,75928,0.0,0.0
2017,Q4,DEMO,reporter_country,True,75928,75928,0.0,0.0
2017,Q4,DEMO,occr_country,True,75928,75928,0.0,0.02771046254346223
2017,Q4,DEMO,event_dt,True,75928,75928,0.0,0.35425666420819724
2017,Q4,DEMO,fda_dt,True,75928,75928,0.0,0.0
2017,Q4,DRUG,primaryid,True,337536,337536,0.0,0.0
2017,Q4,DRUG,caseid,True,337536,337536,0.0,0.0
2017,Q4,DRUG,drugname,True,337536,337536,0.0,0.0
2017,Q4,DRUG,prod_ai,True,337536,337536,0.0,0.024832906712172923
2017,Q4,DRUG,role_cod,True,337536,337536,0.0,0.0
2017,Q4,INDI,primaryid,True,225658,225658,0.0,0.0
2017,Q4,INDI,caseid,True,225658,225658,0.0,0.0
2017,Q4,INDI,indi_pt,True,225658,225658,0.0,0.0
2017,Q4,RPSR,primaryid,True,3671,3671,0.0,0.0
2017,Q4,RPSR,caseid,True,3671,3671,0.0,0.0
2017,Q4,RPSR,rpsr_cod,True,3671,3671,0.0,0.0
2017,Q4,THER,primaryid,True,128872,128872,0.0,0.0
2017,Q4,THER,caseid,True,128872,128872,0.0,0.0
2017,Q4,THER,start_dt,True,128872,128872,0.0,0.06099075051213607
2017,Q4,THER,end_dt,True,128872,128872,0.0,0.5445015208889441
2017,Q4,THER,dur,True,128872,128872,0.0,0.9991464398783289
2017,Q4,THER,dur_cod,True,128872,128872,0.0,0.9991464398783289
2018,Q1,DEMO,primaryid,True,89550,89550,0.0,0.0
2018,Q1,DEMO,caseid,True,89550,89550,0.0,0.0
2018,Q1,DEMO,age,False,89550,89550,,
2018,Q1,DEMO,age_cod,False,89550,89550,,
2018,Q1,DEMO,wt,False,89550,89550,,
2018,Q1,DEMO,wt_cod,False,89550,89550,,
2018,Q1,DEMO,rept_cod,True,89550,89550,0.0,0.0
2018,Q1,DEMO,e_sub,True,89550,89550,0.0,0.0
2018,Q1,DEMO,reporter_country,True,89550,89550,0.0,0.0
2018,Q1,DEMO,occr_country,True,89550,89550,0.0,3.3500837520938026e-05
2018,Q1,DEMO,event_dt,True,89550,89550,0.0,0.29217197096594083
2018,Q1,DEMO,fda_dt,True,89550,89550,0.0,0.0
2018,Q1,DRUG,primaryid,True,411917,411917,0.0,0.0
2018,Q1,DRUG,caseid,True,411917,411917,0.0,0.0
2018,Q1,DRUG,drugname,True,411917,411917,0.0,2.4276735361735496e-06
2018,Q1,DRUG,prod_ai,True,411917,411917,0.0,0.025835301771958915
2018,Q1,DRUG,role_cod,True,411917,411917,0.0,0.0
2018,Q1,INDI,primaryid,True,277769,277769,0.0,0.0
2018,Q1,INDI,caseid,True,277769,277769,0.0,0.0
2018,Q1,INDI,indi_pt,True,277769,277769,0.0,0.0
2018,Q1,RPSR,primaryid,True,4762,4762,0.0,0.0
2018,Q1,RPSR,caseid,True,4762,4762,0.0,0.0
2018,Q1,RPSR,rpsr_cod,True,4762,4762,0.0,0.0
2018,Q1,THER,primaryid,True,161791,161791,0.0,0.0
2018,Q1,THER,caseid,True,161791,161791,0.0,0.0
2018,Q1,THER,start_dt,True,161791,161791,0.0,0.061418743935076736
2018,Q1,THER,end_dt,True,161791,161791,0.0,0.5477993213466756
2018,Q1,THER,dur,True,161791,161791,0.0,0.9992273983101656
2018,Q1,THER,dur_cod,True,161791,161791,0.0,0.9992273983101656
2018,Q2,DEMO,primaryid,True,99409,99409,0.0,0.0
2018,Q2,DEMO,caseid,True,99409,99409,0.0,0.0
2018,Q2,DEMO,age,False,99409,99409,,
2018,Q2,DEMO,age_cod,False,99409,99409,,
2018,Q2,DEMO,wt,False,99409,99409,,
2018,Q2,DEMO,wt_cod,False,99409,99409,,
2018,Q2,DEMO,rept_cod,True,99409,99409,0.0,0.0
2018,Q2,DEMO,e_sub,True,99409,99409,0.0,0.0
2018,Q2,DEMO,reporter_country,True,99409,99409,0.0,1.0059451357522961e-05
2018,Q2,DEMO,occr_country,True,99409,99409,0.0,1.0059451357522961e-05
2018,Q2,DEMO,event_dt,True,99409,99409,0.0,0.33381283384804195
2018,Q2,DEMO,fda_dt,True,99409,99409,0.0,0.0
2018,Q2,DRUG,primaryid,True,493340,493340,0.0,0.0
2018,Q2,DRUG,caseid,True,493340,493340,0.0,0.0
2018,Q2,DRUG,drugname,True,493340,493340,0.0,4.053999270280131e-06
2018,Q2,DRUG,prod_ai,True,493340,493340,0.0,0.02663274820610532
2018,Q2,DRUG,role_cod,True,493340,493340,0.0,0.0
2018,Q2,INDI,primaryid,True,329774,329774,0.0,0.0
2018,Q2,INDI,caseid,True,329774,329774,0.0,0.0
2018,Q2,INDI,indi_pt,True,329774,329774,0.0,0.0
2018,Q2,RPSR,primaryid,True,3812,3812,0.0,0.0
2018,Q2,RPSR,caseid,True,3812,3812,0.0,0.0
2018,Q2,RPSR,rpsr_cod,True,3812,3812,0.0,0.0
2018,Q2,THER,primaryid,True,191763,191763,0.0,0.0
2018,Q2,THER,caseid,True,191763,191763,0.0,0.0
2018,Q2,THER,start_dt,True,191763,191763,0.0,0.057837017568561196
2018,Q2,THER,end_dt,True,191763,191763,0.0,0.5462263314612308
2018,Q2,THER,dur,True,191763,191763,0.0,0.9986389449476698
2018,Q2,THER,dur_cod,True,191763,191763,0.0,0.9986389449476698
2018,Q3,DEMO,primaryid,True,97306,97306,0.0,0.0
2018,Q3,DEMO,caseid,True,97306,97306,0.0,0.0
2018,Q3,DEMO,age,False,97306,97306,,
2018,Q3,DEMO,age_cod,False,97306,97306,,
2018,Q3,DEMO,wt,False,97306,97306,,
2018,Q3,DEMO,wt_cod,False,97306,97306,,
2018,Q3,DEMO,rept_cod,True,97306,97306,0.0,0.0
2018,Q3,DEMO,e_sub,True,97306,97306,0.0,0.0
2018,Q3,DEMO,reporter_country,True,97306,97306,0.0,0.0
2018,Q3,DEMO,occr_country,True,97306,97306,0.0,2.055371713974472e-05
2018,Q3,DEMO,event_dt,True,97306,97306,0.0,0.28102069759315973
2018,Q3,DEMO,fda_dt,True,97306,97306,0.0,0.0
2018,Q3,DRUG,primaryid,True,498620,498620,0.0,0.0
2018,Q3,DRUG,caseid,True,498620,498620,0.0,0.0
2018,Q3,DRUG,drugname,True,498620,498620,0.0,1.604428221892423e-05
2018,Q3,DRUG,prod_ai,True,498620,498620,0.0,0.030149211824635997
2018,Q3,DRUG,role_cod,True,498620,498620,0.0,0.0
2018,Q3,INDI,primaryid,True,335197,335197,0.0,0.0
2018,Q3,INDI,caseid,True,335197,335197,0.0,0.0
2018,Q3,INDI,indi_pt,True,335197,335197,0.0,0.0
2018,Q3,RPSR,primaryid,True,6226,6226,0.0,0.0
2018,Q3,RPSR,caseid,True,6226,6226,0.0,0.0
2018,Q3,RPSR,rpsr_cod,True,6226,6226,0.0,0.0
2018,Q3,THER,primaryid,True,205019,205019,0.0,0.0
2018,Q3,THER,caseid,True,205019,205019,0.0,0.0
2018,Q3,THER,start_dt,True,205019,205019,0.0,0.05899940981079802
2018,Q3,THER,end_dt,True,205019,205019,0.0,0.533526160989957
2018,Q3,THER,dur,True,205019,205019,0.0,0.9950638721289247
2018,Q3,THER,dur_cod,True,205019,205019,0.0,0.9950638721289247
2018,Q4,DEMO,primaryid,True,92200,92200,0.0,0.0
2018,Q4,DEMO,caseid,True,92200,92200,0.0,0.0
2018,Q4,DEMO,age,False,92200,92200,,
2018,Q4,DEMO,age_cod,False,92200,92200,,
2018,Q4,DEMO,wt,False,92200,92200,,
2018,Q4,DEMO,wt_cod,False,92200,92200,,
2018,Q4,DEMO,rept_cod,True,92200,92200,0.0,0.0
2018,Q4,DEMO,e_sub,True,92200,92200,0.0,0.0
2018,Q4,DEMO,reporter_country,True,92200,92200,0.0,0.0
2018,Q4,DEMO,occr_country,True,92200,92200,0.0,4.3383947939262474e-05
2018,Q4,DEMO,event_dt,True,92200,92200,0.0,0.2863991323210412
2018,Q4,DEMO,fda_dt,True,92200,92200,0.0,0.0
2018,Q4,DRUG,primaryid,True,465276,465276,0.0,0.0
2018,Q4,DRUG,caseid,True,465276,465276,0.0,0.0
2018,Q4,DRUG,drugname,True,465276,465276,0.0,0.0
2018,Q4,DRUG,prod_ai,True,465276,465276,0.0,0.028643213920339756
2018,Q4,DRUG,role_cod,True,465276,465276,0.0,0.0
2018,Q4,INDI,primaryid,True,315168,315168,0.0,0.0
2018,Q4,INDI,caseid,True,315168,315168,0.0,0.0
2018,Q4,INDI,indi_pt,True,315168,315168,0.0,0.0
2018,Q4,RPSR,primaryid,True,5861,5861,0.0,0.0
2018,Q4,RPSR,caseid,True,5861,5861,0.0,0.0
2018,Q4,RPSR,rpsr_cod,True,5861,5861,0.0,0.0
2018,Q4,THER,primaryid,True,193638,193638,0.0,0.0
2018,Q4,THER,caseid,True,193638,193638,0.0,0.0
2018,Q4,THER,start_dt,True,193638,193638,0.0,0.06165112219708942
2018,Q4,THER,end_dt,True,193638,193638,0.0,0.5248246728431403
2018,Q4,THER,dur,True,193638,193638,0.0,0.998807052334769
2018,Q4,THER,dur_cod,True,193638,193638,0.0,0.9988018880591619
2019,Q1,DEMO,primaryid,True,86665,86665,0.0,0.0
2019,Q1,DEMO,caseid,True,86665,86665,0.0,0.0
2019,Q1,DEMO,age,False,86665,86665,,
2019,Q1,DEMO,age_cod,False,86665,86665,,
2019,Q1,DEMO,wt,False,86665,86665,,
2019,Q1,DEMO,wt_cod,False,86665,86665,,
2019,Q1,DEMO,rept_cod,True,86665,86665,0.0,0.0
2019,Q1,DEMO,e_sub,True,86665,86665,0.0,0.0
2019,Q1,DEMO,reporter_country,True,86665,86665,0.0,1.1538683436219927e-05
2019,Q1,DEMO,occr_country,True,86665,86665,0.0,0.0
2019,Q1,DEMO,event_dt,True,86665,86665,0.0,0.3014365660878094
2019,Q1,DEMO,fda_dt,True,86665,86665,0.0,0.0
2019,Q1,DRUG,primaryid,True,448978,448978,0.0,0.0
2019,Q1,DRUG,caseid,True,448978,448978,0.0,0.0
2019,Q1,DRUG,drugname,True,448978,448978,0.0,4.454561247989879e-06
2019,Q1,DRUG,prod_ai,True,448978,448978,0.0,0.0262329111894124
2019,Q1,DRUG,role_cod,True,448978,448978,0.0,0.0
2019,Q1,INDI,primaryid,True,296332,296332,0.0,0.0
2019,Q1,INDI,caseid,True,296332,296332,0.0,0.0
2019,Q1,INDI,indi_pt,True,296332,296332,0.0,0.0
2019,Q1,RPSR,primaryid,True,4562,4562,0.0,0.0
2019,Q1,RPSR,caseid,True,4562,4562,0.0,0.0
2019,Q1,RPSR,rpsr_cod,True,4562,4562,0.0,0.0
2019,Q1,THER,primaryid,True,180178,180178,0.0,0.0
2019,Q1,THER,caseid,True,180178,180178,0.0,0.0
2019,Q1,THER,start_dt,True,180178,180178,0.0,0.062466005838670645
2019,Q1,THER,end_dt,True,180178,180178,0.0,0.5305087191555018
2019,Q1,THER,dur,True,180178,180178,0.0,0.9988788864345258
2019,Q1,THER,dur_cod,True,180178,180178,0.0,0.9988788864345258
2019,Q2,DEMO,primaryid,True,89089,89089,0.0,0.0
2019,Q2,DEMO,caseid,True,89089,89089,0.0,0.0
2019,Q2,DEMO,age,False,89089,89089,,
2019,Q2,DEMO,age_cod,False,89089,89089,,
2019,Q2,DEMO,wt,False,89089,89089,,
2019,Q2,DEMO,wt_cod,False,89089,89089,,
2019,Q2,DEMO,rept_cod,True,89089,89089,0.0,0.0
2019,Q2,DEMO,e_sub,True,89089,89089,0.0,0.0
2019,Q2,DEMO,reporter_country,True,89089,89089,0.0,0.0
2019,Q2,DEMO,occr_country,True,89089,89089,0.0,1.1224730325853922e-05
2019,Q2,DEMO,event_dt,True,89089,89089,0.0,0.29924008575693967
2019,Q2,DEMO,fda_dt,True,89089,89089,0.0,0.0
2019,Q2,DRUG,primaryid,True,474691,474691,0.0,0.0
2019,Q2,DRUG,caseid,True,474691,474691,0.0,0.0
2019,Q2,DRUG,drugname,True,474691,474691,0.0,1.2639801470851565e-05
2019,Q2,DRUG,prod_ai,True,474691,474691,0.0,0.02697754960595419
2019,Q2,DRUG,role_cod,True,474691,474691,0.0,0.0
2019,Q2,INDI,primaryid,True,299338,299338,0.0,0.0
2019,Q2,INDI,caseid,True,299338,299338,0.0,0.0
2019,Q2,INDI,indi_pt,True,299338,299338,0.0,0.0
2019,Q2,RPSR,primaryid,True,7201,7201,0.0,0.0
2019,Q2,RPSR,caseid,True,7201,7201,0.0,0.0
2019,Q2,RPSR,rpsr_cod,True,7201,7201,0.0,0.0
2019,Q2,THER,primaryid,True,195990,195990,0.0,0.0
2019,Q2,THER,caseid,True,195990,195990,0.0,0.0
2019,Q2,THER,start_dt,True,195990,195990,0.0,0.054467064646155416
2019,Q2,THER,end_dt,True,195990,195990,0.0,0.5299096892698607
2019,Q2,THER,dur,True,195990,195990,0.0,0.9978774427266698
2019,Q2,THER,dur_cod,True,195990,195990,0.0,0.9978774427266698
2019,Q3,DEMO,primaryid,True,92017,92017,0.0,0.0
2019,Q3,DEMO,caseid,True,92017,92017,0.0,0.0
2019,Q3,DEMO,age,False,92017,92017,,
2019,Q3,DEMO,age_cod,False,92017,92017,,
2019,Q3,DEMO,wt,False,92017,92017,,
2019,Q3,DEMO,wt_cod,False,92017,92017,,
2019,Q3,DEMO,rept_cod,True,92017,92017,0.0,0.0
2019,Q3,DEMO,e_sub,True,92017,92017,0.0,0.0
2019,Q3,DEMO,reporter_country,True,92017,92017,0.0,0.0
2019,Q3,DEMO,occr_country,True,92017,92017,0.0,0.0
2019,Q3,DEMO,event_dt,True,92017,92017,0.0,0.3027701403001619
2019,Q3,DEMO,fda_dt,True,92017,92017,0.0,0.0
2019,Q3,DRUG,primaryid,True,498532,498532,0.0,0.0
2019,Q3,DRUG,caseid,True,498532,498532,0.0,0.0
2019,Q3,DRUG,drugname,True,498532,498532,0.0,9.828857525695442e-05
2019,Q3,DRUG,prod_ai,True,498532,498532,0.0,0.02897507080789197
2019,Q3,DRUG,role_cod,True,498532,498532,0.0,0.0
2019,Q3,INDI,primaryid,True,319249,319249,0.0,0.0
2019,Q3,INDI,caseid,True,319249,319249,0.0,0.0
2019,Q3,INDI,indi_pt,True,319249,319249,0.0,0.0
2019,Q3,RPSR,primaryid,True,6069,6069,0.0,0.0
2019,Q3,RPSR,caseid,True,6069,6069,0.0,0.0
2019,Q3,RPSR,rpsr_cod,True,6069,6069,0.0,0.0
2019,Q3,THER,primaryid,True,199224,199224,0.0,0.0
2019,Q3,THER,caseid,True,199224,199224,0.0,0.0
2019,Q3,THER,start_dt,True,199224,199224,0.0,0.05516403646147051
2019,Q3,THER,end_dt,True,199224,199224,0.0,0.5251274946793559
2019,Q3,THER,dur,True,199224,199224,0.0,0.9985794884150504
2019,Q3,THER,dur_cod,True,199224,199224,0.0,0.9985794884150504
2019,Q4,DEMO,primaryid,True,91881,91881,0.0,0.0
2019,Q4,DEMO,caseid,True,91881,91881,0.0,0.0
2019,Q4,DEMO,age,False,91881,91881,,
2019,Q4,DEMO,age_cod,False,91881,91881,,
2019,Q4,DEMO,wt,False,91881,91881,,
2019,Q4,DEMO,wt_cod,False,91881,91881,,
2019,Q4,DEMO,rept_cod,True,91881,91881,0.0,0.0
2019,Q4,DEMO,e_sub,True,91881,91881,0.0,0.0
2019,Q4,DEMO,reporter_country,True,91881,91881,0.0,0.0
2019,Q4,DEMO,occr_country,True,91881,91881,0.0,1.0883642972975915e-05
2019,Q4,DEMO,event_dt,True,91881,91881,0.0,0.2838562923781848
2019,Q4,DEMO,fda_dt,True,91881,91881,0.0,0.0
2019,Q4,DRUG,primaryid,True,460964,460964,0.0,0.0
2019,Q4,DRUG,caseid,True,460964,460964,0.0,0.0
2019,Q4,DRUG,drugname,True,460964,460964,0.0,0.0002906951518990637
2019,Q4,DRUG,prod_ai,True,460964,460964,0.0,0.03003922215183832
2019,Q4,DRUG,role_cod,True,460964,460964,0.0,0.0
2019,Q4,INDI,primaryid,True,293470,293470,0.0,0.0
2019,Q4,INDI,caseid,True,293470,293470,0.0,0.0
2019,Q4,INDI,indi_pt,True,293470,293470,0.0,0.0
2019,Q4,RPSR,primaryid,True,6672,6672,0.0,0.0
2019,Q4,RPSR,caseid,True,6672,6672,0.0,0.0
2019,Q4,RPSR,rpsr_cod,True,6672,6672,0.0,0.0
2019,Q4,THER,primaryid,True,184643,184643,0.0,0.0
2019,Q4,THER,caseid,True,184643,184643,0.0,0.0
2019,Q4,THER,start_dt,True,184643,184643,0.0,0.05399608975157466
2019,Q4,THER,end_dt,True,184643,184643,0.0,0.5376212474883966
2019,Q4,THER,dur,True,184643,184643,0.0,0.996826308064752
2019,Q4,THER,dur_cod,True,184643,184643,0.0,0.996826308064752
2020,Q1,DEMO,primaryid,True,94903,94903,0.0,0.0
2020,Q1,DEMO,caseid,True,94903,94903,0.0,0.0
2020,Q1,DEMO,age,False,94903,94903,,
2020,Q1,DEMO,age_cod,False,94903,94903,,
2020,Q1,DEMO,wt,False,94903,94903,,
2020,Q1,DEMO,wt_cod,False,94903,94903,,
2020,Q1,DEMO,rept_cod,True,94903,94903,0.0,0.0
2020,Q1,DEMO,e_sub,True,94903,94903,0.0,0.0
2020,Q1,DEMO,reporter_country,True,94903,94903,0.0,0.0
2020,Q1,DEMO,occr_country,True,94903,94903,0.0,1.053707469732253e-05
2020,Q1,DEMO,event_dt,True,94903,94903,0.0,0.2778521226936978
2020,Q1,DEMO,fda_dt,True,94903,94903,0.0,0.0
2020,Q1,DRUG,primaryid,True,490326,490326,0.0,0.0
2020,Q1,DRUG,caseid,True,490326,490326,0.0,0.0
2020,Q1,DRUG,drugname,True,490326,490326,0.0,0.0001366437839315068
2020,Q1,DRUG,prod_ai,True,490326,490326,0.0,0.028011975705958893
2020,Q1,DRUG,role_cod,True,490326,490326,0.0,0.0
2020,Q1,INDI,primaryid,True,320949,320949,0.0,0.0
2020,Q1,INDI,caseid,True,320949,320949,0.0,0.0
2020,Q1,INDI,indi_pt,True,320949,320949,0.0,0.0
2020,Q1,RPSR,primaryid,True,4186,4186,0.0,0.0
2020,Q1,RPSR,caseid,True,4186,4186,0.0,0.0
2020,Q1,RPSR,rpsr_cod,True,4186,4186,0.0,0.0
2020,Q1,THER,primaryid,True,195191,195191,0.0,0.0
2020,Q1,THER,caseid,True,195191,195191,0.0,0.0
2020,Q1,THER,start_dt,True,195191,195191,0.0,0.05629357910969256
2020,Q1,THER,end_dt,True,195191,195191,0.0,0.5405372173921953
2020,Q1,THER,dur,True,195191,195191,0.0,0.9984374279551823
2020,Q1,THER,dur_cod,True,195191,195191,0.0,0.9984323047681501
2020,Q2,DEMO,primaryid,True,84077,84077,0.0,0.0
2020,Q2,DEMO,caseid,True,84077,84077,0.0,0.0
2020,Q2,DEMO,age,False,84077,84077,,
2020,Q2,DEMO,age_cod,False,84077,84077,,
2020,Q2,DEMO,wt,False,84077,84077,,
2020,Q2,DEMO,wt_cod,False,84077,84077,,
2020,Q2,DEMO,rept_cod,True,84077,84077,0.0,0.0
2020,Q2,DEMO,e_sub,True,84077,84077,0.0,0.0
2020,Q2,DEMO,reporter_country,True,84077,84077,0.0,0.0
2020,Q2,DEMO,occr_country,True,84077,84077,0.0,0.0
2020,Q2,DEMO,event_dt,True,84077,84077,0.0,0.29285060123458256
2020,Q2,DEMO,fda_dt,True,84077,84077,0.0,0.0
2020,Q2,DRUG,primaryid,True,448617,448617,0.0,0.0
2020,Q2,DRUG,caseid,True,448617,448617,0.0,0.0
2020,Q2,DRUG,drugname,True,448617,448617,0.0,0.00014711881181497804
2020,Q2,DRUG,prod_ai,True,448617,448617,0.0,0.029960968933410905
2020,Q2,DRUG,role_cod,True,448617,448617,0.0,0.0
2020,Q2,INDI,primaryid,True,299672,299672,0.0,0.0
2020,Q2,INDI,caseid,True,299672,299672,0.0,0.0
2020,Q2,INDI,indi_pt,True,299672,299672,0.0,0.0
2020,Q2,RPSR,primaryid,True,4057,4057,0.0,0.0
2020,Q2,RPSR,caseid,True,4057,4057,0.0,0.0
2020,Q2,RPSR,rpsr_cod,True,4057,4057,0.0,0.0
2020,Q2,THER,primaryid,True,171791,171791,0.0,0.0
2020,Q2,THER,caseid,True,171791,171791,0.0,0.0
2020,Q2,THER,start_dt,True,171791,171791,0.0,0.0535359826766245
2020,Q2,THER,end_dt,True,171791,171791,0.0,0.5378570472259897
2020,Q2,THER,dur,True,171791,171791,0.0,0.9982362289060545
2020,Q2,THER,dur_cod,True,171791,171791,0.0,0.9982362289060545
2020,Q3,DEMO,primaryid,True,85176,85176,0.0,0.0
2020,Q3,DEMO,caseid,True,85176,85176,0.0,0.0
2020,Q3,DEMO,age,False,85176,85176,,
2020,Q3,DEMO,age_cod,False,85176,85176,,
2020,Q3,DEMO,wt,False,85176,85176,,
2020,Q3,DEMO,wt_cod,False,85176,85176,,
2020,Q3,DEMO,rept_cod,True,85176,85176,0.0,0.0
2020,Q3,DEMO,e_sub,True,85176,85176,0.0,0.0
2020,Q3,DEMO,reporter_country,True,85176,85176,0.0,0.0
2020,Q3,DEMO,occr_country,True,85176,85176,0.0,0.00046961585423123885
2020,Q3,DEMO,event_dt,True,85176,85176,0.0,0.3028904855827933
2020,Q3,DEMO,fda_dt,True,85176,85176,0.0,0.0
2020,Q3,DRUG,primaryid,True,485306,485306,0.0,0.0
2020,Q3,DRUG,caseid,True,485306,485306,0.0,0.0
2020,Q3,DRUG,drugname,True,485306,485306,0.0,0.0001710261154817785
2020,Q3,DRUG,prod_ai,True,485306,485306,0.0,0.028279065167131665
2020,Q3,DRUG,role_cod,True,485306,485306,0.0,0.0
2020,Q3,INDI,primaryid,True,325788,325788,0.0,0.0
2020,Q3,INDI,caseid,True,325788,325788,0.0,0.0
2020,Q3,INDI,indi_pt,True,325788,325788,0.0,0.0
2020,Q3,RPSR,primaryid,True,5591,5591,0.0,0.0
2020,Q3,RPSR,caseid,True,5591,5591,0.0,0.0
2020,Q3,RPSR,rpsr_cod,True,5591,5591,0.0,0.0
2020,Q3,THER,primaryid,True,193246,193246,0.0,0.0
2020,Q3,THER,caseid,True,193246,193246,0.0,0.0
2020,Q3,THER,start_dt,True,193246,193246,0.0,0.05444355898699067
2020,Q3,THER,end_dt,True,193246,193246,0.0,0.5259513780362853
2020,Q3,THER,dur,True,193246,193246,0.0,0.9955083158254245
2020,Q3,THER,dur_cod,True,193246,193246,0.0,0.9954565683118927
2020,Q4,DEMO,primaryid,True,87874,87874,0.0,0.0
2020,Q4,DEMO,caseid,True,87874,87874,0.0,0.0
2020,Q4,DEMO,age,False,87874,87874,,
2020,Q4,DEMO,age_cod,False,87874,87874,,
2020,Q4,DEMO,wt,False,87874,87874,,
2020,Q4,DEMO,wt_cod,False,87874,87874,,
2020,Q4,DEMO,rept_cod,True,87874,87874,0.0,0.0
2020,Q4,DEMO,e_sub,True,87874,87874,0.0,0.0
2020,Q4,DEMO,reporter_country,True,87874,87874,0.0,0.0
2020,Q4,DEMO,occr_country,True,87874,87874,0.0,0.0008307349159023147
2020,Q4,DEMO,event_dt,True,87874,87874,0.0,0.2967089241413843
2020,Q4,DEMO,fda_dt,True,87874,87874,0.0,0.0
2020,Q4,DRUG,primaryid,True,467854,467854,0.0,0.0
2020,Q4,DRUG,caseid,True,467854,467854,0.0,0.0
2020,Q4,DRUG,drugname,True,467854,467854,0.0,0.00018168060976287475
2020,Q4,DRUG,prod_ai,True,467854,467854,0.0,0.027004150867578347
2020,Q4,DRUG,role_cod,True,467854,467854,0.0,0.0
2020,Q4,INDI,primaryid,True,308468,308468,0.0,0.0
2020,Q4,INDI,caseid,True,308468,308468,0.0,0.0
2020,Q4,INDI,indi_pt,True,308468,308468,0.0,0.0
2020,Q4,RPSR,primaryid,True,4884,4884,0.0,0.0
2020,Q4,RPSR,caseid,True,4884,4884,0.0,0.0
2020,Q4,RPSR,rpsr_cod,True,4884,4884,0.0,0.0
2020,Q4,THER,primaryid,True,187858,187858,0.0,0.0
2020,Q4,THER,caseid,True,187858,187858,0.0,0.0
2020,Q4,THER,start_dt,True,187858,187858,0.0,0.05126212351882805
2020,Q4,THER,end_dt,True,187858,187858,0.0,0.5382203579299258
2020,Q4,THER,dur,True,187858,187858,0.0,0.9979026711665194
2020,Q4,THER,dur_cod,True,187858,187858,0.0,0.9979079943361475
2021,Q1,DEMO,primaryid,True,87760,87760,0.0,0.0
2021,Q1,DEMO,caseid,True,87760,87760,0.0,0.0
2021,Q1,DEMO,age,False,87760,87760,,
2021,Q1,DEMO,age_cod,False,87760,87760,,
2021,Q1,DEMO,wt,False,87760,87760,,
2021,Q1,DEMO,wt_cod,False,87760,87760,,
2021,Q1,DEMO,rept_cod,True,87760,87760,0.0,0.0
2021,Q1,DEMO,e_sub,True,87760,87760,0.0,0.0
2021,Q1,DEMO,reporter_country,True,87760,87760,0.0,0.0
2021,Q1,DEMO,occr_country,True,87760,87760,0.0,0.0006608933454876938
2021,Q1,DEMO,event_dt,True,87760,87760,0.0,0.308830902461258
2021,Q1,DEMO,fda_dt,True,87760,87760,0.0,0.0
2021,Q1,DRUG,primaryid,True,447974,447974,0.0,0.0
2021,Q1,DRUG,caseid,True,447974,447974,0.0,0.0
2021,Q1,DRUG,drugname,True,447974,447974,0.0,0.000209833606414658
2021,Q1,DRUG,prod_ai,True,447974,447974,0.0,0.02734980155098287
2021,Q1,DRUG,role_cod,True,447974,447974,0.0,0.0
2021,Q1,INDI,primaryid,True,297104,297104,0.0,0.0
2021,Q1,INDI,caseid,True,297104,297104,0.0,0.0
2021,Q1,INDI,indi_pt,True,297104,297104,0.0,0.0
2021,Q1,RPSR,primaryid,True,4965,4965,0.0,0.0
2021,Q1,RPSR,caseid,True,4965,4965,0.0,0.0
2021,Q1,RPSR,rpsr_cod,True,4965,4965,0.0,0.0
2021,Q1,THER,primaryid,True,168707,168707,0.0,0.0
2021,Q1,THER,caseid,True,168707,168707,0.0,0.0
2021,Q1,THER,start_dt,True,168707,168707,0.0,0.04817227500933571
2021,Q1,THER,end_dt,True,168707,168707,0.0,0.54258566627348
2021,Q1,THER,dur,True,168707,168707,0.0,0.9981269301214531
2021,Q1,THER,dur_cod,True,168707,168707,0.0,0.9981269301214531
2021,Q2,DEMO,primaryid,True,89618,89618,0.0,0.0
2021,Q2,DEMO,caseid,True,89618,89618,0.0,0.0
2021,Q2,DEMO,age,False,89618,89618,,
2021,Q2,DEMO,age_cod,False,89618,89618,,
2021,Q2,DEMO,wt,False,89618,89618,,
2021,Q2,DEMO,wt_cod,False,89618,89618,,
2021,Q2,DEMO,rept_cod,True,89618,89618,0.0,0.0
2021,Q2,DEMO,e_sub,True,89618,89618,0.0,0.0
2021,Q2,DEMO,reporter_country,True,89618,89618,0.0,0.0
2021,Q2,DEMO,occr_country,True,89618,89618,0.0,0.0009931040639157313
2021,Q2,DEMO,event_dt,True,89618,89618,0.0,0.3210404159878596
2021,Q2,DEMO,fda_dt,True,89618,89618,0.0,0.0
2021,Q2,DRUG,primaryid,True,460085,460085,0.0,0.0
2021,Q2,DRUG,caseid,True,460085,460085,0.0,0.0
2021,Q2,DRUG,drugname,True,460085,460085,0.0,0.00012823717356575415
2021,Q2,DRUG,prod_ai,True,460085,460085,0.0,0.025756110283969267
2021,Q2,DRUG,role_cod,True,460085,460085,0.0,0.0
2021,Q2,INDI,primaryid,True,302364,302364,0.0,0.0
2021,Q2,INDI,caseid,True,302364,302364,0.0,0.0
2021,Q2,INDI,indi_pt,True,302364,302364,0.0,0.0
2021,Q2,RPSR,primaryid,True,4065,4065,0.0,0.0
2021,Q2,RPSR,caseid,True,4065,4065,0.0,0.0
2021,Q2,RPSR,rpsr_cod,True,4065,4065,0.0,0.0
2021,Q2,THER,primaryid,True,177409,177409,0.0,0.0
2021,Q2,THER,caseid,True,177409,177409,0.0,0.0
2021,Q2,THER,start_dt,True,177409,177409,0.0,0.04243865869262552
2021,Q2,THER,end_dt,True,177409,177409,0.0,0.5447976145516856
2021,Q2,THER,dur,True,177409,177409,0.0,0.9986415570799677
2021,Q2,THER,dur_cod,True,177409,177409,0.0,0.9986359203873535
2021,Q3,DEMO,primaryid,True,108873,108873,0.0,0.0
2021,Q3,DEMO,caseid,True,108873,108873,0.0,0.0
2021,Q3,DEMO,age,False,108873,108873,,
2021,Q3,DEMO,age_cod,False,108873,108873,,
2021,Q3,DEMO,wt,False,108873,108873,,
2021,Q3,DEMO,wt_cod,False,108873,108873,,
2021,Q3,DEMO,rept_cod,True,108873,108873,0.0,0.0
2021,Q3,DEMO,e_sub,True,108873,108873,0.0,0.0
2021,Q3,DEMO,reporter_country,True,108873,108873,0.0,0.0
2021,Q3,DEMO,occr_country,True,108873,108873,0.0,0.0007715411534540244
2021,Q3,DEMO,event_dt,True,108873,108873,0.0,0.2680462557291523
2021,Q3,DEMO,fda_dt,True,108873,108873,0.0,0.0
2021,Q3,DRUG,primaryid,True,526489,526489,0.0,0.0
2021,Q3,DRUG,caseid,True,526489,526489,0.0,0.0
2021,Q3,DRUG,drugname,True,526489,526489,0.0,9.686812070147714e-05
2021,Q3,DRUG,prod_ai,True,526489,526489,0.0,0.02330533021582597
2021,Q3,DRUG,role_cod,True,526489,526489,0.0,0.0
2021,Q3,INDI,primaryid,True,354707,354707,0.0,0.0
2021,Q3,INDI,caseid,True,354707,354707,0.0,0.0
2021,Q3,INDI,indi_pt,True,354707,354707,0.0,0.0
2021,Q3,RPSR,primaryid,True,4576,4576,0.0,0.0
2021,Q3,RPSR,caseid,True,4576,4576,0.0,0.0
2021,Q3,RPSR,rpsr_cod,True,4576,4576,0.0,0.0
2021,Q3,THER,primaryid,True,211416,211416,0.0,0.0
2021,Q3,THER,caseid,True,211416,211416,0.0,0.0
2021,Q3,THER,start_dt,True,211416,211416,0.0,0.03743330684527188
2021,Q3,THER,end_dt,True,211416,211416,0.0,0.4810042759299202
2021,Q3,THER,dur,True,211416,211416,0.0,0.9986945169712794
2021,Q3,THER,dur_cod,True,211416,211416,0.0,0.9986945169712794
2021,Q4,DEMO,primaryid,True,83721,83721,0.0,0.0
2021,Q4,DEMO,caseid,True,83721,83721,0.0,0.0
2021,Q4,DEMO,age,False,83721,83721,,
2021,Q4,DEMO,age_cod,False,83721,83721,,
2021,Q4,DEMO,wt,False,83721,83721,,
2021,Q4,DEMO,wt_cod,False,83721,83721,,
2021,Q4,DEMO,rept_cod,True,83721,83721,0.0,0.0
2021,Q4,DEMO,e_sub,True,83721,83721,0.0,0.0
2021,Q4,DEMO,reporter_country,True,83721,83721,0.0,0.0
2021,Q4,DEMO,occr_country,True,83721,83721,0.0,0.08196270947551988
2021,Q4,DEMO,event_dt,True,83721,83721,0.0,0.30248085904372857
2021,Q4,DEMO,fda_dt,True,83721,83721,0.0,0.0
2021,Q4,DRUG,primaryid,True,401540,401540,0.0,0.0
2021,Q4,DRUG,caseid,True,401540,401540,0.0,0.0
2021,Q4,DRUG,drugname,True,401540,401540,0.0,3.237535488369776e-05
2021,Q4,DRUG,prod_ai,True,401540,401540,0.0,0.028545101359764905
2021,Q4,DRUG,role_cod,True,401540,401540,0.0,0.0
2021,Q4,INDI,primaryid,True,264700,264700,0.0,0.0
2021,Q4,INDI,caseid,True,264700,264700,0.0,0.0
2021,Q4,INDI,indi_pt,True,264700,264700,0.0,0.0
2021,Q4,RPSR,primaryid,True,1350,1350,0.0,0.0
2021,Q4,RPSR,caseid,True,1350,1350,0.0,0.0
2021,Q4,RPSR,rpsr_cod,True,1350,1350,0.0,0.0
2021,Q4,THER,primaryid,True,168671,168671,0.0,0.0
2021,Q4,THER,caseid,True,168671,168671,0.0,0.0
2021,Q4,THER,start_dt,True,168671,168671,0.0,0.06626509595603275
2021,Q4,THER,end_dt,True,168671,168671,0.0,0.5439642855025464
2021,Q4,THER,dur,True,168671,168671,0.0,0.728008964196572
2021,Q4,THER,dur_cod,True,168671,168671,0.0,0.7280267503008816
2022,Q1,DEMO,primaryid,True,90114,90114,0.0,0.0
2022,Q1,DEMO,caseid,True,90114,90114,0.0,0.0
2022,Q1,DEMO,age,False,90114,90114,,
2022,Q1,DEMO,age_cod,False,90114,90114,,
2022,Q1,DEMO,wt,False,90114,90114,,
2022,Q1,DEMO,wt_cod,False,90114,90114,,
2022,Q1,DEMO,rept_cod,True,90114,90114,0.0,0.0
2022,Q1,DEMO,e_sub,True,90114,90114,0.0,0.0
2022,Q1,DEMO,reporter_country,True,90114,90114,0.0,0.0
2022,Q1,DEMO,occr_country,True,90114,90114,0.0,0.11656346405663937
2022,Q1,DEMO,event_dt,True,90114,90114,0.0,0.30381516745455756
2022,Q1,DEMO,fda_dt,True,90114,90114,0.0,0.0
2022,Q1,DRUG,primaryid,True,432922,432922,0.0,0.0
2022,Q1,DRUG,caseid,True,432922,432922,0.0,0.0
2022,Q1,DRUG,drugname,True,432922,432922,0.0,0.0
2022,Q1,DRUG,prod_ai,True,432922,432922,0.0,0.027057991970840013
2022,Q1,DRUG,role_cod,True,432922,432922,0.0,0.0
2022,Q1,INDI,primaryid,True,278590,278590,0.0,0.0
2022,Q1,INDI,caseid,True,278590,278590,0.0,0.0
2022,Q1,INDI,indi_pt,True,278590,278590,0.0,0.0
2022,Q1,RPSR,primaryid,True,3639,3639,0.0,0.0
2022,Q1,RPSR,caseid,True,3639,3639,0.0,0.0
2022,Q1,RPSR,rpsr_cod,True,3639,3639,0.0,0.0
2022,Q1,THER,primaryid,True,180235,180235,0.0,0.0
2022,Q1,THER,caseid,True,180235,180235,0.0,0.0
2022,Q1,THER,start_dt,True,180235,180235,0.0,0.06412738924182318
2022,Q1,THER,end_dt,True,180235,180235,0.0,0.5435792160235249
2022,Q1,THER,dur,True,180235,180235,0.0,0.7291147668321913
2022,Q1,THER,dur_cod,True,180235,180235,0.0,0.7291147668321913
2022,Q2,DEMO,primaryid,True,101952,101952,0.0,0.0
2022,Q2,DEMO,caseid,True,101952,101952,0.0,0.0
2022,Q2,DEMO,age,False,101952,101952,,
2022,Q2,DEMO,age_cod,False,101952,101952,,
2022,Q2,DEMO,wt,False,101952,101952,,
2022,Q2,DEMO,wt_cod,False,101952,101952,,
2022,Q2,DEMO,rept_cod,True,101952,101952,0.0,0.0
2022,Q2,DEMO,e_sub,True,101952,101952,0.0,0.0
2022,Q2,DEMO,reporter_country,True,101952,101952,0.0,0.0
2022,Q2,DEMO,occr_country,True,101952,101952,0.0,0.11467161016949153
2022,Q2,DEMO,event_dt,True,101952,101952,0.0,0.3447897049591965
2022,Q2,DEMO,fda_dt,True,101952,101952,0.0,0.0
2022,Q2,DRUG,primaryid,True,460581,460581,0.0,0.0
2022,Q2,DRUG,caseid,True,460581,460581,0.0,0.0
2022,Q2,DRUG,drugname,True,460581,460581,0.0,0.0
2022,Q2,DRUG,prod_ai,True,460581,460581,0.0,0.028487931547328267
2022,Q2,DRUG,role_cod,True,460581,460581,0.0,0.0
2022,Q2,INDI,primaryid,True,286795,286795,0.0,0.0
2022,Q2,INDI,caseid,True,286795,286795,0.0,0.0
2022,Q2,INDI,indi_pt,True,286795,286795,0.0,0.0
2022,Q2,RPSR,primaryid,True,3702,3702,0.0,0.0
2022,Q2,RPSR,caseid,True,3702,3702,0.0,0.0
2022,Q2,RPSR,rpsr_cod,True,3702,3702,0.0,0.0
2022,Q2,THER,primaryid,True,190428,190428,0.0,0.0
2022,Q2,THER,caseid,True,190428,190428,0.0,0.0
2022,Q2,THER,start_dt,True,190428,190428,0.0,0.06378263700716282
2022,Q2,THER,end_dt,True,190428,190428,0.0,0.5506018022559708
2022,Q2,THER,dur,True,190428,190428,0.0,0.7013831999495872
2022,Q2,THER,dur_cod,True,190428,190428,0.0,0.7013831999495872
2022,Q3,DEMO,primaryid,True,100460,100460,0.0,0.0
2022,Q3,DEMO,caseid,True,100460,100460,0.0,0.0
2022,Q3,DEMO,age,False,100460,100460,,
2022,Q3,DEMO,age_cod,False,100460,100460,,
2022,Q3,DEMO,wt,False,100460,100460,,
2022,Q3,DEMO,wt_cod,False,100460,100460,,
2022,Q3,DEMO,rept_cod,True,100460,100460,0.0,0.0
2022,Q3,DEMO,e_sub,True,100460,100460,0.0,0.0
2022,Q3,DEMO,reporter_country,True,100460,100460,0.0,0.0
2022,Q3,DEMO,occr_country,True,100460,100460,0.0,0.1110790364324109
2022,Q3,DEMO,event_dt,True,100460,100460,0.0,0.3231634481385626
2022,Q3,DEMO,fda_dt,True,100460,100460,0.0,0.0
2022,Q3,DRUG,primaryid,True,474800,474800,0.0,0.0
2022,Q3,DRUG,caseid,True,474800,474800,0.0,0.0
2022,Q3,DRUG,drugname,True,474800,474800,0.0,0.0
2022,Q3,DRUG,prod_ai,True,474800,474800,0.0,0.031006739679865208
2022,Q3,DRUG,role_cod,True,474800,474800,0.0,0.0
2022,Q3,INDI,primaryid,True,305894,305894,0.0,0.0
2022,Q3,INDI,caseid,True,305894,305894,0.0,0.0
2022,Q3,INDI,indi_pt,True,305894,305894,0.0,0.0
2022,Q3,RPSR,primaryid,True,3963,3963,0.0,0.0
2022,Q3,RPSR,caseid,True,3963,3963,0.0,0.0
2022,Q3,RPSR,rpsr_cod,True,3963,3963,0.0,0.0
2022,Q3,THER,primaryid,True,193466,193466,0.0,0.0
2022,Q3,THER,caseid,True,193466,193466,0.0,0.0
2022,Q3,THER,start_dt,True,193466,193466,0.0,0.0665129790247382
2022,Q3,THER,end_dt,True,193466,193466,0.0,0.5094952084604013
2022,Q3,THER,dur,True,193466,193466,0.0,0.6693320790216368
2022,Q3,THER,dur_cod,True,193466,193466,0.0,0.6693320790216368
2022,Q4,DEMO,primaryid,True,99008,99008,0.0,0.0
2022,Q4,DEMO,caseid,True,99008,99008,0.0,0.0
2022,Q4,DEMO,age,False,99008,99008,,
2022,Q4,DEMO,age_cod,False,99008,99008,,
2022,Q4,DEMO,wt,False,99008,99008,,
2022,Q4,DEMO,wt_cod,False,99008,99008,,
2022,Q4,DEMO,rept_cod,True,99008,99008,0.0,0.0
2022,Q4,DEMO,e_sub,True,99008,99008,0.0,0.0
2022,Q4,DEMO,reporter_country,True,99008,99008,0.0,0.0
2022,Q4,DEMO,occr_country,True,99008,99008,0.0,0.11164754363283776
2022,Q4,DEMO,event_dt,True,99008,99008,0.0,0.3497798157724628
2022,Q4,DEMO,fda_dt,True,99008,99008,0.0,0.0
2022,Q4,DRUG,primaryid,True,505626,505626,0.0,0.0
2022,Q4,DRUG,caseid,True,505626,505626,0.0,0.0
2022,Q4,DRUG,drugname,True,505626,505626,0.0,0.0
2022,Q4,DRUG,prod_ai,True,505626,505626,0.0,0.03253788373224478
2022,Q4,DRUG,role_cod,True,505626,505626,0.0,0.0
2022,Q4,INDI,primaryid,True,329851,329851,0.0,0.0
2022,Q4,INDI,caseid,True,329851,329851,0.0,0.0
2022,Q4,INDI,indi_pt,True,329851,329851,0.0,0.0
2022,Q4,RPSR,primaryid,True,3371,3371,0.0,0.0
2022,Q4,RPSR,caseid,True,3371,3371,0.0,0.0
2022,Q4,RPSR,rpsr_cod,True,3371,3371,0.0,0.0
2022,Q4,THER,primaryid,True,193061,193061,0.0,0.0
2022,Q4,THER,caseid,True,193061,193061,0.0,0.0
2022,Q4,THER,start_dt,True,193061,193061,0.0,0.06636762474036703
2022,Q4,THER,end_dt,True,193061,193061,0.0,0.5259011400541798
2022,Q4,THER,dur,True,193061,193061,0.0,0.6438068796908749
2022,Q4,THER,dur_cod,True,193061,193061,0.0,0.6438068796908749
2023,Q1,DEMO,primaryid,True,92405,92405,0.0,0.0
2023,Q1,DEMO,caseid,True,92405,92405,0.0,0.0
2023,Q1,DEMO,age,False,92405,92405,,
2023,Q1,DEMO,age_cod,False,92405,92405,,
2023,Q1,DEMO,wt,False,92405,92405,,
2023,Q1,DEMO,wt_cod,False,92405,92405,,
2023,Q1,DEMO,rept_cod,True,92405,92405,0.0,0.0
2023,Q1,DEMO,e_sub,True,92405,92405,0.0,0.0
2023,Q1,DEMO,reporter_country,True,92405,92405,0.0,0.0
2023,Q1,DEMO,occr_country,True,92405,92405,0.0,0.11400898219793301
2023,Q1,DEMO,event_dt,True,92405,92405,0.0,0.3615929873924571
2023,Q1,DEMO,fda_dt,True,92405,92405,0.0,0.0
2023,Q1,DRUG,primaryid,True,487543,487543,0.0,0.0
2023,Q1,DRUG,caseid,True,487543,487543,0.0,0.0
2023,Q1,DRUG,drugname,True,487543,487543,0.0,2.0511011336435967e-06
2023,Q1,DRUG,prod_ai,True,487543,487543,0.0,0.03160131516604689
2023,Q1,DRUG,role_cod,True,487543,487543,0.0,0.0
2023,Q1,INDI,primaryid,True,304726,304726,0.0,0.0
2023,Q1,INDI,caseid,True,304726,304726,0.0,0.0
2023,Q1,INDI,indi_pt,True,304726,304726,0.0,0.0
2023,Q1,RPSR,primaryid,True,3091,3091,0.0,0.0
2023,Q1,RPSR,caseid,True,3091,3091,0.0,0.0
2023,Q1,RPSR,rpsr_cod,True,3091,3091,0.0,0.0
2023,Q1,THER,primaryid,True,184191,184191,0.0,0.0
2023,Q1,THER,caseid,True,184191,184191,0.0,0.0
2023,Q1,THER,start_dt,True,184191,184191,0.0,0.06685451515003447
2023,Q1,THER,end_dt,True,184191,184191,0.0,0.5451134963163238
2023,Q1,THER,dur,True,184191,184191,0.0,0.63168667307306
2023,Q1,THER,dur_cod,True,184191,184191,0.0,0.6316812439261419
2023,Q2,DEMO,primaryid,True,88594,88594,0.0,0.0
2023,Q2,DEMO,caseid,True,88594,88594,0.0,0.0
2023,Q2,DEMO,age,False,88594,88594,,
2023,Q2,DEMO,age_cod,False,88594,88594,,
2023,Q2,DEMO,wt,False,88594,88594,,
2023,Q2,DEMO,wt_cod,False,88594,88594,,
2023,Q2,DEMO,rept_cod,True,88594,88594,0.0,0.0
2023,Q2,DEMO,e_sub,True,88594,88594,0.0,0.0
2023,Q2,DEMO,reporter_country,True,88594,88594,0.0,0.0
2023,Q2,DEMO,occr_country,True,88594,88594,0.0,0.11843917195295392
2023,Q2,DEMO,event_dt,True,88594,88594,0.0,0.3659728649795697
2023,Q2,DEMO,fda_dt,True,88594,88594,0.0,0.0
2023,Q2,DRUG,primaryid,True,473952,473952,0.0,0.0
2023,Q2,DRUG,caseid,True,473952,473952,0.0,0.0
2023,Q2,DRUG,drugname,True,473952,473952,0.0,0.0
2023,Q2,DRUG,prod_ai,True,473952,473952,0.0,0.02746269664438593
2023,Q2,DRUG,role_cod,True,473952,473952,0.0,0.0
2023,Q2,INDI,primaryid,True,295474,295474,0.0,0.0
2023,Q2,INDI,caseid,True,295474,295474,0.0,0.0
2023,Q2,INDI,indi_pt,True,295474,295474,0.0,0.0
2023,Q2,RPSR,primaryid,True,3277,3277,0.0,0.0
2023,Q2,RPSR,caseid,True,3277,3277,0.0,0.0
2023,Q2,RPSR,rpsr_cod,True,3277,3277,0.0,0.0
2023,Q2,THER,primaryid,True,177117,177117,0.0,0.0
2023,Q2,THER,caseid,True,177117,177117,0.0,0.0
2023,Q2,THER,start_dt,True,177117,177117,0.0,0.06240507687009152
2023,Q2,THER,end_dt,True,177117,177117,0.0,0.563819396218319
2023,Q2,THER,dur,True,177117,177117,0.0,0.649660958575405
2023,Q2,THER,dur_cod,True,177117,177117,0.0,0.649660958575405
2023,Q3,DEMO,primaryid,True,85129,85129,0.0,0.0
2023,Q3,DEMO,caseid,True,85129,85129,0.0,0.0
2023,Q3,DEMO,age,False,85129,85129,,
2023,Q3,DEMO,age_cod,False,85129,85129,,
2023,Q3,DEMO,wt,False,85129,85129,,
2023,Q3,DEMO,wt_cod,False,85129,85129,,
2023,Q3,DEMO,rept_cod,True,85129,85129,0.0,0.0
2023,Q3,DEMO,e_sub,True,85129,85129,0.0,0.0
2023,Q3,DEMO,reporter_country,True,85129,85129,0.0,0.0
2023,Q3,DEMO,occr_country,True,85129,85129,0.0,0.10670864217834111
2023,Q3,DEMO,event_dt,True,85129,85129,0.0,0.38236088759412185
2023,Q3,DEMO,fda_dt,True,85129,85129,0.0,0.0
2023,Q3,DRUG,primaryid,True,436782,436782,0.0,0.0
2023,Q3,DRUG,caseid,True,436782,436782,0.0,0.0
2023,Q3,DRUG,drugname,True,436782,436782,0.0,0.0
2023,Q3,DRUG,prod_ai,True,436782,436782,0.0,0.023954741724704774
2023,Q3,DRUG,role_cod,True,436782,436782,0.0,0.0
2023,Q3,INDI,primaryid,True,277498,277498,0.0,0.0
2023,Q3,INDI,caseid,True,277498,277498,0.0,0.0
2023,Q3,INDI,indi_pt,True,277498,277498,0.0,0.0
2023,Q3,RPSR,primaryid,True,2516,2516,0.0,0.0
2023,Q3,RPSR,caseid,True,2516,2516,0.0,0.0
2023,Q3,RPSR,rpsr_cod,True,2516,2516,0.0,0.0
2023,Q3,THER,primaryid,True,163153,163153,0.0,0.0
2023,Q3,THER,caseid,True,163153,163153,0.0,0.0
2023,Q3,THER,start_dt,True,163153,163153,0.0,0.06145152096498379
2023,Q3,THER,end_dt,True,163153,163153,0.0,0.5505752269342273
2023,Q3,THER,dur,True,163153,163153,0.0,0.6433654299951579
2023,Q3,THER,dur_cod,True,163153,163153,0.0,0.643377688427427
2023,Q4,DEMO,primaryid,True,92316,92316,0.0,0.0
2023,Q4,DEMO,caseid,True,92316,92316,0.0,0.0
2023,Q4,DEMO,age,False,92316,92316,,
2023,Q4,DEMO,age_cod,False,92316,92316,,
2023,Q4,DEMO,wt,False,92316,92316,,
2023,Q4,DEMO,wt_cod,False,92316,92316,,
2023,Q4,DEMO,rept_cod,True,92316,92316,0.0,0.0
2023,Q4,DEMO,e_sub,True,92316,92316,0.0,0.0
2023,Q4,DEMO,reporter_country,True,92316,92316,0.0,0.0
2023,Q4,DEMO,occr_country,True,92316,92316,0.0,0.1017808397244248
2023,Q4,DEMO,event_dt,True,92316,92316,0.0,0.3822197668876468
2023,Q4,DEMO,fda_dt,True,92316,92316,0.0,0.0
2023,Q4,DRUG,primaryid,True,470813,470813,0.0,0.0
2023,Q4,DRUG,caseid,True,470813,470813,0.0,0.0
2023,Q4,DRUG,drugname,True,470813,470813,0.0,0.0
2023,Q4,DRUG,prod_ai,True,470813,470813,0.0,0.022320963949593577
2023,Q4,DRUG,role_cod,True,470813,470813,0.0,0.0
2023,Q4,INDI,primaryid,True,297660,297660,0.0,0.0
2023,Q4,INDI,caseid,True,297660,297660,0.0,0.0
2023,Q4,INDI,indi_pt,True,297660,297660,0.0,0.0
2023,Q4,RPSR,primaryid,True,3703,3703,0.0,0.0
2023,Q4,RPSR,caseid,True,3703,3703,0.0,0.0
2023,Q4,RPSR,rpsr_cod,True,3703,3703,0.0,0.0
2023,Q4,THER,primaryid,True,173771,173771,0.0,0.0
2023,Q4,THER,caseid,True,173771,173771,0.0,0.0
2023,Q4,THER,start_dt,True,173771,173771,0.0,0.06493603650781776
2023,Q4,THER,end_dt,True,173771,173771,0.0,0.5516398018081268
2023,Q4,THER,dur,True,173771,173771,0.0,0.658527602419276
2023,Q4,THER,dur_cod,True,173771,173771,0.0,0.6585563759200327
2024,Q1,DEMO,primaryid,True,96534,96534,0.0,0.0
2024,Q1,DEMO,caseid,True,96534,96534,0.0,0.0
2024,Q1,DEMO,age,False,96534,96534,,
2024,Q1,DEMO,age_cod,False,96534,96534,,
2024,Q1,DEMO,wt,False,96534,96534,,
2024,Q1,DEMO,wt_cod,False,96534,96534,,
2024,Q1,DEMO,rept_cod,True,96534,96534,0.0,0.0
2024,Q1,DEMO,e_sub,True,96534,96534,0.0,0.0
2024,Q1,DEMO,reporter_country,True,96534,96534,0.0,0.0
2024,Q1,DEMO,occr_country,True,96534,96534,0.0,0.08892203783123044
2024,Q1,DEMO,event_dt,True,96534,96534,0.0,0.39290819814780287
2024,Q1,DEMO,fda_dt,True,96534,96534,0.0,0.0
2024,Q1,DRUG,primaryid,True,489664,489664,0.0,0.0
2024,Q1,DRUG,caseid,True,489664,489664,0.0,0.0
2024,Q1,DRUG,drugname,True,489664,489664,0.0,0.0
2024,Q1,DRUG,prod_ai,True,489664,489664,0.0,0.022292837537576788
2024,Q1,DRUG,role_cod,True,489664,489664,0.0,0.0
2024,Q1,INDI,primaryid,True,313318,313318,0.0,0.0
2024,Q1,INDI,caseid,True,313318,313318,0.0,0.0
2024,Q1,INDI,indi_pt,True,313318,313318,0.0,0.0
2024,Q1,RPSR,primaryid,True,3087,3087,0.0,0.0
2024,Q1,RPSR,caseid,True,3087,3087,0.0,0.0
2024,Q1,RPSR,rpsr_cod,True,3087,3087,0.0,0.0
2024,Q1,THER,primaryid,True,164491,164491,0.0,0.0
2024,Q1,THER,caseid,True,164491,164491,0.0,0.0
2024,Q1,THER,start_dt,True,164491,164491,0.0,0.07191274902578257
2024,Q1,THER,end_dt,True,164491,164491,0.0,0.5544011526466494
2024,Q1,THER,dur,True,164491,164491,0.0,0.6579630496501329
2024,Q1,THER,dur_cod,True,164491,164491,0.0,0.6579448115702379
2024,Q2,DEMO,primaryid,True,93215,93215,0.0,0.0
2024,Q2,DEMO,caseid,True,93215,93215,0.0,0.0
2024,Q2,DEMO,age,False,93215,93215,,
2024,Q2,DEMO,age_cod,False,93215,93215,,
2024,Q2,DEMO,wt,False,93215,93215,,
2024,Q2,DEMO,wt_cod,False,93215,93215,,
2024,Q2,DEMO,rept_cod,True,93215,93215,0.0,0.0
2024,Q2,DEMO,e_sub,True,93215,93215,0.0,0.0
2024,Q2,DEMO,reporter_country,True,93215,93215,0.0,0.0
2024,Q2,DEMO,occr_country,True,93215,93215,0.0,0.1035455667006383
2024,Q2,DEMO,event_dt,True,93215,93215,0.0,0.39512953923724725
2024,Q2,DEMO,fda_dt,True,93215,93215,0.0,0.0
2024,Q2,DRUG,primaryid,True,487156,487156,0.0,0.0
2024,Q2,DRUG,caseid,True,487156,487156,0.0,0.0
2024,Q2,DRUG,drugname,True,487156,487156,0.0,2.0527305421671906e-06
2024,Q2,DRUG,prod_ai,True,487156,487156,0.0,0.02230086461010436
2024,Q2,DRUG,role_cod,True,487156,487156,0.0,0.0
2024,Q2,INDI,primaryid,True,314045,314045,0.0,0.0
2024,Q2,INDI,caseid,True,314045,314045,0.0,0.0
2024,Q2,INDI,indi_pt,True,314045,314045,0.0,0.0
2024,Q2,RPSR,primaryid,True,3546,3546,0.0,0.0
2024,Q2,RPSR,caseid,True,3546,3546,0.0,0.0
2024,Q2,RPSR,rpsr_cod,True,3546,3546,0.0,0.0
2024,Q2,THER,primaryid,True,151932,151932,0.0,0.0
2024,Q2,THER,caseid,True,151932,151932,0.0,0.0
2024,Q2,THER,start_dt,True,151932,151932,0.0,0.0755337914330095
2024,Q2,THER,end_dt,True,151932,151932,0.0,0.5677869046678777
2024,Q2,THER,dur,True,151932,151932,0.0,0.6696614274807151
2024,Q2,THER,dur_cod,True,151932,151932,0.0,0.6697404101835032
2024,Q3,DEMO,primaryid,True,92241,92241,0.0,0.0
2024,Q3,DEMO,caseid,True,92241,92241,0.0,0.0
2024,Q3,DEMO,age,False,92241,92241,,
2024,Q3,DEMO,age_cod,False,92241,92241,,
2024,Q3,DEMO,wt,False,92241,92241,,
2024,Q3,DEMO,wt_cod,False,92241,92241,,
2024,Q3,DEMO,rept_cod,True,92241,92241,0.0,0.0
2024,Q3,DEMO,e_sub,True,92241,92241,0.0,0.0
2024,Q3,DEMO,reporter_country,True,92241,92241,0.0,0.0
2024,Q3,DEMO,occr_country,True,92241,92241,0.0,0.08382389609826434
2024,Q3,DEMO,event_dt,True,92241,92241,0.0,0.399670428551295
2024,Q3,DEMO,fda_dt,True,92241,92241,0.0,0.0
2024,Q3,DRUG,primaryid,True,482273,482273,0.0,0.0
2024,Q3,DRUG,caseid,True,482273,482273,0.0,0.0
2024,Q3,DRUG,drugname,True,482273,482273,0.0,0.0
2024,Q3,DRUG,prod_ai,True,482273,482273,0.0,0.023016009604518602
2024,Q3,DRUG,role_cod,True,482273,482273,0.0,0.0
2024,Q3,INDI,primaryid,True,303144,303144,0.0,0.0
2024,Q3,INDI,caseid,True,303144,303144,0.0,0.0
2024,Q3,INDI,indi_pt,True,303144,303144,0.0,0.0
2024,Q3,RPSR,primaryid,True,2626,2626,0.0,0.0
2024,Q3,RPSR,caseid,True,2626,2626,0.0,0.0
2024,Q3,RPSR,rpsr_cod,True,2626,2626,0.0,0.0
2024,Q3,THER,primaryid,True,149434,149434,0.0,0.0
2024,Q3,THER,caseid,True,149434,149434,0.0,0.0
2024,Q3,THER,start_dt,True,149434,149434,0.0,0.07292182501974116
2024,Q3,THER,end_dt,True,149434,149434,0.0,0.5677824323781736
2024,Q3,THER,dur,True,149434,149434,0.0,0.666836195243385
2024,Q3,THER,dur_cod,True,149434,149434,0.0,0.6669031144184054
2024,Q4,DEMO,primaryid,True,90860,90860,0.0,0.0
2024,Q4,DEMO,caseid,True,90860,90860,0.0,0.0
2024,Q4,DEMO,age,False,90860,90860,,
2024,Q4,DEMO,age_cod,False,90860,90860,,
2024,Q4,DEMO,wt,False,90860,90860,,
2024,Q4,DEMO,wt_cod,False,90860,90860,,
2024,Q4,DEMO,rept_cod,True,90860,90860,0.0,0.0
2024,Q4,DEMO,e_sub,True,90860,90860,0.0,0.0
2024,Q4,DEMO,reporter_country,True,90860,90860,0.0,0.0
2024,Q4,DEMO,occr_country,True,90860,90860,0.0,0.05922298040942109
2024,Q4,DEMO,event_dt,True,90860,90860,0.0,0.4087607307946291
2024,Q4,DEMO,fda_dt,True,90860,90860,0.0,0.0
2024,Q4,DRUG,primaryid,True,464737,464737,0.0,0.0
2024,Q4,DRUG,caseid,True,464737,464737,0.0,0.0
2024,Q4,DRUG,drugname,True,464737,464737,0.0,1.5062282538295854e-05
2024,Q4,DRUG,prod_ai,True,464737,464737,0.0,0.020882778862023037
2024,Q4,DRUG,role_cod,True,464737,464737,0.0,0.0
2024,Q4,INDI,primaryid,True,292259,292259,0.0,0.0
2024,Q4,INDI,caseid,True,292259,292259,0.0,0.0
2024,Q4,INDI,indi_pt,True,292259,292259,0.0,0.0
2024,Q4,RPSR,primaryid,True,3753,3753,0.0,0.0
2024,Q4,RPSR,caseid,True,3753,3753,0.0,0.0
2024,Q4,RPSR,rpsr_cod,True,3753,3753,0.0,0.0
2024,Q4,THER,primaryid,True,149984,149984,0.0,0.0
2024,Q4,THER,caseid,True,149984,149984,0.0,0.0
2024,Q4,THER,start_dt,True,149984,149984,0.0,0.07090756347343717
2024,Q4,THER,end_dt,True,149984,149984,0.0,0.5485451781523363
2024,Q4,THER,dur,True,149984,149984,0.0,0.6620506187326648
2024,Q4,THER,dur_cod,True,149984,149984,0.0,0.6620706208662257
2025,Q1,DEMO,primaryid,True,89103,89103,0.0,0.0
2025,Q1,DEMO,caseid,True,89103,89103,0.0,0.0
2025,Q1,DEMO,age,False,89103,89103,,
2025,Q1,DEMO,age_cod,False,89103,89103,,
2025,Q1,DEMO,wt,False,89103,89103,,
2025,Q1,DEMO,wt_cod,False,89103,89103,,
2025,Q1,DEMO,rept_cod,True,89103,89103,0.0,0.0
2025,Q1,DEMO,e_sub,True,89103,89103,0.0,0.0
2025,Q1,DEMO,reporter_country,True,89103,89103,0.0,0.0
2025,Q1,DEMO,occr_country,True,89103,89103,0.0,0.04987486392152902
2025,Q1,DEMO,event_dt,True,89103,89103,0.0,0.4037237803440962
2025,Q1,DEMO,fda_dt,True,89103,89103,0.0,0.0
2025,Q1,DRUG,primaryid,True,480547,480547,0.0,0.0
2025,Q1,DRUG,caseid,True,480547,480547,0.0,0.0
2025,Q1,DRUG,drugname,True,480547,480547,0.0,0.0
2025,Q1,DRUG,prod_ai,True,480547,480547,0.0,0.022728265913635918
2025,Q1,DRUG,role_cod,True,480547,480547,0.0,0.0
2025,Q1,INDI,primaryid,True,307142,307142,0.0,0.0
2025,Q1,INDI,caseid,True,307142,307142,0.0,0.0
2025,Q1,INDI,indi_pt,True,307142,307142,0.0,0.0
2025,Q1,RPSR,primaryid,True,3009,3009,0.0,0.0
2025,Q1,RPSR,caseid,True,3009,3009,0.0,0.0
2025,Q1,RPSR,rpsr_cod,True,3009,3009,0.0,0.0
2025,Q1,THER,primaryid,True,143089,143089,0.0,0.0
2025,Q1,THER,caseid,True,143089,143089,0.0,0.0
2025,Q1,THER,start_dt,True,143089,143089,0.0,0.07294061737799551
2025,Q1,THER,end_dt,True,143089,143089,0.0,0.5435498186443403
2025,Q1,THER,dur,True,143089,143089,0.0,0.6516923033915955
2025,Q1,THER,dur_cod,True,143089,143089,0.0,0.6517412239934586
2025,Q2,DEMO,primaryid,True,84932,84932,0.0,0.0
2025,Q2,DEMO,caseid,True,84932,84932,0.0,0.0
2025,Q2,DEMO,age,False,84932,84932,,
2025,Q2,DEMO,age_cod,False,84932,84932,,
2025,Q2,DEMO,wt,False,84932,84932,,
2025,Q2,DEMO,wt_cod,False,84932,84932,,
2025,Q2,DEMO,rept_cod,True,84932,84932,0.0,0.0
2025,Q2,DEMO,e_sub,True,84932,84932,0.0,0.0
2025,Q2,DEMO,reporter_country,True,84932,84932,0.0,0.0
2025,Q2,DEMO,occr_country,True,84932,84932,0.0,0.058953044788772196
2025,Q2,DEMO,event_dt,True,84932,84932,0.0,0.3935854566005746
2025,Q2,DEMO,fda_dt,True,84932,84932,0.0,0.0
2025,Q2,DRUG,primaryid,True,454409,454409,0.0,0.0
2025,Q2,DRUG,caseid,True,454409,454409,0.0,0.0
2025,Q2,DRUG,drugname,True,454409,454409,0.0,0.0
2025,Q2,DRUG,prod_ai,True,454409,454409,0.0,0.02442953374603056
2025,Q2,DRUG,role_cod,True,454409,454409,0.0,0.0
2025,Q2,INDI,primaryid,True,295246,295246,0.0,0.0
2025,Q2,INDI,caseid,True,295246,295246,0.0,0.0
2025,Q2,INDI,indi_pt,True,295246,295246,0.0,0.0
2025,Q2,RPSR,primaryid,True,3263,3263,0.0,0.0
2025,Q2,RPSR,caseid,True,3263,3263,0.0,0.0
2025,Q2,RPSR,rpsr_cod,True,3263,3263,0.0,0.0
2025,Q2,THER,primaryid,True,144381,144381,0.0,0.0
2025,Q2,THER,caseid,True,144381,144381,0.0,0.0
2025,Q2,THER,start_dt,True,144381,144381,0.0,0.063443250843255
2025,Q2,THER,end_dt,True,144381,144381,0.0,0.524120209722886
2025,Q2,THER,dur,True,144381,144381,0.0,0.643076305053989
2025,Q2,THER,dur_cod,True,144381,144381,0.0,0.643076305053989
2025,Q3,DEMO,primaryid,True,98323,98323,0.0,0.0
2025,Q3,DEMO,caseid,True,98323,98323,0.0,0.0
2025,Q3,DEMO,age,False,98323,98323,,
2025,Q3,DEMO,age_cod,False,98323,98323,,
2025,Q3,DEMO,wt,False,98323,98323,,
2025,Q3,DEMO,wt_cod,False,98323,98323,,
2025,Q3,DEMO,rept_cod,True,98323,98323,0.0,0.0
2025,Q3,DEMO,e_sub,True,98323,98323,0.0,0.0
2025,Q3,DEMO,reporter_country,True,98323,98323,0.0,0.0
2025,Q3,DEMO,occr_country,True,98323,98323,0.0,0.047404981540433065
2025,Q3,DEMO,event_dt,True,98323,98323,0.0,0.4011980920028884
2025,Q3,DEMO,fda_dt,True,98323,98323,0.0,0.0
2025,Q3,DRUG,primaryid,True,531395,531395,0.0,0.0
2025,Q3,DRUG,caseid,True,531395,531395,0.0,0.0
2025,Q3,DRUG,drugname,True,531395,531395,0.0,0.0
2025,Q3,DRUG,prod_ai,True,531395,531395,0.0,0.026850083271389456
2025,Q3,DRUG,role_cod,True,531395,531395,0.0,0.0
2025,Q3,INDI,primaryid,True,332516,332516,0.0,0.0
2025,Q3,INDI,caseid,True,332516,332516,0.0,0.0
2025,Q3,INDI,indi_pt,True,332516,332516,0.0,0.0
2025,Q3,RPSR,primaryid,True,2999,2999,0.0,0.0
2025,Q3,RPSR,caseid,True,2999,2999,0.0,0.0
2025,Q3,RPSR,rpsr_cod,True,2999,2999,0.0,0.0
2025,Q3,THER,primaryid,True,148733,148733,0.0,0.0
2025,Q3,THER,caseid,True,148733,148733,0.0,0.0
2025,Q3,THER,start_dt,True,148733,148733,0.0,0.08064114890441261
2025,Q3,THER,end_dt,True,148733,148733,0.0,0.5417627560796864
2025,Q3,THER,dur,True,148733,148733,0.0,0.6452165961824209
2025,Q3,THER,dur_cod,True,148733,148733,0.0,0.6452972776720701
2025,Q4,DEMO,primaryid,True,86945,86945,0.0,0.0
2025,Q4,DEMO,caseid,True,86945,86945,0.0,0.0
2025,Q4,DEMO,age,False,86945,86945,,
2025,Q4,DEMO,age_cod,False,86945,86945,,
2025,Q4,DEMO,wt,False,86945,86945,,
2025,Q4,DEMO,wt_cod,False,86945,86945,,
2025,Q4,DEMO,rept_cod,True,86945,86945,0.0,0.0
2025,Q4,DEMO,e_sub,True,86945,86945,0.0,0.0
2025,Q4,DEMO,reporter_country,True,86945,86945,0.0,0.0
2025,Q4,DEMO,occr_country,True,86945,86945,0.0,0.049088504226810055
2025,Q4,DEMO,event_dt,True,86945,86945,0.0,0.39171890275461496
2025,Q4,DEMO,fda_dt,True,86945,86945,0.0,0.0
2025,Q4,DRUG,primaryid,True,464086,464086,0.0,0.0
2025,Q4,DRUG,caseid,True,464086,464086,0.0,0.0
2025,Q4,DRUG,drugname,True,464086,464086,0.0,0.0
2025,Q4,DRUG,prod_ai,True,464086,464086,0.0,0.02808746654714859
2025,Q4,DRUG,role_cod,True,464086,464086,0.0,0.0
2025,Q4,INDI,primaryid,True,303703,303703,0.0,0.0
2025,Q4,INDI,caseid,True,303703,303703,0.0,0.0
2025,Q4,INDI,indi_pt,True,303703,303703,0.0,0.0
2025,Q4,RPSR,primaryid,True,3027,3027,0.0,0.0
2025,Q4,RPSR,caseid,True,3027,3027,0.0,0.0
2025,Q4,RPSR,rpsr_cod,True,3027,3027,0.0,0.0
2025,Q4,THER,primaryid,True,139629,139629,0.0,0.0
2025,Q4,THER,caseid,True,139629,139629,0.0,0.0
2025,Q4,THER,start_dt,True,139629,139629,0.0,0.070493951829491
2025,Q4,THER,end_dt,True,139629,139629,0.0,0.5124293663923684
2025,Q4,THER,dur,True,139629,139629,0.0,0.6401463879280093
2025,Q4,THER,dur_cod,True,139629,139629,0.0,0.6401535497640175
