"copied_at","source_dir","copied_file","relative_file","bytes","last_write_time"
"2026-06-01 15:50:04","D:\program_FAERS\runs\mainline_2026-05-20\OUTPUT_ML\logistic_regression","D:\program_FAERS\output20260601\machine_learning\logistic_regression_all_post20260525_runs\is_fall_all_2004_2025_v2_core_20260528_015926\best_params.json","machine_learning\logistic_regression_all_post20260525_runs\is_fall_all_2004_2025_v2_core_20260528_015926\best_params.json","673","2026-05-28 01:59:32"
"2026-06-01 15:50:04","D:\program_FAERS\runs\mainline_2026-05-20\OUTPUT_ML\logistic_regression","D:\program_FAERS\output20260601\machine_learning\logistic_regression_all_post20260525_runs\is_fall_all_2004_2025_v2_core_20260528_015926\coefficients.csv","machine_learning\logistic_regression_all_post20260525_runs\is_fall_all_2004_2025_v2_core_20260528_015926\coefficients.csv","28965","2026-05-28 01:59:34"
"2026-06-01 15:50:04","D:\program_FAERS\runs\mainline_2026-05-20\OUTPUT_ML\logistic_regression","D:\program_FAERS\output20260601\machine_learning\logistic_regression_all_post20260525_runs\is_fall_all_2004_2025_v2_core_20260528_015926\cv_metrics.csv","machine_learning\logistic_regression_all_post20260525_runs\is_fall_all_2004_2025_v2_core_20260528_015926\cv_metrics.csv","1262","2026-05-28 01:59:32"
"2026-06-01 15:50:04","D:\program_FAERS\runs\mainline_2026-05-20\OUTPUT_ML\logistic_regression","D:\program_FAERS\output20260601\machine_learning\logistic_regression_all_post20260525_runs\is_fall_all_2004_2025_v2_core_20260528_015926\interpretation_summary.md","machine_learning\logistic_regression_all_post20260525_runs\is_fall_all_2004_2025_v2_core_20260528_015926\interpretation_summary.md","2207","2026-05-28 01:59:34"
"2026-06-01 15:50:04","D:\program_FAERS\runs\mainline_2026-05-20\OUTPUT_ML\logistic_regression","D:\program_FAERS\output20260601\machine_learning\logistic_regression_all_post20260525_runs\is_fall_all_2004_2025_v2_core_20260528_015926\metrics.json","machine_learning\logistic_regression_all_post20260525_runs\is_fall_all_2004_2025_v2_core_20260528_015926\metrics.json","10950","2026-05-28 01:59:32"
"2026-06-01 15:50:04","D:\program_FAERS\runs\mainline_2026-05-20\OUTPUT_ML\logistic_regression","D:\program_FAERS\output20260601\machine_learning\logistic_regression_all_post20260525_runs\is_fall_all_2004_2025_v2_core_20260528_015926\model_card.md","machine_learning\logistic_regression_all_post20260525_runs\is_fall_all_2004_2025_v2_core_20260528_015926\model_card.md","2869","2026-05-28 01:59:34"
"2026-06-01 15:50:04","D:\program_FAERS\runs\mainline_2026-05-20\OUTPUT_ML\logistic_regression","D:\program_FAERS\output20260601\machine_learning\logistic_regression_all_post20260525_runs\is_fall_all_2004_2025_v2_core_20260528_015926\odds_ratios.csv","machine_learning\logistic_regression_all_post20260525_runs\is_fall_all_2004_2025_v2_core_20260528_015926\odds_ratios.csv","20545","2026-05-28 01:59:34"
"2026-06-01 15:50:04","D:\program_FAERS\runs\mainline_2026-05-20\OUTPUT_ML\logistic_regression","D:\program_FAERS\output20260601\machine_learning\logistic_regression_all_post20260525_runs\is_fall_all_2004_2025_v2_core_20260528_015926\split_summary.csv","machine_learning\logistic_regression_all_post20260525_runs\is_fall_all_2004_2025_v2_core_20260528_015926\split_summary.csv","263","2026-05-28 01:59:32"
"2026-06-01 15:50:04","D:\program_FAERS\runs\mainline_2026-05-20\OUTPUT_ML\logistic_regression","D:\program_FAERS\output20260601\machine_learning\logistic_regression_all_post20260525_runs\is_fall_all_2004_2025_v2_core_20260528_015926\test_bootstrap_metrics.csv","machine_learning\logistic_regression_all_post20260525_runs\is_fall_all_2004_2025_v2_core_20260528_015926\test_bootstrap_metrics.csv","595","2026-05-28 01:59:34"
"2026-06-01 15:50:04","D:\program_FAERS\runs\mainline_2026-05-20\OUTPUT_ML\logistic_regression","D:\program_FAERS\output20260601\machine_learning\logistic_regression_all_post20260525_runs\is_fall_all_2004_2025_v2_core_20260528_015926\test_calibration_curve.csv","machine_learning\logistic_regression_all_post20260525_runs\is_fall_all_2004_2025_v2_core_20260528_015926\test_calibration_curve.csv","559","2026-05-28 01:59:34"
"2026-06-01 15:50:04","D:\program_FAERS\runs\mainline_2026-05-20\OUTPUT_ML\logistic_regression","D:\program_FAERS\output20260601\machine_learning\logistic_regression_all_post20260525_runs\is_fall_all_2004_2025_v2_core_20260528_015926\test_predictions.csv","machine_learning\logistic_regression_all_post20260525_runs\is_fall_all_2004_2025_v2_core_20260528_015926\test_predictions.csv","19817719","2026-05-28 01:59:33"
"2026-06-01 15:50:04","D:\program_FAERS\runs\mainline_2026-05-20\OUTPUT_ML\logistic_regression","D:\program_FAERS\output20260601\machine_learning\logistic_regression_all_post20260525_runs\is_fall_all_2004_2025_v2_core_20260528_015926\test_roc_curve.csv","machine_learning\logistic_regression_all_post20260525_runs\is_fall_all_2004_2025_v2_core_20260528_015926\test_roc_curve.csv","7132297","2026-05-28 01:59:34"
"2026-06-01 15:50:04","D:\program_FAERS\runs\mainline_2026-05-20\OUTPUT_ML\logistic_regression","D:\program_FAERS\output20260601\machine_learning\logistic_regression_all_post20260525_runs\is_fall_all_2004_2025_v2_core_20260528_015926\validation_calibration_curve.csv","machine_learning\logistic_regression_all_post20260525_runs\is_fall_all_2004_2025_v2_core_20260528_015926\validation_calibration_curve.csv","558","2026-05-28 01:59:34"
"2026-06-01 15:50:04","D:\program_FAERS\runs\mainline_2026-05-20\OUTPUT_ML\logistic_regression","D:\program_FAERS\output20260601\machine_learning\logistic_regression_all_post20260525_runs\is_fall_all_2004_2025_v2_core_20260528_015926\validation_predictions.csv","machine_learning\logistic_regression_all_post20260525_runs\is_fall_all_2004_2025_v2_core_20260528_015926\validation_predictions.csv","18883661","2026-05-28 01:59:33"
"2026-06-01 15:50:04","D:\program_FAERS\runs\mainline_2026-05-20\OUTPUT_ML\logistic_regression","D:\program_FAERS\output20260601\machine_learning\logistic_regression_all_post20260525_runs\is_fall_all_2004_2025_v2_core_20260528_015926\validation_roc_curve.csv","machine_learning\logistic_regression_all_post20260525_runs\is_fall_all_2004_2025_v2_core_20260528_015926\validation_roc_curve.csv","6668959","2026-05-28 01:59:34"
"2026-06-01 15:50:04","D:\program_FAERS\runs\mainline_2026-05-20\OUTPUT_ML\logistic_regression","D:\program_FAERS\output20260601\machine_learning\logistic_regression_all_post20260525_runs\is_fall_all_2004_2025_v2_core_20260528_204402\best_params.json","machine_learning\logistic_regression_all_post20260525_runs\is_fall_all_2004_2025_v2_core_20260528_204402\best_params.json","808","2026-05-28 20:47:32"
"2026-06-01 15:50:04","D:\program_FAERS\runs\mainline_2026-05-20\OUTPUT_ML\logistic_regression","D:\program_FAERS\output20260601\machine_learning\logistic_regression_all_post20260525_runs\is_fall_all_2004_2025_v2_core_20260528_204402\coefficients.csv","machine_learning\logistic_regression_all_post20260525_runs\is_fall_all_2004_2025_v2_core_20260528_204402\coefficients.csv","46407","2026-05-28 20:47:35"
"2026-06-01 15:50:04","D:\program_FAERS\runs\mainline_2026-05-20\OUTPUT_ML\logistic_regression","D:\program_FAERS\output20260601\machine_learning\logistic_regression_all_post20260525_runs\is_fall_all_2004_2025_v2_core_20260528_204402\cv_metrics.csv","machine_learning\logistic_regression_all_post20260525_runs\is_fall_all_2004_2025_v2_core_20260528_204402\cv_metrics.csv","1442","2026-05-28 20:47:32"
"2026-06-01 15:50:04","D:\program_FAERS\runs\mainline_2026-05-20\OUTPUT_ML\logistic_regression","D:\program_FAERS\output20260601\machine_learning\logistic_regression_all_post20260525_runs\is_fall_all_2004_2025_v2_core_20260528_204402\interpretation_summary.md","machine_learning\logistic_regression_all_post20260525_runs\is_fall_all_2004_2025_v2_core_20260528_204402\interpretation_summary.md","2324","2026-05-28 20:47:35"
"2026-06-01 15:50:04","D:\program_FAERS\runs\mainline_2026-05-20\OUTPUT_ML\logistic_regression","D:\program_FAERS\output20260601\machine_learning\logistic_regression_all_post20260525_runs\is_fall_all_2004_2025_v2_core_20260528_204402\metrics.json","machine_learning\logistic_regression_all_post20260525_runs\is_fall_all_2004_2025_v2_core_20260528_204402\metrics.json","11120","2026-05-28 20:47:32"
"2026-06-01 15:50:04","D:\program_FAERS\runs\mainline_2026-05-20\OUTPUT_ML\logistic_regression","D:\program_FAERS\output20260601\machine_learning\logistic_regression_all_post20260525_runs\is_fall_all_2004_2025_v2_core_20260528_204402\model_card.md","machine_learning\logistic_regression_all_post20260525_runs\is_fall_all_2004_2025_v2_core_20260528_204402\model_card.md","2868","2026-05-28 20:47:35"
"2026-06-01 15:50:04","D:\program_FAERS\runs\mainline_2026-05-20\OUTPUT_ML\logistic_regression","D:\program_FAERS\output20260601\machine_learning\logistic_regression_all_post20260525_runs\is_fall_all_2004_2025_v2_core_20260528_204402\odds_ratios.csv","machine_learning\logistic_regression_all_post20260525_runs\is_fall_all_2004_2025_v2_core_20260528_204402\odds_ratios.csv","32957","2026-05-28 20:47:35"
"2026-06-01 15:50:04","D:\program_FAERS\runs\mainline_2026-05-20\OUTPUT_ML\logistic_regression","D:\program_FAERS\output20260601\machine_learning\logistic_regression_all_post20260525_runs\is_fall_all_2004_2025_v2_core_20260528_204402\search_results.csv","machine_learning\logistic_regression_all_post20260525_runs\is_fall_all_2004_2025_v2_core_20260528_204402\search_results.csv","5805","2026-05-28 20:47:32"
"2026-06-01 15:50:04","D:\program_FAERS\runs\mainline_2026-05-20\OUTPUT_ML\logistic_regression","D:\program_FAERS\output20260601\machine_learning\logistic_regression_all_post20260525_runs\is_fall_all_2004_2025_v2_core_20260528_204402\split_summary.csv","machine_learning\logistic_regression_all_post20260525_runs\is_fall_all_2004_2025_v2_core_20260528_204402\split_summary.csv","269","2026-05-28 20:47:32"
"2026-06-01 15:50:04","D:\program_FAERS\runs\mainline_2026-05-20\OUTPUT_ML\logistic_regression","D:\program_FAERS\output20260601\machine_learning\logistic_regression_all_post20260525_runs\is_fall_all_2004_2025_v2_core_20260528_204402\test_bootstrap_metrics.csv","machine_learning\logistic_regression_all_post20260525_runs\is_fall_all_2004_2025_v2_core_20260528_204402\test_bootstrap_metrics.csv","597","2026-05-28 20:47:35"
"2026-06-01 15:50:04","D:\program_FAERS\runs\mainline_2026-05-20\OUTPUT_ML\logistic_regression","D:\program_FAERS\output20260601\machine_learning\logistic_regression_all_post20260525_runs\is_fall_all_2004_2025_v2_core_20260528_204402\test_calibration_curve.csv","machine_learning\logistic_regression_all_post20260525_runs\is_fall_all_2004_2025_v2_core_20260528_204402\test_calibration_curve.csv","559","2026-05-28 20:47:35"
"2026-06-01 15:50:04","D:\program_FAERS\runs\mainline_2026-05-20\OUTPUT_ML\logistic_regression","D:\program_FAERS\output20260601\machine_learning\logistic_regression_all_post20260525_runs\is_fall_all_2004_2025_v2_core_20260528_204402\test_predictions.csv","machine_learning\logistic_regression_all_post20260525_runs\is_fall_all_2004_2025_v2_core_20260528_204402\test_predictions.csv","19819815","2026-05-28 20:47:34"
"2026-06-01 15:50:04","D:\program_FAERS\runs\mainline_2026-05-20\OUTPUT_ML\logistic_regression","D:\program_FAERS\output20260601\machine_learning\logistic_regression_all_post20260525_runs\is_fall_all_2004_2025_v2_core_20260528_204402\test_roc_curve.csv","machine_learning\logistic_regression_all_post20260525_runs\is_fall_all_2004_2025_v2_core_20260528_204402\test_roc_curve.csv","7097343","2026-05-28 20:47:35"
"2026-06-01 15:50:04","D:\program_FAERS\runs\mainline_2026-05-20\OUTPUT_ML\logistic_regression","D:\program_FAERS\output20260601\machine_learning\logistic_regression_all_post20260525_runs\is_fall_all_2004_2025_v2_core_20260528_204402\validation_calibration_curve.csv","machine_learning\logistic_regression_all_post20260525_runs\is_fall_all_2004_2025_v2_core_20260528_204402\validation_calibration_curve.csv","557","2026-05-28 20:47:35"
"2026-06-01 15:50:04","D:\program_FAERS\runs\mainline_2026-05-20\OUTPUT_ML\logistic_regression","D:\program_FAERS\output20260601\machine_learning\logistic_regression_all_post20260525_runs\is_fall_all_2004_2025_v2_core_20260528_204402\validation_predictions.csv","machine_learning\logistic_regression_all_post20260525_runs\is_fall_all_2004_2025_v2_core_20260528_204402\validation_predictions.csv","18875799","2026-05-28 20:47:33"
"2026-06-01 15:50:04","D:\program_FAERS\runs\mainline_2026-05-20\OUTPUT_ML\logistic_regression","D:\program_FAERS\output20260601\machine_learning\logistic_regression_all_post20260525_runs\is_fall_all_2004_2025_v2_core_20260528_204402\validation_roc_curve.csv","machine_learning\logistic_regression_all_post20260525_runs\is_fall_all_2004_2025_v2_core_20260528_204402\validation_roc_curve.csv","6664416","2026-05-28 20:47:35"
"2026-06-01 15:50:04","D:\program_FAERS\runs\mainline_2026-05-20\OUTPUT_ML\logistic_regression","D:\program_FAERS\output20260601\machine_learning\logistic_regression_all_post20260525_runs\is_fall_all_2004_2025_v2_enhanced_20260528_015809\best_params.json","machine_learning\logistic_regression_all_post20260525_runs\is_fall_all_2004_2025_v2_enhanced_20260528_015809\best_params.json","665","2026-05-28 01:58:15"
"2026-06-01 15:50:04","D:\program_FAERS\runs\mainline_2026-05-20\OUTPUT_ML\logistic_regression","D:\program_FAERS\output20260601\machine_learning\logistic_regression_all_post20260525_runs\is_fall_all_2004_2025_v2_enhanced_20260528_015809\coefficients.csv","machine_learning\logistic_regression_all_post20260525_runs\is_fall_all_2004_2025_v2_enhanced_20260528_015809\coefficients.csv","29403","2026-05-28 01:58:17"
"2026-06-01 15:50:04","D:\program_FAERS\runs\mainline_2026-05-20\OUTPUT_ML\logistic_regression","D:\program_FAERS\output20260601\machine_learning\logistic_regression_all_post20260525_runs\is_fall_all_2004_2025_v2_enhanced_20260528_015809\cv_metrics.csv","machine_learning\logistic_regression_all_post20260525_runs\is_fall_all_2004_2025_v2_enhanced_20260528_015809\cv_metrics.csv","1288","2026-05-28 01:58:15"
"2026-06-01 15:50:04","D:\program_FAERS\runs\mainline_2026-05-20\OUTPUT_ML\logistic_regression","D:\program_FAERS\output20260601\machine_learning\logistic_regression_all_post20260525_runs\is_fall_all_2004_2025_v2_enhanced_20260528_015809\interpretation_summary.md","machine_learning\logistic_regression_all_post20260525_runs\is_fall_all_2004_2025_v2_enhanced_20260528_015809\interpretation_summary.md","2134","2026-05-28 01:58:17"
"2026-06-01 15:50:04","D:\program_FAERS\runs\mainline_2026-05-20\OUTPUT_ML\logistic_regression","D:\program_FAERS\output20260601\machine_learning\logistic_regression_all_post20260525_runs\is_fall_all_2004_2025_v2_enhanced_20260528_015809\metrics.json","machine_learning\logistic_regression_all_post20260525_runs\is_fall_all_2004_2025_v2_enhanced_20260528_015809\metrics.json","11356","2026-05-28 01:58:15"
"2026-06-01 15:50:04","D:\program_FAERS\runs\mainline_2026-05-20\OUTPUT_ML\logistic_regression","D:\program_FAERS\output20260601\machine_learning\logistic_regression_all_post20260525_runs\is_fall_all_2004_2025_v2_enhanced_20260528_015809\model_card.md","machine_learning\logistic_regression_all_post20260525_runs\is_fall_all_2004_2025_v2_enhanced_20260528_015809\model_card.md","2783","2026-05-28 01:58:17"
"2026-06-01 15:50:04","D:\program_FAERS\runs\mainline_2026-05-20\OUTPUT_ML\logistic_regression","D:\program_FAERS\output20260601\machine_learning\logistic_regression_all_post20260525_runs\is_fall_all_2004_2025_v2_enhanced_20260528_015809\odds_ratios.csv","machine_learning\logistic_regression_all_post20260525_runs\is_fall_all_2004_2025_v2_enhanced_20260528_015809\odds_ratios.csv","20856","2026-05-28 01:58:17"
"2026-06-01 15:50:04","D:\program_FAERS\runs\mainline_2026-05-20\OUTPUT_ML\logistic_regression","D:\program_FAERS\output20260601\machine_learning\logistic_regression_all_post20260525_runs\is_fall_all_2004_2025_v2_enhanced_20260528_015809\split_summary.csv","machine_learning\logistic_regression_all_post20260525_runs\is_fall_all_2004_2025_v2_enhanced_20260528_015809\split_summary.csv","263","2026-05-28 01:58:15"
"2026-06-01 15:50:04","D:\program_FAERS\runs\mainline_2026-05-20\OUTPUT_ML\logistic_regression","D:\program_FAERS\output20260601\machine_learning\logistic_regression_all_post20260525_runs\is_fall_all_2004_2025_v2_enhanced_20260528_015809\test_bootstrap_metrics.csv","machine_learning\logistic_regression_all_post20260525_runs\is_fall_all_2004_2025_v2_enhanced_20260528_015809\test_bootstrap_metrics.csv","592","2026-05-28 01:58:17"
"2026-06-01 15:50:04","D:\program_FAERS\runs\mainline_2026-05-20\OUTPUT_ML\logistic_regression","D:\program_FAERS\output20260601\machine_learning\logistic_regression_all_post20260525_runs\is_fall_all_2004_2025_v2_enhanced_20260528_015809\test_calibration_curve.csv","machine_learning\logistic_regression_all_post20260525_runs\is_fall_all_2004_2025_v2_enhanced_20260528_015809\test_calibration_curve.csv","553","2026-05-28 01:58:17"
"2026-06-01 15:50:04","D:\program_FAERS\runs\mainline_2026-05-20\OUTPUT_ML\logistic_regression","D:\program_FAERS\output20260601\machine_learning\logistic_regression_all_post20260525_runs\is_fall_all_2004_2025_v2_enhanced_20260528_015809\test_predictions.csv","machine_learning\logistic_regression_all_post20260525_runs\is_fall_all_2004_2025_v2_enhanced_20260528_015809\test_predictions.csv","19829775","2026-05-28 01:58:16"
"2026-06-01 15:50:04","D:\program_FAERS\runs\mainline_2026-05-20\OUTPUT_ML\logistic_regression","D:\program_FAERS\output20260601\machine_learning\logistic_regression_all_post20260525_runs\is_fall_all_2004_2025_v2_enhanced_20260528_015809\test_roc_curve.csv","machine_learning\logistic_regression_all_post20260525_runs\is_fall_all_2004_2025_v2_enhanced_20260528_015809\test_roc_curve.csv","6958712","2026-05-28 01:58:17"
"2026-06-01 15:50:04","D:\program_FAERS\runs\mainline_2026-05-20\OUTPUT_ML\logistic_regression","D:\program_FAERS\output20260601\machine_learning\logistic_regression_all_post20260525_runs\is_fall_all_2004_2025_v2_enhanced_20260528_015809\validation_calibration_curve.csv","machine_learning\logistic_regression_all_post20260525_runs\is_fall_all_2004_2025_v2_enhanced_20260528_015809\validation_calibration_curve.csv","560","2026-05-28 01:58:17"
"2026-06-01 15:50:04","D:\program_FAERS\runs\mainline_2026-05-20\OUTPUT_ML\logistic_regression","D:\program_FAERS\output20260601\machine_learning\logistic_regression_all_post20260525_runs\is_fall_all_2004_2025_v2_enhanced_20260528_015809\validation_predictions.csv","machine_learning\logistic_regression_all_post20260525_runs\is_fall_all_2004_2025_v2_enhanced_20260528_015809\validation_predictions.csv","18894403","2026-05-28 01:58:16"
"2026-06-01 15:50:04","D:\program_FAERS\runs\mainline_2026-05-20\OUTPUT_ML\logistic_regression","D:\program_FAERS\output20260601\machine_learning\logistic_regression_all_post20260525_runs\is_fall_all_2004_2025_v2_enhanced_20260528_015809\validation_roc_curve.csv","machine_learning\logistic_regression_all_post20260525_runs\is_fall_all_2004_2025_v2_enhanced_20260528_015809\validation_roc_curve.csv","6506778","2026-05-28 01:58:17"
"2026-06-01 15:50:04","D:\program_FAERS\runs\mainline_2026-05-20\OUTPUT_ML\logistic_regression","D:\program_FAERS\output20260601\machine_learning\logistic_regression_all_post20260525_runs\is_fall_all_2004_2025_v2_enhanced_20260529_035831\best_params.json","machine_learning\logistic_regression_all_post20260525_runs\is_fall_all_2004_2025_v2_enhanced_20260529_035831\best_params.json","808","2026-05-29 04:02:05"
"2026-06-01 15:50:04","D:\program_FAERS\runs\mainline_2026-05-20\OUTPUT_ML\logistic_regression","D:\program_FAERS\output20260601\machine_learning\logistic_regression_all_post20260525_runs\is_fall_all_2004_2025_v2_enhanced_20260529_035831\coefficients.csv","machine_learning\logistic_regression_all_post20260525_runs\is_fall_all_2004_2025_v2_enhanced_20260529_035831\coefficients.csv","46987","2026-05-29 04:02:08"
"2026-06-01 15:50:04","D:\program_FAERS\runs\mainline_2026-05-20\OUTPUT_ML\logistic_regression","D:\program_FAERS\output20260601\machine_learning\logistic_regression_all_post20260525_runs\is_fall_all_2004_2025_v2_enhanced_20260529_035831\cv_metrics.csv","machine_learning\logistic_regression_all_post20260525_runs\is_fall_all_2004_2025_v2_enhanced_20260529_035831\cv_metrics.csv","1463","2026-05-29 04:02:05"
"2026-06-01 15:50:04","D:\program_FAERS\runs\mainline_2026-05-20\OUTPUT_ML\logistic_regression","D:\program_FAERS\output20260601\machine_learning\logistic_regression_all_post20260525_runs\is_fall_all_2004_2025_v2_enhanced_20260529_035831\interpretation_summary.md","machine_learning\logistic_regression_all_post20260525_runs\is_fall_all_2004_2025_v2_enhanced_20260529_035831\interpretation_summary.md","2295","2026-05-29 04:02:08"
"2026-06-01 15:50:04","D:\program_FAERS\runs\mainline_2026-05-20\OUTPUT_ML\logistic_regression","D:\program_FAERS\output20260601\machine_learning\logistic_regression_all_post20260525_runs\is_fall_all_2004_2025_v2_enhanced_20260529_035831\metrics.json","machine_learning\logistic_regression_all_post20260525_runs\is_fall_all_2004_2025_v2_enhanced_20260529_035831\metrics.json","11536","2026-05-29 04:02:05"
"2026-06-01 15:50:04","D:\program_FAERS\runs\mainline_2026-05-20\OUTPUT_ML\logistic_regression","D:\program_FAERS\output20260601\machine_learning\logistic_regression_all_post20260525_runs\is_fall_all_2004_2025_v2_enhanced_20260529_035831\model_card.md","machine_learning\logistic_regression_all_post20260525_runs\is_fall_all_2004_2025_v2_enhanced_20260529_035831\model_card.md","2836","2026-05-29 04:02:08"
"2026-06-01 15:50:04","D:\program_FAERS\runs\mainline_2026-05-20\OUTPUT_ML\logistic_regression","D:\program_FAERS\output20260601\machine_learning\logistic_regression_all_post20260525_runs\is_fall_all_2004_2025_v2_enhanced_20260529_035831\odds_ratios.csv","machine_learning\logistic_regression_all_post20260525_runs\is_fall_all_2004_2025_v2_enhanced_20260529_035831\odds_ratios.csv","33282","2026-05-29 04:02:08"
"2026-06-01 15:50:04","D:\program_FAERS\runs\mainline_2026-05-20\OUTPUT_ML\logistic_regression","D:\program_FAERS\output20260601\machine_learning\logistic_regression_all_post20260525_runs\is_fall_all_2004_2025_v2_enhanced_20260529_035831\search_results.csv","machine_learning\logistic_regression_all_post20260525_runs\is_fall_all_2004_2025_v2_enhanced_20260529_035831\search_results.csv","5785","2026-05-29 04:02:05"
"2026-06-01 15:50:04","D:\program_FAERS\runs\mainline_2026-05-20\OUTPUT_ML\logistic_regression","D:\program_FAERS\output20260601\machine_learning\logistic_regression_all_post20260525_runs\is_fall_all_2004_2025_v2_enhanced_20260529_035831\split_summary.csv","machine_learning\logistic_regression_all_post20260525_runs\is_fall_all_2004_2025_v2_enhanced_20260529_035831\split_summary.csv","269","2026-05-29 04:02:05"
"2026-06-01 15:50:04","D:\program_FAERS\runs\mainline_2026-05-20\OUTPUT_ML\logistic_regression","D:\program_FAERS\output20260601\machine_learning\logistic_regression_all_post20260525_runs\is_fall_all_2004_2025_v2_enhanced_20260529_035831\test_bootstrap_metrics.csv","machine_learning\logistic_regression_all_post20260525_runs\is_fall_all_2004_2025_v2_enhanced_20260529_035831\test_bootstrap_metrics.csv","598","2026-05-29 04:02:07"
"2026-06-01 15:50:04","D:\program_FAERS\runs\mainline_2026-05-20\OUTPUT_ML\logistic_regression","D:\program_FAERS\output20260601\machine_learning\logistic_regression_all_post20260525_runs\is_fall_all_2004_2025_v2_enhanced_20260529_035831\test_calibration_curve.csv","machine_learning\logistic_regression_all_post20260525_runs\is_fall_all_2004_2025_v2_enhanced_20260529_035831\test_calibration_curve.csv","562","2026-05-29 04:02:07"
"2026-06-01 15:50:04","D:\program_FAERS\runs\mainline_2026-05-20\OUTPUT_ML\logistic_regression","D:\program_FAERS\output20260601\machine_learning\logistic_regression_all_post20260525_runs\is_fall_all_2004_2025_v2_enhanced_20260529_035831\test_predictions.csv","machine_learning\logistic_regression_all_post20260525_runs\is_fall_all_2004_2025_v2_enhanced_20260529_035831\test_predictions.csv","19838403","2026-05-29 04:02:07"
"2026-06-01 15:50:04","D:\program_FAERS\runs\mainline_2026-05-20\OUTPUT_ML\logistic_regression","D:\program_FAERS\output20260601\machine_learning\logistic_regression_all_post20260525_runs\is_fall_all_2004_2025_v2_enhanced_20260529_035831\test_roc_curve.csv","machine_learning\logistic_regression_all_post20260525_runs\is_fall_all_2004_2025_v2_enhanced_20260529_035831\test_roc_curve.csv","6921285","2026-05-29 04:02:07"
"2026-06-01 15:50:04","D:\program_FAERS\runs\mainline_2026-05-20\OUTPUT_ML\logistic_regression","D:\program_FAERS\output20260601\machine_learning\logistic_regression_all_post20260525_runs\is_fall_all_2004_2025_v2_enhanced_20260529_035831\validation_calibration_curve.csv","machine_learning\logistic_regression_all_post20260525_runs\is_fall_all_2004_2025_v2_enhanced_20260529_035831\validation_calibration_curve.csv","558","2026-05-29 04:02:07"
"2026-06-01 15:50:04","D:\program_FAERS\runs\mainline_2026-05-20\OUTPUT_ML\logistic_regression","D:\program_FAERS\output20260601\machine_learning\logistic_regression_all_post20260525_runs\is_fall_all_2004_2025_v2_enhanced_20260529_035831\validation_predictions.csv","machine_learning\logistic_regression_all_post20260525_runs\is_fall_all_2004_2025_v2_enhanced_20260529_035831\validation_predictions.csv","18892063","2026-05-29 04:02:06"
"2026-06-01 15:50:04","D:\program_FAERS\runs\mainline_2026-05-20\OUTPUT_ML\logistic_regression","D:\program_FAERS\output20260601\machine_learning\logistic_regression_all_post20260525_runs\is_fall_all_2004_2025_v2_enhanced_20260529_035831\validation_roc_curve.csv","machine_learning\logistic_regression_all_post20260525_runs\is_fall_all_2004_2025_v2_enhanced_20260529_035831\validation_roc_curve.csv","6481259","2026-05-29 04:02:07"
"2026-06-01 15:50:04","D:\program_FAERS\runs\mainline_2026-05-20\OUTPUT_ML\random_forest","D:\program_FAERS\output20260601\machine_learning\random_forest_all_post20260525_runs\is_fall_all_2004_2025_v2_core_20260529_054847\best_params.json","machine_learning\random_forest_all_post20260525_runs\is_fall_all_2004_2025_v2_core_20260529_054847\best_params.json","1016","2026-05-29 05:51:44"
"2026-06-01 15:50:04","D:\program_FAERS\runs\mainline_2026-05-20\OUTPUT_ML\random_forest","D:\program_FAERS\output20260601\machine_learning\random_forest_all_post20260525_runs\is_fall_all_2004_2025_v2_core_20260529_054847\cv_metrics.csv","machine_learning\random_forest_all_post20260525_runs\is_fall_all_2004_2025_v2_core_20260529_054847\cv_metrics.csv","1460","2026-05-29 05:51:44"
"2026-06-01 15:50:04","D:\program_FAERS\runs\mainline_2026-05-20\OUTPUT_ML\random_forest","D:\program_FAERS\output20260601\machine_learning\random_forest_all_post20260525_runs\is_fall_all_2004_2025_v2_core_20260529_054847\feature_importance.csv","machine_learning\random_forest_all_post20260525_runs\is_fall_all_2004_2025_v2_core_20260529_054847\feature_importance.csv","28896","2026-05-29 05:51:46"
"2026-06-01 15:50:04","D:\program_FAERS\runs\mainline_2026-05-20\OUTPUT_ML\random_forest","D:\program_FAERS\output20260601\machine_learning\random_forest_all_post20260525_runs\is_fall_all_2004_2025_v2_core_20260529_054847\interpretation_summary.md","machine_learning\random_forest_all_post20260525_runs\is_fall_all_2004_2025_v2_core_20260529_054847\interpretation_summary.md","1626","2026-05-29 05:51:46"
"2026-06-01 15:50:04","D:\program_FAERS\runs\mainline_2026-05-20\OUTPUT_ML\random_forest","D:\program_FAERS\output20260601\machine_learning\random_forest_all_post20260525_runs\is_fall_all_2004_2025_v2_core_20260529_054847\metrics.json","machine_learning\random_forest_all_post20260525_runs\is_fall_all_2004_2025_v2_core_20260529_054847\metrics.json","11179","2026-05-29 05:51:44"
"2026-06-01 15:50:04","D:\program_FAERS\runs\mainline_2026-05-20\OUTPUT_ML\random_forest","D:\program_FAERS\output20260601\machine_learning\random_forest_all_post20260525_runs\is_fall_all_2004_2025_v2_core_20260529_054847\model_card.md","machine_learning\random_forest_all_post20260525_runs\is_fall_all_2004_2025_v2_core_20260529_054847\model_card.md","2367","2026-05-29 05:51:46"
"2026-06-01 15:50:04","D:\program_FAERS\runs\mainline_2026-05-20\OUTPUT_ML\random_forest","D:\program_FAERS\output20260601\machine_learning\random_forest_all_post20260525_runs\is_fall_all_2004_2025_v2_core_20260529_054847\search_results.csv","machine_learning\random_forest_all_post20260525_runs\is_fall_all_2004_2025_v2_core_20260529_054847\search_results.csv","7622","2026-05-29 05:51:44"
"2026-06-01 15:50:04","D:\program_FAERS\runs\mainline_2026-05-20\OUTPUT_ML\random_forest","D:\program_FAERS\output20260601\machine_learning\random_forest_all_post20260525_runs\is_fall_all_2004_2025_v2_core_20260529_054847\split_summary.csv","machine_learning\random_forest_all_post20260525_runs\is_fall_all_2004_2025_v2_core_20260529_054847\split_summary.csv","269","2026-05-29 05:51:44"
"2026-06-01 15:50:04","D:\program_FAERS\runs\mainline_2026-05-20\OUTPUT_ML\random_forest","D:\program_FAERS\output20260601\machine_learning\random_forest_all_post20260525_runs\is_fall_all_2004_2025_v2_core_20260529_054847\test_bootstrap_metrics.csv","machine_learning\random_forest_all_post20260525_runs\is_fall_all_2004_2025_v2_core_20260529_054847\test_bootstrap_metrics.csv","593","2026-05-29 05:51:46"
"2026-06-01 15:50:04","D:\program_FAERS\runs\mainline_2026-05-20\OUTPUT_ML\random_forest","D:\program_FAERS\output20260601\machine_learning\random_forest_all_post20260525_runs\is_fall_all_2004_2025_v2_core_20260529_054847\test_calibration_curve.csv","machine_learning\random_forest_all_post20260525_runs\is_fall_all_2004_2025_v2_core_20260529_054847\test_calibration_curve.csv","558","2026-05-29 05:51:46"
"2026-06-01 15:50:04","D:\program_FAERS\runs\mainline_2026-05-20\OUTPUT_ML\random_forest","D:\program_FAERS\output20260601\machine_learning\random_forest_all_post20260525_runs\is_fall_all_2004_2025_v2_core_20260529_054847\test_predictions.csv","machine_learning\random_forest_all_post20260525_runs\is_fall_all_2004_2025_v2_core_20260529_054847\test_predictions.csv","19439332","2026-05-29 05:51:46"
"2026-06-01 15:50:04","D:\program_FAERS\runs\mainline_2026-05-20\OUTPUT_ML\random_forest","D:\program_FAERS\output20260601\machine_learning\random_forest_all_post20260525_runs\is_fall_all_2004_2025_v2_core_20260529_054847\test_roc_curve.csv","machine_learning\random_forest_all_post20260525_runs\is_fall_all_2004_2025_v2_core_20260529_054847\test_roc_curve.csv","7122695","2026-05-29 05:51:46"
"2026-06-01 15:50:04","D:\program_FAERS\runs\mainline_2026-05-20\OUTPUT_ML\random_forest","D:\program_FAERS\output20260601\machine_learning\random_forest_all_post20260525_runs\is_fall_all_2004_2025_v2_core_20260529_054847\validation_calibration_curve.csv","machine_learning\random_forest_all_post20260525_runs\is_fall_all_2004_2025_v2_core_20260529_054847\validation_calibration_curve.csv","560","2026-05-29 05:51:46"
"2026-06-01 15:50:04","D:\program_FAERS\runs\mainline_2026-05-20\OUTPUT_ML\random_forest","D:\program_FAERS\output20260601\machine_learning\random_forest_all_post20260525_runs\is_fall_all_2004_2025_v2_core_20260529_054847\validation_predictions.csv","machine_learning\random_forest_all_post20260525_runs\is_fall_all_2004_2025_v2_core_20260529_054847\validation_predictions.csv","18515398","2026-05-29 05:51:45"
"2026-06-01 15:50:04","D:\program_FAERS\runs\mainline_2026-05-20\OUTPUT_ML\random_forest","D:\program_FAERS\output20260601\machine_learning\random_forest_all_post20260525_runs\is_fall_all_2004_2025_v2_core_20260529_054847\validation_roc_curve.csv","machine_learning\random_forest_all_post20260525_runs\is_fall_all_2004_2025_v2_core_20260529_054847\validation_roc_curve.csv","6679113","2026-05-29 05:51:46"
"2026-06-01 15:50:04","D:\program_FAERS\runs\mainline_2026-05-20\OUTPUT_ML\random_forest","D:\program_FAERS\output20260601\machine_learning\random_forest_all_post20260525_runs\is_fall_all_2004_2025_v2_enhanced_20260529_073047\best_params.json","machine_learning\random_forest_all_post20260525_runs\is_fall_all_2004_2025_v2_enhanced_20260529_073047\best_params.json","1016","2026-05-29 07:33:42"
"2026-06-01 15:50:04","D:\program_FAERS\runs\mainline_2026-05-20\OUTPUT_ML\random_forest","D:\program_FAERS\output20260601\machine_learning\random_forest_all_post20260525_runs\is_fall_all_2004_2025_v2_enhanced_20260529_073047\cv_metrics.csv","machine_learning\random_forest_all_post20260525_runs\is_fall_all_2004_2025_v2_enhanced_20260529_073047\cv_metrics.csv","1463","2026-05-29 07:33:42"
"2026-06-01 15:50:04","D:\program_FAERS\runs\mainline_2026-05-20\OUTPUT_ML\random_forest","D:\program_FAERS\output20260601\machine_learning\random_forest_all_post20260525_runs\is_fall_all_2004_2025_v2_enhanced_20260529_073047\feature_importance.csv","machine_learning\random_forest_all_post20260525_runs\is_fall_all_2004_2025_v2_enhanced_20260529_073047\feature_importance.csv","29110","2026-05-29 07:33:44"
"2026-06-01 15:50:04","D:\program_FAERS\runs\mainline_2026-05-20\OUTPUT_ML\random_forest","D:\program_FAERS\output20260601\machine_learning\random_forest_all_post20260525_runs\is_fall_all_2004_2025_v2_enhanced_20260529_073047\interpretation_summary.md","machine_learning\random_forest_all_post20260525_runs\is_fall_all_2004_2025_v2_enhanced_20260529_073047\interpretation_summary.md","1673","2026-05-29 07:33:44"
"2026-06-01 15:50:04","D:\program_FAERS\runs\mainline_2026-05-20\OUTPUT_ML\random_forest","D:\program_FAERS\output20260601\machine_learning\random_forest_all_post20260525_runs\is_fall_all_2004_2025_v2_enhanced_20260529_073047\metrics.json","machine_learning\random_forest_all_post20260525_runs\is_fall_all_2004_2025_v2_enhanced_20260529_073047\metrics.json","11581","2026-05-29 07:33:42"
"2026-06-01 15:50:04","D:\program_FAERS\runs\mainline_2026-05-20\OUTPUT_ML\random_forest","D:\program_FAERS\output20260601\machine_learning\random_forest_all_post20260525_runs\is_fall_all_2004_2025_v2_enhanced_20260529_073047\model_card.md","machine_learning\random_forest_all_post20260525_runs\is_fall_all_2004_2025_v2_enhanced_20260529_073047\model_card.md","2411","2026-05-29 07:33:44"
"2026-06-01 15:50:04","D:\program_FAERS\runs\mainline_2026-05-20\OUTPUT_ML\random_forest","D:\program_FAERS\output20260601\machine_learning\random_forest_all_post20260525_runs\is_fall_all_2004_2025_v2_enhanced_20260529_073047\search_results.csv","machine_learning\random_forest_all_post20260525_runs\is_fall_all_2004_2025_v2_enhanced_20260529_073047\search_results.csv","7601","2026-05-29 07:33:42"
"2026-06-01 15:50:04","D:\program_FAERS\runs\mainline_2026-05-20\OUTPUT_ML\random_forest","D:\program_FAERS\output20260601\machine_learning\random_forest_all_post20260525_runs\is_fall_all_2004_2025_v2_enhanced_20260529_073047\split_summary.csv","machine_learning\random_forest_all_post20260525_runs\is_fall_all_2004_2025_v2_enhanced_20260529_073047\split_summary.csv","269","2026-05-29 07:33:42"
"2026-06-01 15:50:04","D:\program_FAERS\runs\mainline_2026-05-20\OUTPUT_ML\random_forest","D:\program_FAERS\output20260601\machine_learning\random_forest_all_post20260525_runs\is_fall_all_2004_2025_v2_enhanced_20260529_073047\test_bootstrap_metrics.csv","machine_learning\random_forest_all_post20260525_runs\is_fall_all_2004_2025_v2_enhanced_20260529_073047\test_bootstrap_metrics.csv","596","2026-05-29 07:33:44"
"2026-06-01 15:50:04","D:\program_FAERS\runs\mainline_2026-05-20\OUTPUT_ML\random_forest","D:\program_FAERS\output20260601\machine_learning\random_forest_all_post20260525_runs\is_fall_all_2004_2025_v2_enhanced_20260529_073047\test_calibration_curve.csv","machine_learning\random_forest_all_post20260525_runs\is_fall_all_2004_2025_v2_enhanced_20260529_073047\test_calibration_curve.csv","562","2026-05-29 07:33:44"
"2026-06-01 15:50:04","D:\program_FAERS\runs\mainline_2026-05-20\OUTPUT_ML\random_forest","D:\program_FAERS\output20260601\machine_learning\random_forest_all_post20260525_runs\is_fall_all_2004_2025_v2_enhanced_20260529_073047\test_predictions.csv","machine_learning\random_forest_all_post20260525_runs\is_fall_all_2004_2025_v2_enhanced_20260529_073047\test_predictions.csv","19474106","2026-05-29 07:33:44"
"2026-06-01 15:50:04","D:\program_FAERS\runs\mainline_2026-05-20\OUTPUT_ML\random_forest","D:\program_FAERS\output20260601\machine_learning\random_forest_all_post20260525_runs\is_fall_all_2004_2025_v2_enhanced_20260529_073047\test_roc_curve.csv","machine_learning\random_forest_all_post20260525_runs\is_fall_all_2004_2025_v2_enhanced_20260529_073047\test_roc_curve.csv","6965389","2026-05-29 07:33:44"
"2026-06-01 15:50:04","D:\program_FAERS\runs\mainline_2026-05-20\OUTPUT_ML\random_forest","D:\program_FAERS\output20260601\machine_learning\random_forest_all_post20260525_runs\is_fall_all_2004_2025_v2_enhanced_20260529_073047\validation_calibration_curve.csv","machine_learning\random_forest_all_post20260525_runs\is_fall_all_2004_2025_v2_enhanced_20260529_073047\validation_calibration_curve.csv","558","2026-05-29 07:33:44"
"2026-06-01 15:50:04","D:\program_FAERS\runs\mainline_2026-05-20\OUTPUT_ML\random_forest","D:\program_FAERS\output20260601\machine_learning\random_forest_all_post20260525_runs\is_fall_all_2004_2025_v2_enhanced_20260529_073047\validation_predictions.csv","machine_learning\random_forest_all_post20260525_runs\is_fall_all_2004_2025_v2_enhanced_20260529_073047\validation_predictions.csv","18549258","2026-05-29 07:33:43"
"2026-06-01 15:50:04","D:\program_FAERS\runs\mainline_2026-05-20\OUTPUT_ML\random_forest","D:\program_FAERS\output20260601\machine_learning\random_forest_all_post20260525_runs\is_fall_all_2004_2025_v2_enhanced_20260529_073047\validation_roc_curve.csv","machine_learning\random_forest_all_post20260525_runs\is_fall_all_2004_2025_v2_enhanced_20260529_073047\validation_roc_curve.csv","6558371","2026-05-29 07:33:44"
"2026-06-01 15:50:04","D:\program_FAERS\runs\mainline_2026-05-20\OUTPUT_ML\xgboost","D:\program_FAERS\output20260601\machine_learning\xgboost_all_post20260525_runs\is_fall_all_2004_2025_v2_20260528_012335\best_params.json","machine_learning\xgboost_all_post20260525_runs\is_fall_all_2004_2025_v2_20260528_012335\best_params.json","1415","2026-05-28 01:23:36"
"2026-06-01 15:50:04","D:\program_FAERS\runs\mainline_2026-05-20\OUTPUT_ML\xgboost","D:\program_FAERS\output20260601\machine_learning\xgboost_all_post20260525_runs\is_fall_all_2004_2025_v2_20260528_012335\cv_metrics.csv","machine_learning\xgboost_all_post20260525_runs\is_fall_all_2004_2025_v2_20260528_012335\cv_metrics.csv","744","2026-05-28 01:23:36"
"2026-06-01 15:50:04","D:\program_FAERS\runs\mainline_2026-05-20\OUTPUT_ML\xgboost","D:\program_FAERS\output20260601\machine_learning\xgboost_all_post20260525_runs\is_fall_all_2004_2025_v2_20260528_012335\feature_importance.csv","machine_learning\xgboost_all_post20260525_runs\is_fall_all_2004_2025_v2_20260528_012335\feature_importance.csv","9074","2026-05-28 01:23:38"
"2026-06-01 15:50:04","D:\program_FAERS\runs\mainline_2026-05-20\OUTPUT_ML\xgboost","D:\program_FAERS\output20260601\machine_learning\xgboost_all_post20260525_runs\is_fall_all_2004_2025_v2_20260528_012335\interpretation_summary.md","machine_learning\xgboost_all_post20260525_runs\is_fall_all_2004_2025_v2_20260528_012335\interpretation_summary.md","1456","2026-05-28 01:23:38"
"2026-06-01 15:50:04","D:\program_FAERS\runs\mainline_2026-05-20\OUTPUT_ML\xgboost","D:\program_FAERS\output20260601\machine_learning\xgboost_all_post20260525_runs\is_fall_all_2004_2025_v2_20260528_012335\metrics.json","machine_learning\xgboost_all_post20260525_runs\is_fall_all_2004_2025_v2_20260528_012335\metrics.json","10841","2026-05-28 01:23:36"
"2026-06-01 15:50:04","D:\program_FAERS\runs\mainline_2026-05-20\OUTPUT_ML\xgboost","D:\program_FAERS\output20260601\machine_learning\xgboost_all_post20260525_runs\is_fall_all_2004_2025_v2_20260528_012335\model_card.md","machine_learning\xgboost_all_post20260525_runs\is_fall_all_2004_2025_v2_20260528_012335\model_card.md","2960","2026-05-28 01:23:38"
"2026-06-01 15:50:04","D:\program_FAERS\runs\mainline_2026-05-20\OUTPUT_ML\xgboost","D:\program_FAERS\output20260601\machine_learning\xgboost_all_post20260525_runs\is_fall_all_2004_2025_v2_20260528_012335\split_summary.csv","machine_learning\xgboost_all_post20260525_runs\is_fall_all_2004_2025_v2_20260528_012335\split_summary.csv","260","2026-05-28 01:23:36"
"2026-06-01 15:50:04","D:\program_FAERS\runs\mainline_2026-05-20\OUTPUT_ML\xgboost","D:\program_FAERS\output20260601\machine_learning\xgboost_all_post20260525_runs\is_fall_all_2004_2025_v2_20260528_012335\test_bootstrap_metrics.csv","machine_learning\xgboost_all_post20260525_runs\is_fall_all_2004_2025_v2_20260528_012335\test_bootstrap_metrics.csv","597","2026-05-28 01:23:38"
"2026-06-01 15:50:04","D:\program_FAERS\runs\mainline_2026-05-20\OUTPUT_ML\xgboost","D:\program_FAERS\output20260601\machine_learning\xgboost_all_post20260525_runs\is_fall_all_2004_2025_v2_20260528_012335\test_calibration_curve.csv","machine_learning\xgboost_all_post20260525_runs\is_fall_all_2004_2025_v2_20260528_012335\test_calibration_curve.csv","560","2026-05-28 01:23:38"
"2026-06-01 15:50:04","D:\program_FAERS\runs\mainline_2026-05-20\OUTPUT_ML\xgboost","D:\program_FAERS\output20260601\machine_learning\xgboost_all_post20260525_runs\is_fall_all_2004_2025_v2_20260528_012335\test_predictions.csv","machine_learning\xgboost_all_post20260525_runs\is_fall_all_2004_2025_v2_20260528_012335\test_predictions.csv","17258577","2026-05-28 01:23:37"
"2026-06-01 15:50:04","D:\program_FAERS\runs\mainline_2026-05-20\OUTPUT_ML\xgboost","D:\program_FAERS\output20260601\machine_learning\xgboost_all_post20260525_runs\is_fall_all_2004_2025_v2_20260528_012335\test_roc_curve.csv","machine_learning\xgboost_all_post20260525_runs\is_fall_all_2004_2025_v2_20260528_012335\test_roc_curve.csv","7412424","2026-05-28 01:23:38"
"2026-06-01 15:50:04","D:\program_FAERS\runs\mainline_2026-05-20\OUTPUT_ML\xgboost","D:\program_FAERS\output20260601\machine_learning\xgboost_all_post20260525_runs\is_fall_all_2004_2025_v2_20260528_012335\validation_calibration_curve.csv","machine_learning\xgboost_all_post20260525_runs\is_fall_all_2004_2025_v2_20260528_012335\validation_calibration_curve.csv","559","2026-05-28 01:23:38"
"2026-06-01 15:50:04","D:\program_FAERS\runs\mainline_2026-05-20\OUTPUT_ML\xgboost","D:\program_FAERS\output20260601\machine_learning\xgboost_all_post20260525_runs\is_fall_all_2004_2025_v2_20260528_012335\validation_predictions.csv","machine_learning\xgboost_all_post20260525_runs\is_fall_all_2004_2025_v2_20260528_012335\validation_predictions.csv","16441008","2026-05-28 01:23:37"
"2026-06-01 15:50:04","D:\program_FAERS\runs\mainline_2026-05-20\OUTPUT_ML\xgboost","D:\program_FAERS\output20260601\machine_learning\xgboost_all_post20260525_runs\is_fall_all_2004_2025_v2_20260528_012335\validation_roc_curve.csv","machine_learning\xgboost_all_post20260525_runs\is_fall_all_2004_2025_v2_20260528_012335\validation_roc_curve.csv","7025029","2026-05-28 01:23:38"
"2026-06-01 15:50:04","D:\program_FAERS\runs\mainline_2026-05-20\OUTPUT_ML\xgboost","D:\program_FAERS\output20260601\machine_learning\xgboost_all_post20260525_runs\is_fall_all_2004_2025_v2_20260528_013141\best_params.json","machine_learning\xgboost_all_post20260525_runs\is_fall_all_2004_2025_v2_20260528_013141\best_params.json","1415","2026-05-28 01:31:42"
"2026-06-01 15:50:04","D:\program_FAERS\runs\mainline_2026-05-20\OUTPUT_ML\xgboost","D:\program_FAERS\output20260601\machine_learning\xgboost_all_post20260525_runs\is_fall_all_2004_2025_v2_20260528_013141\cv_metrics.csv","machine_learning\xgboost_all_post20260525_runs\is_fall_all_2004_2025_v2_20260528_013141\cv_metrics.csv","744","2026-05-28 01:31:42"
"2026-06-01 15:50:04","D:\program_FAERS\runs\mainline_2026-05-20\OUTPUT_ML\xgboost","D:\program_FAERS\output20260601\machine_learning\xgboost_all_post20260525_runs\is_fall_all_2004_2025_v2_20260528_013141\feature_importance.csv","machine_learning\xgboost_all_post20260525_runs\is_fall_all_2004_2025_v2_20260528_013141\feature_importance.csv","9074","2026-05-28 01:31:43"
"2026-06-01 15:50:04","D:\program_FAERS\runs\mainline_2026-05-20\OUTPUT_ML\xgboost","D:\program_FAERS\output20260601\machine_learning\xgboost_all_post20260525_runs\is_fall_all_2004_2025_v2_20260528_013141\interpretation_summary.md","machine_learning\xgboost_all_post20260525_runs\is_fall_all_2004_2025_v2_20260528_013141\interpretation_summary.md","1456","2026-05-28 01:31:43"
"2026-06-01 15:50:04","D:\program_FAERS\runs\mainline_2026-05-20\OUTPUT_ML\xgboost","D:\program_FAERS\output20260601\machine_learning\xgboost_all_post20260525_runs\is_fall_all_2004_2025_v2_20260528_013141\metrics.json","machine_learning\xgboost_all_post20260525_runs\is_fall_all_2004_2025_v2_20260528_013141\metrics.json","10841","2026-05-28 01:31:42"
"2026-06-01 15:50:04","D:\program_FAERS\runs\mainline_2026-05-20\OUTPUT_ML\xgboost","D:\program_FAERS\output20260601\machine_learning\xgboost_all_post20260525_runs\is_fall_all_2004_2025_v2_20260528_013141\model_card.md","machine_learning\xgboost_all_post20260525_runs\is_fall_all_2004_2025_v2_20260528_013141\model_card.md","2960","2026-05-28 01:31:43"
"2026-06-01 15:50:04","D:\program_FAERS\runs\mainline_2026-05-20\OUTPUT_ML\xgboost","D:\program_FAERS\output20260601\machine_learning\xgboost_all_post20260525_runs\is_fall_all_2004_2025_v2_20260528_013141\split_summary.csv","machine_learning\xgboost_all_post20260525_runs\is_fall_all_2004_2025_v2_20260528_013141\split_summary.csv","260","2026-05-28 01:31:42"
"2026-06-01 15:50:04","D:\program_FAERS\runs\mainline_2026-05-20\OUTPUT_ML\xgboost","D:\program_FAERS\output20260601\machine_learning\xgboost_all_post20260525_runs\is_fall_all_2004_2025_v2_20260528_013141\test_bootstrap_metrics.csv","machine_learning\xgboost_all_post20260525_runs\is_fall_all_2004_2025_v2_20260528_013141\test_bootstrap_metrics.csv","597","2026-05-28 01:31:43"
"2026-06-01 15:50:04","D:\program_FAERS\runs\mainline_2026-05-20\OUTPUT_ML\xgboost","D:\program_FAERS\output20260601\machine_learning\xgboost_all_post20260525_runs\is_fall_all_2004_2025_v2_20260528_013141\test_calibration_curve.csv","machine_learning\xgboost_all_post20260525_runs\is_fall_all_2004_2025_v2_20260528_013141\test_calibration_curve.csv","560","2026-05-28 01:31:43"
"2026-06-01 15:50:04","D:\program_FAERS\runs\mainline_2026-05-20\OUTPUT_ML\xgboost","D:\program_FAERS\output20260601\machine_learning\xgboost_all_post20260525_runs\is_fall_all_2004_2025_v2_20260528_013141\test_predictions.csv","machine_learning\xgboost_all_post20260525_runs\is_fall_all_2004_2025_v2_20260528_013141\test_predictions.csv","17258577","2026-05-28 01:31:43"
"2026-06-01 15:50:04","D:\program_FAERS\runs\mainline_2026-05-20\OUTPUT_ML\xgboost","D:\program_FAERS\output20260601\machine_learning\xgboost_all_post20260525_runs\is_fall_all_2004_2025_v2_20260528_013141\test_roc_curve.csv","machine_learning\xgboost_all_post20260525_runs\is_fall_all_2004_2025_v2_20260528_013141\test_roc_curve.csv","7412424","2026-05-28 01:31:43"
"2026-06-01 15:50:04","D:\program_FAERS\runs\mainline_2026-05-20\OUTPUT_ML\xgboost","D:\program_FAERS\output20260601\machine_learning\xgboost_all_post20260525_runs\is_fall_all_2004_2025_v2_20260528_013141\validation_calibration_curve.csv","machine_learning\xgboost_all_post20260525_runs\is_fall_all_2004_2025_v2_20260528_013141\validation_calibration_curve.csv","559","2026-05-28 01:31:43"
"2026-06-01 15:50:04","D:\program_FAERS\runs\mainline_2026-05-20\OUTPUT_ML\xgboost","D:\program_FAERS\output20260601\machine_learning\xgboost_all_post20260525_runs\is_fall_all_2004_2025_v2_20260528_013141\validation_predictions.csv","machine_learning\xgboost_all_post20260525_runs\is_fall_all_2004_2025_v2_20260528_013141\validation_predictions.csv","16441008","2026-05-28 01:31:42"
"2026-06-01 15:50:04","D:\program_FAERS\runs\mainline_2026-05-20\OUTPUT_ML\xgboost","D:\program_FAERS\output20260601\machine_learning\xgboost_all_post20260525_runs\is_fall_all_2004_2025_v2_20260528_013141\validation_roc_curve.csv","machine_learning\xgboost_all_post20260525_runs\is_fall_all_2004_2025_v2_20260528_013141\validation_roc_curve.csv","7025029","2026-05-28 01:31:43"
"2026-06-01 15:50:04","D:\program_FAERS\runs\mainline_2026-05-20\OUTPUT_ML\xgboost","D:\program_FAERS\output20260601\machine_learning\xgboost_all_post20260525_runs\is_fall_all_2004_2025_v2_core_20260529_113116\best_params.json","machine_learning\xgboost_all_post20260525_runs\is_fall_all_2004_2025_v2_core_20260529_113116\best_params.json","1662","2026-05-29 11:33:01"
"2026-06-01 15:50:04","D:\program_FAERS\runs\mainline_2026-05-20\OUTPUT_ML\xgboost","D:\program_FAERS\output20260601\machine_learning\xgboost_all_post20260525_runs\is_fall_all_2004_2025_v2_core_20260529_113116\cv_metrics.csv","machine_learning\xgboost_all_post20260525_runs\is_fall_all_2004_2025_v2_core_20260529_113116\cv_metrics.csv","1455","2026-05-29 11:33:01"
"2026-06-01 15:50:04","D:\program_FAERS\runs\mainline_2026-05-20\OUTPUT_ML\xgboost","D:\program_FAERS\output20260601\machine_learning\xgboost_all_post20260525_runs\is_fall_all_2004_2025_v2_core_20260529_113116\feature_importance.csv","machine_learning\xgboost_all_post20260525_runs\is_fall_all_2004_2025_v2_core_20260529_113116\feature_importance.csv","25796","2026-05-29 11:33:02"
"2026-06-01 15:50:04","D:\program_FAERS\runs\mainline_2026-05-20\OUTPUT_ML\xgboost","D:\program_FAERS\output20260601\machine_learning\xgboost_all_post20260525_runs\is_fall_all_2004_2025_v2_core_20260529_113116\interpretation_summary.md","machine_learning\xgboost_all_post20260525_runs\is_fall_all_2004_2025_v2_core_20260529_113116\interpretation_summary.md","1804","2026-05-29 11:33:02"
"2026-06-01 15:50:04","D:\program_FAERS\runs\mainline_2026-05-20\OUTPUT_ML\xgboost","D:\program_FAERS\output20260601\machine_learning\xgboost_all_post20260525_runs\is_fall_all_2004_2025_v2_core_20260529_113116\metrics.json","machine_learning\xgboost_all_post20260525_runs\is_fall_all_2004_2025_v2_core_20260529_113116\metrics.json","11217","2026-05-29 11:33:01"
"2026-06-01 15:50:04","D:\program_FAERS\runs\mainline_2026-05-20\OUTPUT_ML\xgboost","D:\program_FAERS\output20260601\machine_learning\xgboost_all_post20260525_runs\is_fall_all_2004_2025_v2_core_20260529_113116\model_card.md","machine_learning\xgboost_all_post20260525_runs\is_fall_all_2004_2025_v2_core_20260529_113116\model_card.md","3091","2026-05-29 11:33:02"
"2026-06-01 15:50:04","D:\program_FAERS\runs\mainline_2026-05-20\OUTPUT_ML\xgboost","D:\program_FAERS\output20260601\machine_learning\xgboost_all_post20260525_runs\is_fall_all_2004_2025_v2_core_20260529_113116\search_results.csv","machine_learning\xgboost_all_post20260525_runs\is_fall_all_2004_2025_v2_core_20260529_113116\search_results.csv","8029","2026-05-29 11:33:01"
"2026-06-01 15:50:04","D:\program_FAERS\runs\mainline_2026-05-20\OUTPUT_ML\xgboost","D:\program_FAERS\output20260601\machine_learning\xgboost_all_post20260525_runs\is_fall_all_2004_2025_v2_core_20260529_113116\split_summary.csv","machine_learning\xgboost_all_post20260525_runs\is_fall_all_2004_2025_v2_core_20260529_113116\split_summary.csv","269","2026-05-29 11:33:01"
"2026-06-01 15:50:04","D:\program_FAERS\runs\mainline_2026-05-20\OUTPUT_ML\xgboost","D:\program_FAERS\output20260601\machine_learning\xgboost_all_post20260525_runs\is_fall_all_2004_2025_v2_core_20260529_113116\test_bootstrap_metrics.csv","machine_learning\xgboost_all_post20260525_runs\is_fall_all_2004_2025_v2_core_20260529_113116\test_bootstrap_metrics.csv","594","2026-05-29 11:33:02"
"2026-06-01 15:50:04","D:\program_FAERS\runs\mainline_2026-05-20\OUTPUT_ML\xgboost","D:\program_FAERS\output20260601\machine_learning\xgboost_all_post20260525_runs\is_fall_all_2004_2025_v2_core_20260529_113116\test_calibration_curve.csv","machine_learning\xgboost_all_post20260525_runs\is_fall_all_2004_2025_v2_core_20260529_113116\test_calibration_curve.csv","561","2026-05-29 11:33:02"
"2026-06-01 15:50:04","D:\program_FAERS\runs\mainline_2026-05-20\OUTPUT_ML\xgboost","D:\program_FAERS\output20260601\machine_learning\xgboost_all_post20260525_runs\is_fall_all_2004_2025_v2_core_20260529_113116\test_predictions.csv","machine_learning\xgboost_all_post20260525_runs\is_fall_all_2004_2025_v2_core_20260529_113116\test_predictions.csv","16580059","2026-05-29 11:33:02"
"2026-06-01 15:50:04","D:\program_FAERS\runs\mainline_2026-05-20\OUTPUT_ML\xgboost","D:\program_FAERS\output20260601\machine_learning\xgboost_all_post20260525_runs\is_fall_all_2004_2025_v2_core_20260529_113116\test_roc_curve.csv","machine_learning\xgboost_all_post20260525_runs\is_fall_all_2004_2025_v2_core_20260529_113116\test_roc_curve.csv","7082579","2026-05-29 11:33:02"
"2026-06-01 15:50:04","D:\program_FAERS\runs\mainline_2026-05-20\OUTPUT_ML\xgboost","D:\program_FAERS\output20260601\machine_learning\xgboost_all_post20260525_runs\is_fall_all_2004_2025_v2_core_20260529_113116\validation_calibration_curve.csv","machine_learning\xgboost_all_post20260525_runs\is_fall_all_2004_2025_v2_core_20260529_113116\validation_calibration_curve.csv","562","2026-05-29 11:33:02"
"2026-06-01 15:50:04","D:\program_FAERS\runs\mainline_2026-05-20\OUTPUT_ML\xgboost","D:\program_FAERS\output20260601\machine_learning\xgboost_all_post20260525_runs\is_fall_all_2004_2025_v2_core_20260529_113116\validation_predictions.csv","machine_learning\xgboost_all_post20260525_runs\is_fall_all_2004_2025_v2_core_20260529_113116\validation_predictions.csv","15798927","2026-05-29 11:33:01"
"2026-06-01 15:50:04","D:\program_FAERS\runs\mainline_2026-05-20\OUTPUT_ML\xgboost","D:\program_FAERS\output20260601\machine_learning\xgboost_all_post20260525_runs\is_fall_all_2004_2025_v2_core_20260529_113116\validation_roc_curve.csv","machine_learning\xgboost_all_post20260525_runs\is_fall_all_2004_2025_v2_core_20260529_113116\validation_roc_curve.csv","6668377","2026-05-29 11:33:02"
"2026-06-01 15:50:04","D:\program_FAERS\runs\mainline_2026-05-20\OUTPUT_ML\xgboost","D:\program_FAERS\output20260601\machine_learning\xgboost_all_post20260525_runs\is_fall_all_2004_2025_v2_enhanced_20260529_124326\best_params.json","machine_learning\xgboost_all_post20260525_runs\is_fall_all_2004_2025_v2_enhanced_20260529_124326\best_params.json","1662","2026-05-29 12:45:00"
"2026-06-01 15:50:04","D:\program_FAERS\runs\mainline_2026-05-20\OUTPUT_ML\xgboost","D:\program_FAERS\output20260601\machine_learning\xgboost_all_post20260525_runs\is_fall_all_2004_2025_v2_enhanced_20260529_124326\cv_metrics.csv","machine_learning\xgboost_all_post20260525_runs\is_fall_all_2004_2025_v2_enhanced_20260529_124326\cv_metrics.csv","1455","2026-05-29 12:45:00"
"2026-06-01 15:50:04","D:\program_FAERS\runs\mainline_2026-05-20\OUTPUT_ML\xgboost","D:\program_FAERS\output20260601\machine_learning\xgboost_all_post20260525_runs\is_fall_all_2004_2025_v2_enhanced_20260529_124326\feature_importance.csv","machine_learning\xgboost_all_post20260525_runs\is_fall_all_2004_2025_v2_enhanced_20260529_124326\feature_importance.csv","26094","2026-05-29 12:45:01"
"2026-06-01 15:50:04","D:\program_FAERS\runs\mainline_2026-05-20\OUTPUT_ML\xgboost","D:\program_FAERS\output20260601\machine_learning\xgboost_all_post20260525_runs\is_fall_all_2004_2025_v2_enhanced_20260529_124326\interpretation_summary.md","machine_learning\xgboost_all_post20260525_runs\is_fall_all_2004_2025_v2_enhanced_20260529_124326\interpretation_summary.md","1761","2026-05-29 12:45:01"
"2026-06-01 15:50:04","D:\program_FAERS\runs\mainline_2026-05-20\OUTPUT_ML\xgboost","D:\program_FAERS\output20260601\machine_learning\xgboost_all_post20260525_runs\is_fall_all_2004_2025_v2_enhanced_20260529_124326\metrics.json","machine_learning\xgboost_all_post20260525_runs\is_fall_all_2004_2025_v2_enhanced_20260529_124326\metrics.json","11610","2026-05-29 12:45:00"
"2026-06-01 15:50:04","D:\program_FAERS\runs\mainline_2026-05-20\OUTPUT_ML\xgboost","D:\program_FAERS\output20260601\machine_learning\xgboost_all_post20260525_runs\is_fall_all_2004_2025_v2_enhanced_20260529_124326\model_card.md","machine_learning\xgboost_all_post20260525_runs\is_fall_all_2004_2025_v2_enhanced_20260529_124326\model_card.md","3043","2026-05-29 12:45:01"
"2026-06-01 15:50:04","D:\program_FAERS\runs\mainline_2026-05-20\OUTPUT_ML\xgboost","D:\program_FAERS\output20260601\machine_learning\xgboost_all_post20260525_runs\is_fall_all_2004_2025_v2_enhanced_20260529_124326\search_results.csv","machine_learning\xgboost_all_post20260525_runs\is_fall_all_2004_2025_v2_enhanced_20260529_124326\search_results.csv","8025","2026-05-29 12:45:00"
"2026-06-01 15:50:04","D:\program_FAERS\runs\mainline_2026-05-20\OUTPUT_ML\xgboost","D:\program_FAERS\output20260601\machine_learning\xgboost_all_post20260525_runs\is_fall_all_2004_2025_v2_enhanced_20260529_124326\split_summary.csv","machine_learning\xgboost_all_post20260525_runs\is_fall_all_2004_2025_v2_enhanced_20260529_124326\split_summary.csv","269","2026-05-29 12:45:00"
"2026-06-01 15:50:04","D:\program_FAERS\runs\mainline_2026-05-20\OUTPUT_ML\xgboost","D:\program_FAERS\output20260601\machine_learning\xgboost_all_post20260525_runs\is_fall_all_2004_2025_v2_enhanced_20260529_124326\test_bootstrap_metrics.csv","machine_learning\xgboost_all_post20260525_runs\is_fall_all_2004_2025_v2_enhanced_20260529_124326\test_bootstrap_metrics.csv","589","2026-05-29 12:45:01"
"2026-06-01 15:50:04","D:\program_FAERS\runs\mainline_2026-05-20\OUTPUT_ML\xgboost","D:\program_FAERS\output20260601\machine_learning\xgboost_all_post20260525_runs\is_fall_all_2004_2025_v2_enhanced_20260529_124326\test_calibration_curve.csv","machine_learning\xgboost_all_post20260525_runs\is_fall_all_2004_2025_v2_enhanced_20260529_124326\test_calibration_curve.csv","559","2026-05-29 12:45:01"
"2026-06-01 15:50:04","D:\program_FAERS\runs\mainline_2026-05-20\OUTPUT_ML\xgboost","D:\program_FAERS\output20260601\machine_learning\xgboost_all_post20260525_runs\is_fall_all_2004_2025_v2_enhanced_20260529_124326\test_predictions.csv","machine_learning\xgboost_all_post20260525_runs\is_fall_all_2004_2025_v2_enhanced_20260529_124326\test_predictions.csv","16608905","2026-05-29 12:45:01"
"2026-06-01 15:50:04","D:\program_FAERS\runs\mainline_2026-05-20\OUTPUT_ML\xgboost","D:\program_FAERS\output20260601\machine_learning\xgboost_all_post20260525_runs\is_fall_all_2004_2025_v2_enhanced_20260529_124326\test_roc_curve.csv","machine_learning\xgboost_all_post20260525_runs\is_fall_all_2004_2025_v2_enhanced_20260529_124326\test_roc_curve.csv","6766916","2026-05-29 12:45:01"
"2026-06-01 15:50:04","D:\program_FAERS\runs\mainline_2026-05-20\OUTPUT_ML\xgboost","D:\program_FAERS\output20260601\machine_learning\xgboost_all_post20260525_runs\is_fall_all_2004_2025_v2_enhanced_20260529_124326\validation_calibration_curve.csv","machine_learning\xgboost_all_post20260525_runs\is_fall_all_2004_2025_v2_enhanced_20260529_124326\validation_calibration_curve.csv","562","2026-05-29 12:45:01"
"2026-06-01 15:50:04","D:\program_FAERS\runs\mainline_2026-05-20\OUTPUT_ML\xgboost","D:\program_FAERS\output20260601\machine_learning\xgboost_all_post20260525_runs\is_fall_all_2004_2025_v2_enhanced_20260529_124326\validation_predictions.csv","machine_learning\xgboost_all_post20260525_runs\is_fall_all_2004_2025_v2_enhanced_20260529_124326\validation_predictions.csv","15826805","2026-05-29 12:45:00"
"2026-06-01 15:50:04","D:\program_FAERS\runs\mainline_2026-05-20\OUTPUT_ML\xgboost","D:\program_FAERS\output20260601\machine_learning\xgboost_all_post20260525_runs\is_fall_all_2004_2025_v2_enhanced_20260529_124326\validation_roc_curve.csv","machine_learning\xgboost_all_post20260525_runs\is_fall_all_2004_2025_v2_enhanced_20260529_124326\validation_roc_curve.csv","6383842","2026-05-29 12:45:01"
"2026-06-01 15:50:04","D:\program_FAERS\runs\mainline_2026-05-20\OUTPUT_ML\features_v2","D:\program_FAERS\output20260601\machine_learning\features_v2_dataset_used_by_ml\audit\field_audit_2004_2025.csv","machine_learning\features_v2_dataset_used_by_ml\audit\field_audit_2004_2025.csv","129260","2026-05-20 12:15:13"
"2026-06-01 15:50:04","D:\program_FAERS\runs\mainline_2026-05-20\OUTPUT_ML\features_v2","D:\program_FAERS\output20260601\machine_learning\features_v2_dataset_used_by_ml\datasets\ml_feature_v2_2004_2025.before_is_fall_cleanup.parquet","machine_learning\features_v2_dataset_used_by_ml\datasets\ml_feature_v2_2004_2025.before_is_fall_cleanup.parquet","70501700","2026-05-20 12:23:14"
"2026-06-01 15:50:04","D:\program_FAERS\runs\mainline_2026-05-20\OUTPUT_ML\features_v2","D:\program_FAERS\output20260601\machine_learning\features_v2_dataset_used_by_ml\datasets\ml_feature_v2_2004_2025.parquet","machine_learning\features_v2_dataset_used_by_ml\datasets\ml_feature_v2_2004_2025.parquet","71504456","2026-05-28 01:45:28"
"2026-06-01 15:50:04","D:\program_FAERS\runs\mainline_2026-05-20\OUTPUT_ML\features_v2","D:\program_FAERS\output20260601\machine_learning\features_v2_dataset_used_by_ml\lookup\meddra_lookup.parquet","machine_learning\features_v2_dataset_used_by_ml\lookup\meddra_lookup.parquet","6933601","2026-05-20 12:15:26"
"2026-06-01 15:50:04","D:\program_FAERS\runs\mainline_2026-05-20\OUTPUT_ML\features_v2","D:\program_FAERS\output20260601\machine_learning\features_v2_dataset_used_by_ml\qc\demo_v2_qc.csv","machine_learning\features_v2_dataset_used_by_ml\qc\demo_v2_qc.csv","45781","2026-05-20 12:15:32"
"2026-06-01 15:50:04","D:\program_FAERS\runs\mainline_2026-05-20\OUTPUT_ML\features_v2","D:\program_FAERS\output20260601\machine_learning\features_v2_dataset_used_by_ml\qc\drug_role_v2_qc.csv","machine_learning\features_v2_dataset_used_by_ml\qc\drug_role_v2_qc.csv","63299","2026-05-20 12:16:13"
"2026-06-01 15:50:04","D:\program_FAERS\runs\mainline_2026-05-20\OUTPUT_ML\features_v2","D:\program_FAERS\output20260601\machine_learning\features_v2_dataset_used_by_ml\qc\indi_v2_qc.csv","machine_learning\features_v2_dataset_used_by_ml\qc\indi_v2_qc.csv","242627","2026-05-20 12:22:30"
"2026-06-01 15:50:04","D:\program_FAERS\runs\mainline_2026-05-20\OUTPUT_ML\features_v2","D:\program_FAERS\output20260601\machine_learning\features_v2_dataset_used_by_ml\qc\indi_v2_unmapped_top_terms.csv","machine_learning\features_v2_dataset_used_by_ml\qc\indi_v2_unmapped_top_terms.csv","5001","2026-05-20 12:22:30"
"2026-06-01 15:50:04","D:\program_FAERS\runs\mainline_2026-05-20\OUTPUT_ML\features_v2","D:\program_FAERS\output20260601\machine_learning\features_v2_dataset_used_by_ml\qc\meddra_lookup_qc.csv","machine_learning\features_v2_dataset_used_by_ml\qc\meddra_lookup_qc.csv","97","2026-05-20 12:15:26"
"2026-06-01 15:50:04","D:\program_FAERS\runs\mainline_2026-05-20\OUTPUT_ML\features_v2","D:\program_FAERS\output20260601\machine_learning\features_v2_dataset_used_by_ml\qc\ml_feature_v2_qc_2004_2025.csv","machine_learning\features_v2_dataset_used_by_ml\qc\ml_feature_v2_qc_2004_2025.csv","6958","2026-05-28 01:45:36"
"2026-06-01 15:50:04","D:\program_FAERS\runs\mainline_2026-05-20\OUTPUT_ML\features_v2","D:\program_FAERS\output20260601\machine_learning\features_v2_dataset_used_by_ml\qc\rpsr_v2_qc.csv","machine_learning\features_v2_dataset_used_by_ml\qc\rpsr_v2_qc.csv","22974","2026-05-20 12:22:37"
"2026-06-01 15:50:04","D:\program_FAERS\runs\mainline_2026-05-20\OUTPUT_ML\features_v2","D:\program_FAERS\output20260601\machine_learning\features_v2_dataset_used_by_ml\qc\ther_v2_qc.csv","machine_learning\features_v2_dataset_used_by_ml\qc\ther_v2_qc.csv","33410","2026-05-20 12:22:41"
"2026-06-01 15:50:04","D:\program_FAERS\runs\mainline_2026-05-20\OUTPUT_ML\features_v2","D:\program_FAERS\output20260601\machine_learning\features_v2_dataset_used_by_ml\quarterly\demo_v2_2004q1.parquet","machine_learning\features_v2_dataset_used_by_ml\quarterly\demo_v2_2004q1.parquet","110114","2026-05-20 12:15:26"
"2026-06-01 15:50:04","D:\program_FAERS\runs\mainline_2026-05-20\OUTPUT_ML\features_v2","D:\program_FAERS\output20260601\machine_learning\features_v2_dataset_used_by_ml\quarterly\demo_v2_2004q2.parquet","machine_learning\features_v2_dataset_used_by_ml\quarterly\demo_v2_2004q2.parquet","98713","2026-05-20 12:15:27"
"2026-06-01 15:50:04","D:\program_FAERS\runs\mainline_2026-05-20\OUTPUT_ML\features_v2","D:\program_FAERS\output20260601\machine_learning\features_v2_dataset_used_by_ml\quarterly\demo_v2_2004q3.parquet","machine_learning\features_v2_dataset_used_by_ml\quarterly\demo_v2_2004q3.parquet","139742","2026-05-20 12:15:27"
"2026-06-01 15:50:04","D:\program_FAERS\runs\mainline_2026-05-20\OUTPUT_ML\features_v2","D:\program_FAERS\output20260601\machine_learning\features_v2_dataset_used_by_ml\quarterly\demo_v2_2004q4.parquet","machine_learning\features_v2_dataset_used_by_ml\quarterly\demo_v2_2004q4.parquet","115549","2026-05-20 12:15:27"
"2026-06-01 15:50:04","D:\program_FAERS\runs\mainline_2026-05-20\OUTPUT_ML\features_v2","D:\program_FAERS\output20260601\machine_learning\features_v2_dataset_used_by_ml\quarterly\demo_v2_2005q1.parquet","machine_learning\features_v2_dataset_used_by_ml\quarterly\demo_v2_2005q1.parquet","114315","2026-05-20 12:15:27"
"2026-06-01 15:50:04","D:\program_FAERS\runs\mainline_2026-05-20\OUTPUT_ML\features_v2","D:\program_FAERS\output20260601\machine_learning\features_v2_dataset_used_by_ml\quarterly\demo_v2_2005q2.parquet","machine_learning\features_v2_dataset_used_by_ml\quarterly\demo_v2_2005q2.parquet","131552","2026-05-20 12:15:27"
"2026-06-01 15:50:04","D:\program_FAERS\runs\mainline_2026-05-20\OUTPUT_ML\features_v2","D:\program_FAERS\output20260601\machine_learning\features_v2_dataset_used_by_ml\quarterly\demo_v2_2005q3.parquet","machine_learning\features_v2_dataset_used_by_ml\quarterly\demo_v2_2005q3.parquet","140288","2026-05-20 12:15:27"
"2026-06-01 15:50:04","D:\program_FAERS\runs\mainline_2026-05-20\OUTPUT_ML\features_v2","D:\program_FAERS\output20260601\machine_learning\features_v2_dataset_used_by_ml\quarterly\demo_v2_2005q4.parquet","machine_learning\features_v2_dataset_used_by_ml\quarterly\demo_v2_2005q4.parquet","142565","2026-05-20 12:15:27"
"2026-06-01 15:50:04","D:\program_FAERS\runs\mainline_2026-05-20\OUTPUT_ML\features_v2","D:\program_FAERS\output20260601\machine_learning\features_v2_dataset_used_by_ml\quarterly\demo_v2_2006q1.parquet","machine_learning\features_v2_dataset_used_by_ml\quarterly\demo_v2_2006q1.parquet","144979","2026-05-20 12:15:27"
"2026-06-01 15:50:04","D:\program_FAERS\runs\mainline_2026-05-20\OUTPUT_ML\features_v2","D:\program_FAERS\output20260601\machine_learning\features_v2_dataset_used_by_ml\quarterly\demo_v2_2006q2.parquet","machine_learning\features_v2_dataset_used_by_ml\quarterly\demo_v2_2006q2.parquet","141139","2026-05-20 12:15:27"
"2026-06-01 15:50:04","D:\program_FAERS\runs\mainline_2026-05-20\OUTPUT_ML\features_v2","D:\program_FAERS\output20260601\machine_learning\features_v2_dataset_used_by_ml\quarterly\demo_v2_2006q3.parquet","machine_learning\features_v2_dataset_used_by_ml\quarterly\demo_v2_2006q3.parquet","125998","2026-05-20 12:15:27"
"2026-06-01 15:50:04","D:\program_FAERS\runs\mainline_2026-05-20\OUTPUT_ML\features_v2","D:\program_FAERS\output20260601\machine_learning\features_v2_dataset_used_by_ml\quarterly\demo_v2_2006q4.parquet","machine_learning\features_v2_dataset_used_by_ml\quarterly\demo_v2_2006q4.parquet","128612","2026-05-20 12:15:27"
"2026-06-01 15:50:04","D:\program_FAERS\runs\mainline_2026-05-20\OUTPUT_ML\features_v2","D:\program_FAERS\output20260601\machine_learning\features_v2_dataset_used_by_ml\quarterly\demo_v2_2007q1.parquet","machine_learning\features_v2_dataset_used_by_ml\quarterly\demo_v2_2007q1.parquet","135493","2026-05-20 12:15:27"
"2026-06-01 15:50:04","D:\program_FAERS\runs\mainline_2026-05-20\OUTPUT_ML\features_v2","D:\program_FAERS\output20260601\machine_learning\features_v2_dataset_used_by_ml\quarterly\demo_v2_2007q2.parquet","machine_learning\features_v2_dataset_used_by_ml\quarterly\demo_v2_2007q2.parquet","125478","2026-05-20 12:15:27"
"2026-06-01 15:50:04","D:\program_FAERS\runs\mainline_2026-05-20\OUTPUT_ML\features_v2","D:\program_FAERS\output20260601\machine_learning\features_v2_dataset_used_by_ml\quarterly\demo_v2_2007q3.parquet","machine_learning\features_v2_dataset_used_by_ml\quarterly\demo_v2_2007q3.parquet","127638","2026-05-20 12:15:27"
"2026-06-01 15:50:04","D:\program_FAERS\runs\mainline_2026-05-20\OUTPUT_ML\features_v2","D:\program_FAERS\output20260601\machine_learning\features_v2_dataset_used_by_ml\quarterly\demo_v2_2007q4.parquet","machine_learning\features_v2_dataset_used_by_ml\quarterly\demo_v2_2007q4.parquet","137149","2026-05-20 12:15:27"
"2026-06-01 15:50:04","D:\program_FAERS\runs\mainline_2026-05-20\OUTPUT_ML\features_v2","D:\program_FAERS\output20260601\machine_learning\features_v2_dataset_used_by_ml\quarterly\demo_v2_2008q1.parquet","machine_learning\features_v2_dataset_used_by_ml\quarterly\demo_v2_2008q1.parquet","135672","2026-05-20 12:15:27"
"2026-06-01 15:50:04","D:\program_FAERS\runs\mainline_2026-05-20\OUTPUT_ML\features_v2","D:\program_FAERS\output20260601\machine_learning\features_v2_dataset_used_by_ml\quarterly\demo_v2_2008q2.parquet","machine_learning\features_v2_dataset_used_by_ml\quarterly\demo_v2_2008q2.parquet","136090","2026-05-20 12:15:27"
"2026-06-01 15:50:04","D:\program_FAERS\runs\mainline_2026-05-20\OUTPUT_ML\features_v2","D:\program_FAERS\output20260601\machine_learning\features_v2_dataset_used_by_ml\quarterly\demo_v2_2008q3.parquet","machine_learning\features_v2_dataset_used_by_ml\quarterly\demo_v2_2008q3.parquet","132235","2026-05-20 12:15:27"
"2026-06-01 15:50:04","D:\program_FAERS\runs\mainline_2026-05-20\OUTPUT_ML\features_v2","D:\program_FAERS\output20260601\machine_learning\features_v2_dataset_used_by_ml\quarterly\demo_v2_2008q4.parquet","machine_learning\features_v2_dataset_used_by_ml\quarterly\demo_v2_2008q4.parquet","132707","2026-05-20 12:15:27"
"2026-06-01 15:50:04","D:\program_FAERS\runs\mainline_2026-05-20\OUTPUT_ML\features_v2","D:\program_FAERS\output20260601\machine_learning\features_v2_dataset_used_by_ml\quarterly\demo_v2_2009q1.parquet","machine_learning\features_v2_dataset_used_by_ml\quarterly\demo_v2_2009q1.parquet","121324","2026-05-20 12:15:27"
"2026-06-01 15:50:04","D:\program_FAERS\runs\mainline_2026-05-20\OUTPUT_ML\features_v2","D:\program_FAERS\output20260601\machine_learning\features_v2_dataset_used_by_ml\quarterly\demo_v2_2009q2.parquet","machine_learning\features_v2_dataset_used_by_ml\quarterly\demo_v2_2009q2.parquet","124371","2026-05-20 12:15:27"
"2026-06-01 15:50:04","D:\program_FAERS\runs\mainline_2026-05-20\OUTPUT_ML\features_v2","D:\program_FAERS\output20260601\machine_learning\features_v2_dataset_used_by_ml\quarterly\demo_v2_2009q3.parquet","machine_learning\features_v2_dataset_used_by_ml\quarterly\demo_v2_2009q3.parquet","121916","2026-05-20 12:15:27"
"2026-06-01 15:50:04","D:\program_FAERS\runs\mainline_2026-05-20\OUTPUT_ML\features_v2","D:\program_FAERS\output20260601\machine_learning\features_v2_dataset_used_by_ml\quarterly\demo_v2_2009q4.parquet","machine_learning\features_v2_dataset_used_by_ml\quarterly\demo_v2_2009q4.parquet","150538","2026-05-20 12:15:27"
"2026-06-01 15:50:04","D:\program_FAERS\runs\mainline_2026-05-20\OUTPUT_ML\features_v2","D:\program_FAERS\output20260601\machine_learning\features_v2_dataset_used_by_ml\quarterly\demo_v2_2010q1.parquet","machine_learning\features_v2_dataset_used_by_ml\quarterly\demo_v2_2010q1.parquet","139978","2026-05-20 12:15:27"
"2026-06-01 15:50:04","D:\program_FAERS\runs\mainline_2026-05-20\OUTPUT_ML\features_v2","D:\program_FAERS\output20260601\machine_learning\features_v2_dataset_used_by_ml\quarterly\demo_v2_2010q2.parquet","machine_learning\features_v2_dataset_used_by_ml\quarterly\demo_v2_2010q2.parquet","237068","2026-05-20 12:15:27"
"2026-06-01 15:50:04","D:\program_FAERS\runs\mainline_2026-05-20\OUTPUT_ML\features_v2","D:\program_FAERS\output20260601\machine_learning\features_v2_dataset_used_by_ml\quarterly\demo_v2_2010q3.parquet","machine_learning\features_v2_dataset_used_by_ml\quarterly\demo_v2_2010q3.parquet","299246","2026-05-20 12:15:27"
"2026-06-01 15:50:04","D:\program_FAERS\runs\mainline_2026-05-20\OUTPUT_ML\features_v2","D:\program_FAERS\output20260601\machine_learning\features_v2_dataset_used_by_ml\quarterly\demo_v2_2010q4.parquet","machine_learning\features_v2_dataset_used_by_ml\quarterly\demo_v2_2010q4.parquet","257337","2026-05-20 12:15:27"
"2026-06-01 15:50:04","D:\program_FAERS\runs\mainline_2026-05-20\OUTPUT_ML\features_v2","D:\program_FAERS\output20260601\machine_learning\features_v2_dataset_used_by_ml\quarterly\demo_v2_2011q1.parquet","machine_learning\features_v2_dataset_used_by_ml\quarterly\demo_v2_2011q1.parquet","277331","2026-05-20 12:15:27"
"2026-06-01 15:50:04","D:\program_FAERS\runs\mainline_2026-05-20\OUTPUT_ML\features_v2","D:\program_FAERS\output20260601\machine_learning\features_v2_dataset_used_by_ml\quarterly\demo_v2_2011q2.parquet","machine_learning\features_v2_dataset_used_by_ml\quarterly\demo_v2_2011q2.parquet","306171","2026-05-20 12:15:28"
"2026-06-01 15:50:04","D:\program_FAERS\runs\mainline_2026-05-20\OUTPUT_ML\features_v2","D:\program_FAERS\output20260601\machine_learning\features_v2_dataset_used_by_ml\quarterly\demo_v2_2011q3.parquet","machine_learning\features_v2_dataset_used_by_ml\quarterly\demo_v2_2011q3.parquet","297414","2026-05-20 12:15:28"
"2026-06-01 15:50:04","D:\program_FAERS\runs\mainline_2026-05-20\OUTPUT_ML\features_v2","D:\program_FAERS\output20260601\machine_learning\features_v2_dataset_used_by_ml\quarterly\demo_v2_2011q4.parquet","machine_learning\features_v2_dataset_used_by_ml\quarterly\demo_v2_2011q4.parquet","325198","2026-05-20 12:15:28"
"2026-06-01 15:50:04","D:\program_FAERS\runs\mainline_2026-05-20\OUTPUT_ML\features_v2","D:\program_FAERS\output20260601\machine_learning\features_v2_dataset_used_by_ml\quarterly\demo_v2_2012q1.parquet","machine_learning\features_v2_dataset_used_by_ml\quarterly\demo_v2_2012q1.parquet","343926","2026-05-20 12:15:28"
"2026-06-01 15:50:04","D:\program_FAERS\runs\mainline_2026-05-20\OUTPUT_ML\features_v2","D:\program_FAERS\output20260601\machine_learning\features_v2_dataset_used_by_ml\quarterly\demo_v2_2012q2.parquet","machine_learning\features_v2_dataset_used_by_ml\quarterly\demo_v2_2012q2.parquet","364004","2026-05-20 12:15:28"
"2026-06-01 15:50:04","D:\program_FAERS\runs\mainline_2026-05-20\OUTPUT_ML\features_v2","D:\program_FAERS\output20260601\machine_learning\features_v2_dataset_used_by_ml\quarterly\demo_v2_2012q3.parquet","machine_learning\features_v2_dataset_used_by_ml\quarterly\demo_v2_2012q3.parquet","216354","2026-05-20 12:15:28"
"2026-06-01 15:50:04","D:\program_FAERS\runs\mainline_2026-05-20\OUTPUT_ML\features_v2","D:\program_FAERS\output20260601\machine_learning\features_v2_dataset_used_by_ml\quarterly\demo_v2_2012q4.parquet","machine_learning\features_v2_dataset_used_by_ml\quarterly\demo_v2_2012q4.parquet","404353","2026-05-20 12:15:28"
"2026-06-01 15:50:04","D:\program_FAERS\runs\mainline_2026-05-20\OUTPUT_ML\features_v2","D:\program_FAERS\output20260601\machine_learning\features_v2_dataset_used_by_ml\quarterly\demo_v2_2013q1.parquet","machine_learning\features_v2_dataset_used_by_ml\quarterly\demo_v2_2013q1.parquet","368677","2026-05-20 12:15:28"
"2026-06-01 15:50:04","D:\program_FAERS\runs\mainline_2026-05-20\OUTPUT_ML\features_v2","D:\program_FAERS\output20260601\machine_learning\features_v2_dataset_used_by_ml\quarterly\demo_v2_2013q2.parquet","machine_learning\features_v2_dataset_used_by_ml\quarterly\demo_v2_2013q2.parquet","364547","2026-05-20 12:15:28"
"2026-06-01 15:50:04","D:\program_FAERS\runs\mainline_2026-05-20\OUTPUT_ML\features_v2","D:\program_FAERS\output20260601\machine_learning\features_v2_dataset_used_by_ml\quarterly\demo_v2_2013q3.parquet","machine_learning\features_v2_dataset_used_by_ml\quarterly\demo_v2_2013q3.parquet","372821","2026-05-20 12:15:28"
"2026-06-01 15:50:04","D:\program_FAERS\runs\mainline_2026-05-20\OUTPUT_ML\features_v2","D:\program_FAERS\output20260601\machine_learning\features_v2_dataset_used_by_ml\quarterly\demo_v2_2013q4.parquet","machine_learning\features_v2_dataset_used_by_ml\quarterly\demo_v2_2013q4.parquet","425196","2026-05-20 12:15:28"
"2026-06-01 15:50:04","D:\program_FAERS\runs\mainline_2026-05-20\OUTPUT_ML\features_v2","D:\program_FAERS\output20260601\machine_learning\features_v2_dataset_used_by_ml\quarterly\demo_v2_2014q1.parquet","machine_learning\features_v2_dataset_used_by_ml\quarterly\demo_v2_2014q1.parquet","473756","2026-05-20 12:15:28"
"2026-06-01 15:50:04","D:\program_FAERS\runs\mainline_2026-05-20\OUTPUT_ML\features_v2","D:\program_FAERS\output20260601\machine_learning\features_v2_dataset_used_by_ml\quarterly\demo_v2_2014q2.parquet","machine_learning\features_v2_dataset_used_by_ml\quarterly\demo_v2_2014q2.parquet","439858","2026-05-20 12:15:28"
"2026-06-01 15:50:04","D:\program_FAERS\runs\mainline_2026-05-20\OUTPUT_ML\features_v2","D:\program_FAERS\output20260601\machine_learning\features_v2_dataset_used_by_ml\quarterly\demo_v2_2014q3.parquet","machine_learning\features_v2_dataset_used_by_ml\quarterly\demo_v2_2014q3.parquet","454508","2026-05-20 12:15:28"
"2026-06-01 15:50:04","D:\program_FAERS\runs\mainline_2026-05-20\OUTPUT_ML\features_v2","D:\program_FAERS\output20260601\machine_learning\features_v2_dataset_used_by_ml\quarterly\demo_v2_2014q4.parquet","machine_learning\features_v2_dataset_used_by_ml\quarterly\demo_v2_2014q4.parquet","451466","2026-05-20 12:15:28"
"2026-06-01 15:50:04","D:\program_FAERS\runs\mainline_2026-05-20\OUTPUT_ML\features_v2","D:\program_FAERS\output20260601\machine_learning\features_v2_dataset_used_by_ml\quarterly\demo_v2_2015q1.parquet","machine_learning\features_v2_dataset_used_by_ml\quarterly\demo_v2_2015q1.parquet","594811","2026-05-20 12:15:28"
"2026-06-01 15:50:04","D:\program_FAERS\runs\mainline_2026-05-20\OUTPUT_ML\features_v2","D:\program_FAERS\output20260601\machine_learning\features_v2_dataset_used_by_ml\quarterly\demo_v2_2015q2.parquet","machine_learning\features_v2_dataset_used_by_ml\quarterly\demo_v2_2015q2.parquet","594051","2026-05-20 12:15:28"
"2026-06-01 15:50:04","D:\program_FAERS\runs\mainline_2026-05-20\OUTPUT_ML\features_v2","D:\program_FAERS\output20260601\machine_learning\features_v2_dataset_used_by_ml\quarterly\demo_v2_2015q3.parquet","machine_learning\features_v2_dataset_used_by_ml\quarterly\demo_v2_2015q3.parquet","762256","2026-05-20 12:15:28"
"2026-06-01 15:50:04","D:\program_FAERS\runs\mainline_2026-05-20\OUTPUT_ML\features_v2","D:\program_FAERS\output20260601\machine_learning\features_v2_dataset_used_by_ml\quarterly\demo_v2_2015q4.parquet","machine_learning\features_v2_dataset_used_by_ml\quarterly\demo_v2_2015q4.parquet","693156","2026-05-20 12:15:29"
"2026-06-01 15:50:04","D:\program_FAERS\runs\mainline_2026-05-20\OUTPUT_ML\features_v2","D:\program_FAERS\output20260601\machine_learning\features_v2_dataset_used_by_ml\quarterly\demo_v2_2016q1.parquet","machine_learning\features_v2_dataset_used_by_ml\quarterly\demo_v2_2016q1.parquet","676933","2026-05-20 12:15:29"
"2026-06-01 15:50:04","D:\program_FAERS\runs\mainline_2026-05-20\OUTPUT_ML\features_v2","D:\program_FAERS\output20260601\machine_learning\features_v2_dataset_used_by_ml\quarterly\demo_v2_2016q2.parquet","machine_learning\features_v2_dataset_used_by_ml\quarterly\demo_v2_2016q2.parquet","655167","2026-05-20 12:15:29"
"2026-06-01 15:50:04","D:\program_FAERS\runs\mainline_2026-05-20\OUTPUT_ML\features_v2","D:\program_FAERS\output20260601\machine_learning\features_v2_dataset_used_by_ml\quarterly\demo_v2_2016q3.parquet","machine_learning\features_v2_dataset_used_by_ml\quarterly\demo_v2_2016q3.parquet","701715","2026-05-20 12:15:29"
"2026-06-01 15:50:04","D:\program_FAERS\runs\mainline_2026-05-20\OUTPUT_ML\features_v2","D:\program_FAERS\output20260601\machine_learning\features_v2_dataset_used_by_ml\quarterly\demo_v2_2016q4.parquet","machine_learning\features_v2_dataset_used_by_ml\quarterly\demo_v2_2016q4.parquet","690836","2026-05-20 12:15:29"
"2026-06-01 15:50:04","D:\program_FAERS\runs\mainline_2026-05-20\OUTPUT_ML\features_v2","D:\program_FAERS\output20260601\machine_learning\features_v2_dataset_used_by_ml\quarterly\demo_v2_2017q1.parquet","machine_learning\features_v2_dataset_used_by_ml\quarterly\demo_v2_2017q1.parquet","747408","2026-05-20 12:15:29"
"2026-06-01 15:50:04","D:\program_FAERS\runs\mainline_2026-05-20\OUTPUT_ML\features_v2","D:\program_FAERS\output20260601\machine_learning\features_v2_dataset_used_by_ml\quarterly\demo_v2_2017q2.parquet","machine_learning\features_v2_dataset_used_by_ml\quarterly\demo_v2_2017q2.parquet","685968","2026-05-20 12:15:29"
"2026-06-01 15:50:04","D:\program_FAERS\runs\mainline_2026-05-20\OUTPUT_ML\features_v2","D:\program_FAERS\output20260601\machine_learning\features_v2_dataset_used_by_ml\quarterly\demo_v2_2017q3.parquet","machine_learning\features_v2_dataset_used_by_ml\quarterly\demo_v2_2017q3.parquet","758948","2026-05-20 12:15:29"
"2026-06-01 15:50:04","D:\program_FAERS\runs\mainline_2026-05-20\OUTPUT_ML\features_v2","D:\program_FAERS\output20260601\machine_learning\features_v2_dataset_used_by_ml\quarterly\demo_v2_2017q4.parquet","machine_learning\features_v2_dataset_used_by_ml\quarterly\demo_v2_2017q4.parquet","742432","2026-05-20 12:15:29"
"2026-06-01 15:50:04","D:\program_FAERS\runs\mainline_2026-05-20\OUTPUT_ML\features_v2","D:\program_FAERS\output20260601\machine_learning\features_v2_dataset_used_by_ml\quarterly\demo_v2_2018q1.parquet","machine_learning\features_v2_dataset_used_by_ml\quarterly\demo_v2_2018q1.parquet","869263","2026-05-20 12:15:29"
"2026-06-01 15:50:04","D:\program_FAERS\runs\mainline_2026-05-20\OUTPUT_ML\features_v2","D:\program_FAERS\output20260601\machine_learning\features_v2_dataset_used_by_ml\quarterly\demo_v2_2018q2.parquet","machine_learning\features_v2_dataset_used_by_ml\quarterly\demo_v2_2018q2.parquet","959766","2026-05-20 12:15:29"
"2026-06-01 15:50:04","D:\program_FAERS\runs\mainline_2026-05-20\OUTPUT_ML\features_v2","D:\program_FAERS\output20260601\machine_learning\features_v2_dataset_used_by_ml\quarterly\demo_v2_2018q3.parquet","machine_learning\features_v2_dataset_used_by_ml\quarterly\demo_v2_2018q3.parquet","950870","2026-05-20 12:15:29"
"2026-06-01 15:50:04","D:\program_FAERS\runs\mainline_2026-05-20\OUTPUT_ML\features_v2","D:\program_FAERS\output20260601\machine_learning\features_v2_dataset_used_by_ml\quarterly\demo_v2_2018q4.parquet","machine_learning\features_v2_dataset_used_by_ml\quarterly\demo_v2_2018q4.parquet","917233","2026-05-20 12:15:30"
"2026-06-01 15:50:04","D:\program_FAERS\runs\mainline_2026-05-20\OUTPUT_ML\features_v2","D:\program_FAERS\output20260601\machine_learning\features_v2_dataset_used_by_ml\quarterly\demo_v2_2019q1.parquet","machine_learning\features_v2_dataset_used_by_ml\quarterly\demo_v2_2019q1.parquet","876065","2026-05-20 12:15:30"
"2026-06-01 15:50:04","D:\program_FAERS\runs\mainline_2026-05-20\OUTPUT_ML\features_v2","D:\program_FAERS\output20260601\machine_learning\features_v2_dataset_used_by_ml\quarterly\demo_v2_2019q2.parquet","machine_learning\features_v2_dataset_used_by_ml\quarterly\demo_v2_2019q2.parquet","903942","2026-05-20 12:15:30"
"2026-06-01 15:50:04","D:\program_FAERS\runs\mainline_2026-05-20\OUTPUT_ML\features_v2","D:\program_FAERS\output20260601\machine_learning\features_v2_dataset_used_by_ml\quarterly\demo_v2_2019q3.parquet","machine_learning\features_v2_dataset_used_by_ml\quarterly\demo_v2_2019q3.parquet","933666","2026-05-20 12:15:30"
"2026-06-01 15:50:04","D:\program_FAERS\runs\mainline_2026-05-20\OUTPUT_ML\features_v2","D:\program_FAERS\output20260601\machine_learning\features_v2_dataset_used_by_ml\quarterly\demo_v2_2019q4.parquet","machine_learning\features_v2_dataset_used_by_ml\quarterly\demo_v2_2019q4.parquet","920876","2026-05-20 12:15:30"
"2026-06-01 15:50:04","D:\program_FAERS\runs\mainline_2026-05-20\OUTPUT_ML\features_v2","D:\program_FAERS\output20260601\machine_learning\features_v2_dataset_used_by_ml\quarterly\demo_v2_2020q1.parquet","machine_learning\features_v2_dataset_used_by_ml\quarterly\demo_v2_2020q1.parquet","937246","2026-05-20 12:15:30"
"2026-06-01 15:50:04","D:\program_FAERS\runs\mainline_2026-05-20\OUTPUT_ML\features_v2","D:\program_FAERS\output20260601\machine_learning\features_v2_dataset_used_by_ml\quarterly\demo_v2_2020q2.parquet","machine_learning\features_v2_dataset_used_by_ml\quarterly\demo_v2_2020q2.parquet","839646","2026-05-20 12:15:30"
"2026-06-01 15:50:04","D:\program_FAERS\runs\mainline_2026-05-20\OUTPUT_ML\features_v2","D:\program_FAERS\output20260601\machine_learning\features_v2_dataset_used_by_ml\quarterly\demo_v2_2020q3.parquet","machine_learning\features_v2_dataset_used_by_ml\quarterly\demo_v2_2020q3.parquet","868000","2026-05-20 12:15:30"
"2026-06-01 15:50:04","D:\program_FAERS\runs\mainline_2026-05-20\OUTPUT_ML\features_v2","D:\program_FAERS\output20260601\machine_learning\features_v2_dataset_used_by_ml\quarterly\demo_v2_2020q4.parquet","machine_learning\features_v2_dataset_used_by_ml\quarterly\demo_v2_2020q4.parquet","888517","2026-05-20 12:15:30"
"2026-06-01 15:50:04","D:\program_FAERS\runs\mainline_2026-05-20\OUTPUT_ML\features_v2","D:\program_FAERS\output20260601\machine_learning\features_v2_dataset_used_by_ml\quarterly\demo_v2_2021q1.parquet","machine_learning\features_v2_dataset_used_by_ml\quarterly\demo_v2_2021q1.parquet","887115","2026-05-20 12:15:30"
"2026-06-01 15:50:04","D:\program_FAERS\runs\mainline_2026-05-20\OUTPUT_ML\features_v2","D:\program_FAERS\output20260601\machine_learning\features_v2_dataset_used_by_ml\quarterly\demo_v2_2021q2.parquet","machine_learning\features_v2_dataset_used_by_ml\quarterly\demo_v2_2021q2.parquet","904361","2026-05-20 12:15:30"
"2026-06-01 15:50:04","D:\program_FAERS\runs\mainline_2026-05-20\OUTPUT_ML\features_v2","D:\program_FAERS\output20260601\machine_learning\features_v2_dataset_used_by_ml\quarterly\demo_v2_2021q3.parquet","machine_learning\features_v2_dataset_used_by_ml\quarterly\demo_v2_2021q3.parquet","1031181","2026-05-20 12:15:31"
"2026-06-01 15:50:04","D:\program_FAERS\runs\mainline_2026-05-20\OUTPUT_ML\features_v2","D:\program_FAERS\output20260601\machine_learning\features_v2_dataset_used_by_ml\quarterly\demo_v2_2021q4.parquet","machine_learning\features_v2_dataset_used_by_ml\quarterly\demo_v2_2021q4.parquet","846933","2026-05-20 12:15:31"
"2026-06-01 15:50:04","D:\program_FAERS\runs\mainline_2026-05-20\OUTPUT_ML\features_v2","D:\program_FAERS\output20260601\machine_learning\features_v2_dataset_used_by_ml\quarterly\demo_v2_2022q1.parquet","machine_learning\features_v2_dataset_used_by_ml\quarterly\demo_v2_2022q1.parquet","902610","2026-05-20 12:15:31"
"2026-06-01 15:50:04","D:\program_FAERS\runs\mainline_2026-05-20\OUTPUT_ML\features_v2","D:\program_FAERS\output20260601\machine_learning\features_v2_dataset_used_by_ml\quarterly\demo_v2_2022q2.parquet","machine_learning\features_v2_dataset_used_by_ml\quarterly\demo_v2_2022q2.parquet","988482","2026-05-20 12:15:31"
"2026-06-01 15:50:04","D:\program_FAERS\runs\mainline_2026-05-20\OUTPUT_ML\features_v2","D:\program_FAERS\output20260601\machine_learning\features_v2_dataset_used_by_ml\quarterly\demo_v2_2022q3.parquet","machine_learning\features_v2_dataset_used_by_ml\quarterly\demo_v2_2022q3.parquet","981921","2026-05-20 12:15:31"
"2026-06-01 15:50:04","D:\program_FAERS\runs\mainline_2026-05-20\OUTPUT_ML\features_v2","D:\program_FAERS\output20260601\machine_learning\features_v2_dataset_used_by_ml\quarterly\demo_v2_2022q4.parquet","machine_learning\features_v2_dataset_used_by_ml\quarterly\demo_v2_2022q4.parquet","976711","2026-05-20 12:15:31"
"2026-06-01 15:50:04","D:\program_FAERS\runs\mainline_2026-05-20\OUTPUT_ML\features_v2","D:\program_FAERS\output20260601\machine_learning\features_v2_dataset_used_by_ml\quarterly\demo_v2_2023q1.parquet","machine_learning\features_v2_dataset_used_by_ml\quarterly\demo_v2_2023q1.parquet","932071","2026-05-20 12:15:31"
"2026-06-01 15:50:04","D:\program_FAERS\runs\mainline_2026-05-20\OUTPUT_ML\features_v2","D:\program_FAERS\output20260601\machine_learning\features_v2_dataset_used_by_ml\quarterly\demo_v2_2023q2.parquet","machine_learning\features_v2_dataset_used_by_ml\quarterly\demo_v2_2023q2.parquet","900720","2026-05-20 12:15:31"
"2026-06-01 15:50:04","D:\program_FAERS\runs\mainline_2026-05-20\OUTPUT_ML\features_v2","D:\program_FAERS\output20260601\machine_learning\features_v2_dataset_used_by_ml\quarterly\demo_v2_2023q3.parquet","machine_learning\features_v2_dataset_used_by_ml\quarterly\demo_v2_2023q3.parquet","864004","2026-05-20 12:15:31"
"2026-06-01 15:50:04","D:\program_FAERS\runs\mainline_2026-05-20\OUTPUT_ML\features_v2","D:\program_FAERS\output20260601\machine_learning\features_v2_dataset_used_by_ml\quarterly\demo_v2_2023q4.parquet","machine_learning\features_v2_dataset_used_by_ml\quarterly\demo_v2_2023q4.parquet","924740","2026-05-20 12:15:31"
"2026-06-01 15:50:04","D:\program_FAERS\runs\mainline_2026-05-20\OUTPUT_ML\features_v2","D:\program_FAERS\output20260601\machine_learning\features_v2_dataset_used_by_ml\quarterly\demo_v2_2024q1.parquet","machine_learning\features_v2_dataset_used_by_ml\quarterly\demo_v2_2024q1.parquet","945131","2026-05-20 12:15:32"
"2026-06-01 15:50:04","D:\program_FAERS\runs\mainline_2026-05-20\OUTPUT_ML\features_v2","D:\program_FAERS\output20260601\machine_learning\features_v2_dataset_used_by_ml\quarterly\demo_v2_2024q2.parquet","machine_learning\features_v2_dataset_used_by_ml\quarterly\demo_v2_2024q2.parquet","929019","2026-05-20 12:15:32"
"2026-06-01 15:50:04","D:\program_FAERS\runs\mainline_2026-05-20\OUTPUT_ML\features_v2","D:\program_FAERS\output20260601\machine_learning\features_v2_dataset_used_by_ml\quarterly\demo_v2_2024q3.parquet","machine_learning\features_v2_dataset_used_by_ml\quarterly\demo_v2_2024q3.parquet","926091","2026-05-20 12:15:32"
"2026-06-01 15:50:04","D:\program_FAERS\runs\mainline_2026-05-20\OUTPUT_ML\features_v2","D:\program_FAERS\output20260601\machine_learning\features_v2_dataset_used_by_ml\quarterly\demo_v2_2024q4.parquet","machine_learning\features_v2_dataset_used_by_ml\quarterly\demo_v2_2024q4.parquet","868940","2026-05-20 12:15:32"
"2026-06-01 15:50:04","D:\program_FAERS\runs\mainline_2026-05-20\OUTPUT_ML\features_v2","D:\program_FAERS\output20260601\machine_learning\features_v2_dataset_used_by_ml\quarterly\demo_v2_2025q1.parquet","machine_learning\features_v2_dataset_used_by_ml\quarterly\demo_v2_2025q1.parquet","849559","2026-05-20 12:15:32"
"2026-06-01 15:50:04","D:\program_FAERS\runs\mainline_2026-05-20\OUTPUT_ML\features_v2","D:\program_FAERS\output20260601\machine_learning\features_v2_dataset_used_by_ml\quarterly\demo_v2_2025q2.parquet","machine_learning\features_v2_dataset_used_by_ml\quarterly\demo_v2_2025q2.parquet","814482","2026-05-20 12:15:32"
"2026-06-01 15:50:04","D:\program_FAERS\runs\mainline_2026-05-20\OUTPUT_ML\features_v2","D:\program_FAERS\output20260601\machine_learning\features_v2_dataset_used_by_ml\quarterly\demo_v2_2025q3.parquet","machine_learning\features_v2_dataset_used_by_ml\quarterly\demo_v2_2025q3.parquet","909371","2026-05-20 12:15:32"
"2026-06-01 15:50:04","D:\program_FAERS\runs\mainline_2026-05-20\OUTPUT_ML\features_v2","D:\program_FAERS\output20260601\machine_learning\features_v2_dataset_used_by_ml\quarterly\demo_v2_2025q4.parquet","machine_learning\features_v2_dataset_used_by_ml\quarterly\demo_v2_2025q4.parquet","824678","2026-05-20 12:15:32"
"2026-06-01 15:50:04","D:\program_FAERS\runs\mainline_2026-05-20\OUTPUT_ML\features_v2","D:\program_FAERS\output20260601\machine_learning\features_v2_dataset_used_by_ml\quarterly\drug_role_v2_2004q1.parquet","machine_learning\features_v2_dataset_used_by_ml\quarterly\drug_role_v2_2004q1.parquet","110159","2026-05-20 12:15:32"
"2026-06-01 15:50:04","D:\program_FAERS\runs\mainline_2026-05-20\OUTPUT_ML\features_v2","D:\program_FAERS\output20260601\machine_learning\features_v2_dataset_used_by_ml\quarterly\drug_role_v2_2004q2.parquet","machine_learning\features_v2_dataset_used_by_ml\quarterly\drug_role_v2_2004q2.parquet","99305","2026-05-20 12:15:32"
"2026-06-01 15:50:04","D:\program_FAERS\runs\mainline_2026-05-20\OUTPUT_ML\features_v2","D:\program_FAERS\output20260601\machine_learning\features_v2_dataset_used_by_ml\quarterly\drug_role_v2_2004q3.parquet","machine_learning\features_v2_dataset_used_by_ml\quarterly\drug_role_v2_2004q3.parquet","138923","2026-05-20 12:15:33"
"2026-06-01 15:50:04","D:\program_FAERS\runs\mainline_2026-05-20\OUTPUT_ML\features_v2","D:\program_FAERS\output20260601\machine_learning\features_v2_dataset_used_by_ml\quarterly\drug_role_v2_2004q4.parquet","machine_learning\features_v2_dataset_used_by_ml\quarterly\drug_role_v2_2004q4.parquet","114033","2026-05-20 12:15:33"
"2026-06-01 15:50:04","D:\program_FAERS\runs\mainline_2026-05-20\OUTPUT_ML\features_v2","D:\program_FAERS\output20260601\machine_learning\features_v2_dataset_used_by_ml\quarterly\drug_role_v2_2005q1.parquet","machine_learning\features_v2_dataset_used_by_ml\quarterly\drug_role_v2_2005q1.parquet","114363","2026-05-20 12:15:33"
"2026-06-01 15:50:04","D:\program_FAERS\runs\mainline_2026-05-20\OUTPUT_ML\features_v2","D:\program_FAERS\output20260601\machine_learning\features_v2_dataset_used_by_ml\quarterly\drug_role_v2_2005q2.parquet","machine_learning\features_v2_dataset_used_by_ml\quarterly\drug_role_v2_2005q2.parquet","126849","2026-05-20 12:15:33"
"2026-06-01 15:50:04","D:\program_FAERS\runs\mainline_2026-05-20\OUTPUT_ML\features_v2","D:\program_FAERS\output20260601\machine_learning\features_v2_dataset_used_by_ml\quarterly\drug_role_v2_2005q3.parquet","machine_learning\features_v2_dataset_used_by_ml\quarterly\drug_role_v2_2005q3.parquet","125960","2026-05-20 12:15:33"
"2026-06-01 15:50:04","D:\program_FAERS\runs\mainline_2026-05-20\OUTPUT_ML\features_v2","D:\program_FAERS\output20260601\machine_learning\features_v2_dataset_used_by_ml\quarterly\drug_role_v2_2005q4.parquet","machine_learning\features_v2_dataset_used_by_ml\quarterly\drug_role_v2_2005q4.parquet","126124","2026-05-20 12:15:33"
"2026-06-01 15:50:04","D:\program_FAERS\runs\mainline_2026-05-20\OUTPUT_ML\features_v2","D:\program_FAERS\output20260601\machine_learning\features_v2_dataset_used_by_ml\quarterly\drug_role_v2_2006q1.parquet","machine_learning\features_v2_dataset_used_by_ml\quarterly\drug_role_v2_2006q1.parquet","131166","2026-05-20 12:15:33"
"2026-06-01 15:50:04","D:\program_FAERS\runs\mainline_2026-05-20\OUTPUT_ML\features_v2","D:\program_FAERS\output20260601\machine_learning\features_v2_dataset_used_by_ml\quarterly\drug_role_v2_2006q2.parquet","machine_learning\features_v2_dataset_used_by_ml\quarterly\drug_role_v2_2006q2.parquet","127323","2026-05-20 12:15:34"
"2026-06-01 15:50:04","D:\program_FAERS\runs\mainline_2026-05-20\OUTPUT_ML\features_v2","D:\program_FAERS\output20260601\machine_learning\features_v2_dataset_used_by_ml\quarterly\drug_role_v2_2006q3.parquet","machine_learning\features_v2_dataset_used_by_ml\quarterly\drug_role_v2_2006q3.parquet","112911","2026-05-20 12:15:34"
"2026-06-01 15:50:04","D:\program_FAERS\runs\mainline_2026-05-20\OUTPUT_ML\features_v2","D:\program_FAERS\output20260601\machine_learning\features_v2_dataset_used_by_ml\quarterly\drug_role_v2_2006q4.parquet","machine_learning\features_v2_dataset_used_by_ml\quarterly\drug_role_v2_2006q4.parquet","115142","2026-05-20 12:15:34"
"2026-06-01 15:50:04","D:\program_FAERS\runs\mainline_2026-05-20\OUTPUT_ML\features_v2","D:\program_FAERS\output20260601\machine_learning\features_v2_dataset_used_by_ml\quarterly\drug_role_v2_2007q1.parquet","machine_learning\features_v2_dataset_used_by_ml\quarterly\drug_role_v2_2007q1.parquet","121820","2026-05-20 12:15:34"
"2026-06-01 15:50:04","D:\program_FAERS\runs\mainline_2026-05-20\OUTPUT_ML\features_v2","D:\program_FAERS\output20260601\machine_learning\features_v2_dataset_used_by_ml\quarterly\drug_role_v2_2007q2.parquet","machine_learning\features_v2_dataset_used_by_ml\quarterly\drug_role_v2_2007q2.parquet","112895","2026-05-20 12:15:34"
"2026-06-01 15:50:04","D:\program_FAERS\runs\mainline_2026-05-20\OUTPUT_ML\features_v2","D:\program_FAERS\output20260601\machine_learning\features_v2_dataset_used_by_ml\quarterly\drug_role_v2_2007q3.parquet","machine_learning\features_v2_dataset_used_by_ml\quarterly\drug_role_v2_2007q3.parquet","113797","2026-05-20 12:15:34"
"2026-06-01 15:50:04","D:\program_FAERS\runs\mainline_2026-05-20\OUTPUT_ML\features_v2","D:\program_FAERS\output20260601\machine_learning\features_v2_dataset_used_by_ml\quarterly\drug_role_v2_2007q4.parquet","machine_learning\features_v2_dataset_used_by_ml\quarterly\drug_role_v2_2007q4.parquet","123242","2026-05-20 12:15:34"
"2026-06-01 15:50:04","D:\program_FAERS\runs\mainline_2026-05-20\OUTPUT_ML\features_v2","D:\program_FAERS\output20260601\machine_learning\features_v2_dataset_used_by_ml\quarterly\drug_role_v2_2008q1.parquet","machine_learning\features_v2_dataset_used_by_ml\quarterly\drug_role_v2_2008q1.parquet","120964","2026-05-20 12:15:34"
"2026-06-01 15:50:04","D:\program_FAERS\runs\mainline_2026-05-20\OUTPUT_ML\features_v2","D:\program_FAERS\output20260601\machine_learning\features_v2_dataset_used_by_ml\quarterly\drug_role_v2_2008q2.parquet","machine_learning\features_v2_dataset_used_by_ml\quarterly\drug_role_v2_2008q2.parquet","121293","2026-05-20 12:15:34"
"2026-06-01 15:50:04","D:\program_FAERS\runs\mainline_2026-05-20\OUTPUT_ML\features_v2","D:\program_FAERS\output20260601\machine_learning\features_v2_dataset_used_by_ml\quarterly\drug_role_v2_2008q3.parquet","machine_learning\features_v2_dataset_used_by_ml\quarterly\drug_role_v2_2008q3.parquet","117508","2026-05-20 12:15:35"
"2026-06-01 15:50:04","D:\program_FAERS\runs\mainline_2026-05-20\OUTPUT_ML\features_v2","D:\program_FAERS\output20260601\machine_learning\features_v2_dataset_used_by_ml\quarterly\drug_role_v2_2008q4.parquet","machine_learning\features_v2_dataset_used_by_ml\quarterly\drug_role_v2_2008q4.parquet","117765","2026-05-20 12:15:35"
"2026-06-01 15:50:04","D:\program_FAERS\runs\mainline_2026-05-20\OUTPUT_ML\features_v2","D:\program_FAERS\output20260601\machine_learning\features_v2_dataset_used_by_ml\quarterly\drug_role_v2_2009q1.parquet","machine_learning\features_v2_dataset_used_by_ml\quarterly\drug_role_v2_2009q1.parquet","107897","2026-05-20 12:15:35"
"2026-06-01 15:50:04","D:\program_FAERS\runs\mainline_2026-05-20\OUTPUT_ML\features_v2","D:\program_FAERS\output20260601\machine_learning\features_v2_dataset_used_by_ml\quarterly\drug_role_v2_2009q2.parquet","machine_learning\features_v2_dataset_used_by_ml\quarterly\drug_role_v2_2009q2.parquet","108481","2026-05-20 12:15:35"
"2026-06-01 15:50:04","D:\program_FAERS\runs\mainline_2026-05-20\OUTPUT_ML\features_v2","D:\program_FAERS\output20260601\machine_learning\features_v2_dataset_used_by_ml\quarterly\drug_role_v2_2009q3.parquet","machine_learning\features_v2_dataset_used_by_ml\quarterly\drug_role_v2_2009q3.parquet","109192","2026-05-20 12:15:35"
"2026-06-01 15:50:04","D:\program_FAERS\runs\mainline_2026-05-20\OUTPUT_ML\features_v2","D:\program_FAERS\output20260601\machine_learning\features_v2_dataset_used_by_ml\quarterly\drug_role_v2_2009q4.parquet","machine_learning\features_v2_dataset_used_by_ml\quarterly\drug_role_v2_2009q4.parquet","132082","2026-05-20 12:15:35"
"2026-06-01 15:50:04","D:\program_FAERS\runs\mainline_2026-05-20\OUTPUT_ML\features_v2","D:\program_FAERS\output20260601\machine_learning\features_v2_dataset_used_by_ml\quarterly\drug_role_v2_2010q1.parquet","machine_learning\features_v2_dataset_used_by_ml\quarterly\drug_role_v2_2010q1.parquet","125010","2026-05-20 12:15:35"
"2026-06-01 15:50:04","D:\program_FAERS\runs\mainline_2026-05-20\OUTPUT_ML\features_v2","D:\program_FAERS\output20260601\machine_learning\features_v2_dataset_used_by_ml\quarterly\drug_role_v2_2010q2.parquet","machine_learning\features_v2_dataset_used_by_ml\quarterly\drug_role_v2_2010q2.parquet","214308","2026-05-20 12:15:35"
"2026-06-01 15:50:04","D:\program_FAERS\runs\mainline_2026-05-20\OUTPUT_ML\features_v2","D:\program_FAERS\output20260601\machine_learning\features_v2_dataset_used_by_ml\quarterly\drug_role_v2_2010q3.parquet","machine_learning\features_v2_dataset_used_by_ml\quarterly\drug_role_v2_2010q3.parquet","276960","2026-05-20 12:15:36"
"2026-06-01 15:50:04","D:\program_FAERS\runs\mainline_2026-05-20\OUTPUT_ML\features_v2","D:\program_FAERS\output20260601\machine_learning\features_v2_dataset_used_by_ml\quarterly\drug_role_v2_2010q4.parquet","machine_learning\features_v2_dataset_used_by_ml\quarterly\drug_role_v2_2010q4.parquet","232458","2026-05-20 12:15:36"
"2026-06-01 15:50:04","D:\program_FAERS\runs\mainline_2026-05-20\OUTPUT_ML\features_v2","D:\program_FAERS\output20260601\machine_learning\features_v2_dataset_used_by_ml\quarterly\drug_role_v2_2011q1.parquet","machine_learning\features_v2_dataset_used_by_ml\quarterly\drug_role_v2_2011q1.parquet","251651","2026-05-20 12:15:36"
"2026-06-01 15:50:04","D:\program_FAERS\runs\mainline_2026-05-20\OUTPUT_ML\features_v2","D:\program_FAERS\output20260601\machine_learning\features_v2_dataset_used_by_ml\quarterly\drug_role_v2_2011q2.parquet","machine_learning\features_v2_dataset_used_by_ml\quarterly\drug_role_v2_2011q2.parquet","278328","2026-05-20 12:15:37"
"2026-06-01 15:50:04","D:\program_FAERS\runs\mainline_2026-05-20\OUTPUT_ML\features_v2","D:\program_FAERS\output20260601\machine_learning\features_v2_dataset_used_by_ml\quarterly\drug_role_v2_2011q3.parquet","machine_learning\features_v2_dataset_used_by_ml\quarterly\drug_role_v2_2011q3.parquet","271659","2026-05-20 12:15:37"
"2026-06-01 15:50:04","D:\program_FAERS\runs\mainline_2026-05-20\OUTPUT_ML\features_v2","D:\program_FAERS\output20260601\machine_learning\features_v2_dataset_used_by_ml\quarterly\drug_role_v2_2011q4.parquet","machine_learning\features_v2_dataset_used_by_ml\quarterly\drug_role_v2_2011q4.parquet","294683","2026-05-20 12:15:37"
"2026-06-01 15:50:04","D:\program_FAERS\runs\mainline_2026-05-20\OUTPUT_ML\features_v2","D:\program_FAERS\output20260601\machine_learning\features_v2_dataset_used_by_ml\quarterly\drug_role_v2_2012q1.parquet","machine_learning\features_v2_dataset_used_by_ml\quarterly\drug_role_v2_2012q1.parquet","315573","2026-05-20 12:15:37"
"2026-06-01 15:50:04","D:\program_FAERS\runs\mainline_2026-05-20\OUTPUT_ML\features_v2","D:\program_FAERS\output20260601\machine_learning\features_v2_dataset_used_by_ml\quarterly\drug_role_v2_2012q2.parquet","machine_learning\features_v2_dataset_used_by_ml\quarterly\drug_role_v2_2012q2.parquet","328852","2026-05-20 12:15:38"
"2026-06-01 15:50:04","D:\program_FAERS\runs\mainline_2026-05-20\OUTPUT_ML\features_v2","D:\program_FAERS\output20260601\machine_learning\features_v2_dataset_used_by_ml\quarterly\drug_role_v2_2012q3.parquet","machine_learning\features_v2_dataset_used_by_ml\quarterly\drug_role_v2_2012q3.parquet","194281","2026-05-20 12:15:38"
"2026-06-01 15:50:04","D:\program_FAERS\runs\mainline_2026-05-20\OUTPUT_ML\features_v2","D:\program_FAERS\output20260601\machine_learning\features_v2_dataset_used_by_ml\quarterly\drug_role_v2_2012q4.parquet","machine_learning\features_v2_dataset_used_by_ml\quarterly\drug_role_v2_2012q4.parquet","335481","2026-05-20 12:15:38"
"2026-06-01 15:50:04","D:\program_FAERS\runs\mainline_2026-05-20\OUTPUT_ML\features_v2","D:\program_FAERS\output20260601\machine_learning\features_v2_dataset_used_by_ml\quarterly\drug_role_v2_2013q1.parquet","machine_learning\features_v2_dataset_used_by_ml\quarterly\drug_role_v2_2013q1.parquet","310466","2026-05-20 12:15:38"
"2026-06-01 15:50:04","D:\program_FAERS\runs\mainline_2026-05-20\OUTPUT_ML\features_v2","D:\program_FAERS\output20260601\machine_learning\features_v2_dataset_used_by_ml\quarterly\drug_role_v2_2013q2.parquet","machine_learning\features_v2_dataset_used_by_ml\quarterly\drug_role_v2_2013q2.parquet","297740","2026-05-20 12:15:39"
"2026-06-01 15:50:04","D:\program_FAERS\runs\mainline_2026-05-20\OUTPUT_ML\features_v2","D:\program_FAERS\output20260601\machine_learning\features_v2_dataset_used_by_ml\quarterly\drug_role_v2_2013q3.parquet","machine_learning\features_v2_dataset_used_by_ml\quarterly\drug_role_v2_2013q3.parquet","308668","2026-05-20 12:15:39"
"2026-06-01 15:50:04","D:\program_FAERS\runs\mainline_2026-05-20\OUTPUT_ML\features_v2","D:\program_FAERS\output20260601\machine_learning\features_v2_dataset_used_by_ml\quarterly\drug_role_v2_2013q4.parquet","machine_learning\features_v2_dataset_used_by_ml\quarterly\drug_role_v2_2013q4.parquet","353688","2026-05-20 12:15:39"
"2026-06-01 15:50:04","D:\program_FAERS\runs\mainline_2026-05-20\OUTPUT_ML\features_v2","D:\program_FAERS\output20260601\machine_learning\features_v2_dataset_used_by_ml\quarterly\drug_role_v2_2014q1.parquet","machine_learning\features_v2_dataset_used_by_ml\quarterly\drug_role_v2_2014q1.parquet","402300","2026-05-20 12:15:39"
"2026-06-01 15:50:04","D:\program_FAERS\runs\mainline_2026-05-20\OUTPUT_ML\features_v2","D:\program_FAERS\output20260601\machine_learning\features_v2_dataset_used_by_ml\quarterly\drug_role_v2_2014q2.parquet","machine_learning\features_v2_dataset_used_by_ml\quarterly\drug_role_v2_2014q2.parquet","364564","2026-05-20 12:15:40"
"2026-06-01 15:50:04","D:\program_FAERS\runs\mainline_2026-05-20\OUTPUT_ML\features_v2","D:\program_FAERS\output20260601\machine_learning\features_v2_dataset_used_by_ml\quarterly\drug_role_v2_2014q3.parquet","machine_learning\features_v2_dataset_used_by_ml\quarterly\drug_role_v2_2014q3.parquet","373524","2026-05-20 12:15:40"
"2026-06-01 15:50:04","D:\program_FAERS\runs\mainline_2026-05-20\OUTPUT_ML\features_v2","D:\program_FAERS\output20260601\machine_learning\features_v2_dataset_used_by_ml\quarterly\drug_role_v2_2014q4.parquet","machine_learning\features_v2_dataset_used_by_ml\quarterly\drug_role_v2_2014q4.parquet","369552","2026-05-20 12:15:40"
"2026-06-01 15:50:04","D:\program_FAERS\runs\mainline_2026-05-20\OUTPUT_ML\features_v2","D:\program_FAERS\output20260601\machine_learning\features_v2_dataset_used_by_ml\quarterly\drug_role_v2_2015q1.parquet","machine_learning\features_v2_dataset_used_by_ml\quarterly\drug_role_v2_2015q1.parquet","502825","2026-05-20 12:15:41"
"2026-06-01 15:50:04","D:\program_FAERS\runs\mainline_2026-05-20\OUTPUT_ML\features_v2","D:\program_FAERS\output20260601\machine_learning\features_v2_dataset_used_by_ml\quarterly\drug_role_v2_2015q2.parquet","machine_learning\features_v2_dataset_used_by_ml\quarterly\drug_role_v2_2015q2.parquet","496291","2026-05-20 12:15:42"
"2026-06-01 15:50:04","D:\program_FAERS\runs\mainline_2026-05-20\OUTPUT_ML\features_v2","D:\program_FAERS\output20260601\machine_learning\features_v2_dataset_used_by_ml\quarterly\drug_role_v2_2015q3.parquet","machine_learning\features_v2_dataset_used_by_ml\quarterly\drug_role_v2_2015q3.parquet","643744","2026-05-20 12:15:42"
"2026-06-01 15:50:04","D:\program_FAERS\runs\mainline_2026-05-20\OUTPUT_ML\features_v2","D:\program_FAERS\output20260601\machine_learning\features_v2_dataset_used_by_ml\quarterly\drug_role_v2_2015q4.parquet","machine_learning\features_v2_dataset_used_by_ml\quarterly\drug_role_v2_2015q4.parquet","580712","2026-05-20 12:15:43"
"2026-06-01 15:50:04","D:\program_FAERS\runs\mainline_2026-05-20\OUTPUT_ML\features_v2","D:\program_FAERS\output20260601\machine_learning\features_v2_dataset_used_by_ml\quarterly\drug_role_v2_2016q1.parquet","machine_learning\features_v2_dataset_used_by_ml\quarterly\drug_role_v2_2016q1.parquet","561686","2026-05-20 12:15:43"
"2026-06-01 15:50:04","D:\program_FAERS\runs\mainline_2026-05-20\OUTPUT_ML\features_v2","D:\program_FAERS\output20260601\machine_learning\features_v2_dataset_used_by_ml\quarterly\drug_role_v2_2016q2.parquet","machine_learning\features_v2_dataset_used_by_ml\quarterly\drug_role_v2_2016q2.parquet","540941","2026-05-20 12:15:44"
"2026-06-01 15:50:04","D:\program_FAERS\runs\mainline_2026-05-20\OUTPUT_ML\features_v2","D:\program_FAERS\output20260601\machine_learning\features_v2_dataset_used_by_ml\quarterly\drug_role_v2_2016q3.parquet","machine_learning\features_v2_dataset_used_by_ml\quarterly\drug_role_v2_2016q3.parquet","589002","2026-05-20 12:15:44"
"2026-06-01 15:50:04","D:\program_FAERS\runs\mainline_2026-05-20\OUTPUT_ML\features_v2","D:\program_FAERS\output20260601\machine_learning\features_v2_dataset_used_by_ml\quarterly\drug_role_v2_2016q4.parquet","machine_learning\features_v2_dataset_used_by_ml\quarterly\drug_role_v2_2016q4.parquet","576672","2026-05-20 12:15:45"
"2026-06-01 15:50:04","D:\program_FAERS\runs\mainline_2026-05-20\OUTPUT_ML\features_v2","D:\program_FAERS\output20260601\machine_learning\features_v2_dataset_used_by_ml\quarterly\drug_role_v2_2017q1.parquet","machine_learning\features_v2_dataset_used_by_ml\quarterly\drug_role_v2_2017q1.parquet","620868","2026-05-20 12:15:46"
"2026-06-01 15:50:04","D:\program_FAERS\runs\mainline_2026-05-20\OUTPUT_ML\features_v2","D:\program_FAERS\output20260601\machine_learning\features_v2_dataset_used_by_ml\quarterly\drug_role_v2_2017q2.parquet","machine_learning\features_v2_dataset_used_by_ml\quarterly\drug_role_v2_2017q2.parquet","571607","2026-05-20 12:15:46"
"2026-06-01 15:50:04","D:\program_FAERS\runs\mainline_2026-05-20\OUTPUT_ML\features_v2","D:\program_FAERS\output20260601\machine_learning\features_v2_dataset_used_by_ml\quarterly\drug_role_v2_2017q3.parquet","machine_learning\features_v2_dataset_used_by_ml\quarterly\drug_role_v2_2017q3.parquet","629528","2026-05-20 12:15:47"
"2026-06-01 15:50:04","D:\program_FAERS\runs\mainline_2026-05-20\OUTPUT_ML\features_v2","D:\program_FAERS\output20260601\machine_learning\features_v2_dataset_used_by_ml\quarterly\drug_role_v2_2017q4.parquet","machine_learning\features_v2_dataset_used_by_ml\quarterly\drug_role_v2_2017q4.parquet","616560","2026-05-20 12:15:47"
"2026-06-01 15:50:04","D:\program_FAERS\runs\mainline_2026-05-20\OUTPUT_ML\features_v2","D:\program_FAERS\output20260601\machine_learning\features_v2_dataset_used_by_ml\quarterly\drug_role_v2_2018q1.parquet","machine_learning\features_v2_dataset_used_by_ml\quarterly\drug_role_v2_2018q1.parquet","726377","2026-05-20 12:15:48"
"2026-06-01 15:50:04","D:\program_FAERS\runs\mainline_2026-05-20\OUTPUT_ML\features_v2","D:\program_FAERS\output20260601\machine_learning\features_v2_dataset_used_by_ml\quarterly\drug_role_v2_2018q2.parquet","machine_learning\features_v2_dataset_used_by_ml\quarterly\drug_role_v2_2018q2.parquet","793546","2026-05-20 12:15:49"
"2026-06-01 15:50:04","D:\program_FAERS\runs\mainline_2026-05-20\OUTPUT_ML\features_v2","D:\program_FAERS\output20260601\machine_learning\features_v2_dataset_used_by_ml\quarterly\drug_role_v2_2018q3.parquet","machine_learning\features_v2_dataset_used_by_ml\quarterly\drug_role_v2_2018q3.parquet","783378","2026-05-20 12:15:50"
"2026-06-01 15:50:04","D:\program_FAERS\runs\mainline_2026-05-20\OUTPUT_ML\features_v2","D:\program_FAERS\output20260601\machine_learning\features_v2_dataset_used_by_ml\quarterly\drug_role_v2_2018q4.parquet","machine_learning\features_v2_dataset_used_by_ml\quarterly\drug_role_v2_2018q4.parquet","754824","2026-05-20 12:15:51"
"2026-06-01 15:50:04","D:\program_FAERS\runs\mainline_2026-05-20\OUTPUT_ML\features_v2","D:\program_FAERS\output20260601\machine_learning\features_v2_dataset_used_by_ml\quarterly\drug_role_v2_2019q1.parquet","machine_learning\features_v2_dataset_used_by_ml\quarterly\drug_role_v2_2019q1.parquet","723139","2026-05-20 12:15:51"
"2026-06-01 15:50:04","D:\program_FAERS\runs\mainline_2026-05-20\OUTPUT_ML\features_v2","D:\program_FAERS\output20260601\machine_learning\features_v2_dataset_used_by_ml\quarterly\drug_role_v2_2019q2.parquet","machine_learning\features_v2_dataset_used_by_ml\quarterly\drug_role_v2_2019q2.parquet","738273","2026-05-20 12:15:52"
"2026-06-01 15:50:04","D:\program_FAERS\runs\mainline_2026-05-20\OUTPUT_ML\features_v2","D:\program_FAERS\output20260601\machine_learning\features_v2_dataset_used_by_ml\quarterly\drug_role_v2_2019q3.parquet","machine_learning\features_v2_dataset_used_by_ml\quarterly\drug_role_v2_2019q3.parquet","757090","2026-05-20 12:15:53"
"2026-06-01 15:50:04","D:\program_FAERS\runs\mainline_2026-05-20\OUTPUT_ML\features_v2","D:\program_FAERS\output20260601\machine_learning\features_v2_dataset_used_by_ml\quarterly\drug_role_v2_2019q4.parquet","machine_learning\features_v2_dataset_used_by_ml\quarterly\drug_role_v2_2019q4.parquet","757271","2026-05-20 12:15:54"
"2026-06-01 15:50:04","D:\program_FAERS\runs\mainline_2026-05-20\OUTPUT_ML\features_v2","D:\program_FAERS\output20260601\machine_learning\features_v2_dataset_used_by_ml\quarterly\drug_role_v2_2020q1.parquet","machine_learning\features_v2_dataset_used_by_ml\quarterly\drug_role_v2_2020q1.parquet","774179","2026-05-20 12:15:55"
"2026-06-01 15:50:04","D:\program_FAERS\runs\mainline_2026-05-20\OUTPUT_ML\features_v2","D:\program_FAERS\output20260601\machine_learning\features_v2_dataset_used_by_ml\quarterly\drug_role_v2_2020q2.parquet","machine_learning\features_v2_dataset_used_by_ml\quarterly\drug_role_v2_2020q2.parquet","700673","2026-05-20 12:15:55"
"2026-06-01 15:50:04","D:\program_FAERS\runs\mainline_2026-05-20\OUTPUT_ML\features_v2","D:\program_FAERS\output20260601\machine_learning\features_v2_dataset_used_by_ml\quarterly\drug_role_v2_2020q3.parquet","machine_learning\features_v2_dataset_used_by_ml\quarterly\drug_role_v2_2020q3.parquet","718272","2026-05-20 12:15:56"
"2026-06-01 15:50:04","D:\program_FAERS\runs\mainline_2026-05-20\OUTPUT_ML\features_v2","D:\program_FAERS\output20260601\machine_learning\features_v2_dataset_used_by_ml\quarterly\drug_role_v2_2020q4.parquet","machine_learning\features_v2_dataset_used_by_ml\quarterly\drug_role_v2_2020q4.parquet","738256","2026-05-20 12:15:57"
"2026-06-01 15:50:04","D:\program_FAERS\runs\mainline_2026-05-20\OUTPUT_ML\features_v2","D:\program_FAERS\output20260601\machine_learning\features_v2_dataset_used_by_ml\quarterly\drug_role_v2_2021q1.parquet","machine_learning\features_v2_dataset_used_by_ml\quarterly\drug_role_v2_2021q1.parquet","734457","2026-05-20 12:15:58"
"2026-06-01 15:50:04","D:\program_FAERS\runs\mainline_2026-05-20\OUTPUT_ML\features_v2","D:\program_FAERS\output20260601\machine_learning\features_v2_dataset_used_by_ml\quarterly\drug_role_v2_2021q2.parquet","machine_learning\features_v2_dataset_used_by_ml\quarterly\drug_role_v2_2021q2.parquet","744344","2026-05-20 12:15:58"
"2026-06-01 15:50:04","D:\program_FAERS\runs\mainline_2026-05-20\OUTPUT_ML\features_v2","D:\program_FAERS\output20260601\machine_learning\features_v2_dataset_used_by_ml\quarterly\drug_role_v2_2021q3.parquet","machine_learning\features_v2_dataset_used_by_ml\quarterly\drug_role_v2_2021q3.parquet","853172","2026-05-20 12:15:59"
"2026-06-01 15:50:04","D:\program_FAERS\runs\mainline_2026-05-20\OUTPUT_ML\features_v2","D:\program_FAERS\output20260601\machine_learning\features_v2_dataset_used_by_ml\quarterly\drug_role_v2_2021q4.parquet","machine_learning\features_v2_dataset_used_by_ml\quarterly\drug_role_v2_2021q4.parquet","695375","2026-05-20 12:16:00"
"2026-06-01 15:50:04","D:\program_FAERS\runs\mainline_2026-05-20\OUTPUT_ML\features_v2","D:\program_FAERS\output20260601\machine_learning\features_v2_dataset_used_by_ml\quarterly\drug_role_v2_2022q1.parquet","machine_learning\features_v2_dataset_used_by_ml\quarterly\drug_role_v2_2022q1.parquet","744970","2026-05-20 12:16:01"
"2026-06-01 15:50:04","D:\program_FAERS\runs\mainline_2026-05-20\OUTPUT_ML\features_v2","D:\program_FAERS\output20260601\machine_learning\features_v2_dataset_used_by_ml\quarterly\drug_role_v2_2022q2.parquet","machine_learning\features_v2_dataset_used_by_ml\quarterly\drug_role_v2_2022q2.parquet","801772","2026-05-20 12:16:02"
"2026-06-01 15:50:04","D:\program_FAERS\runs\mainline_2026-05-20\OUTPUT_ML\features_v2","D:\program_FAERS\output20260601\machine_learning\features_v2_dataset_used_by_ml\quarterly\drug_role_v2_2022q3.parquet","machine_learning\features_v2_dataset_used_by_ml\quarterly\drug_role_v2_2022q3.parquet","791276","2026-05-20 12:16:02"
"2026-06-01 15:50:04","D:\program_FAERS\runs\mainline_2026-05-20\OUTPUT_ML\features_v2","D:\program_FAERS\output20260601\machine_learning\features_v2_dataset_used_by_ml\quarterly\drug_role_v2_2022q4.parquet","machine_learning\features_v2_dataset_used_by_ml\quarterly\drug_role_v2_2022q4.parquet","788562","2026-05-20 12:16:03"
"2026-06-01 15:50:04","D:\program_FAERS\runs\mainline_2026-05-20\OUTPUT_ML\features_v2","D:\program_FAERS\output20260601\machine_learning\features_v2_dataset_used_by_ml\quarterly\drug_role_v2_2023q1.parquet","machine_learning\features_v2_dataset_used_by_ml\quarterly\drug_role_v2_2023q1.parquet","752929","2026-05-20 12:16:04"
"2026-06-01 15:50:04","D:\program_FAERS\runs\mainline_2026-05-20\OUTPUT_ML\features_v2","D:\program_FAERS\output20260601\machine_learning\features_v2_dataset_used_by_ml\quarterly\drug_role_v2_2023q2.parquet","machine_learning\features_v2_dataset_used_by_ml\quarterly\drug_role_v2_2023q2.parquet","729079","2026-05-20 12:16:05"
"2026-06-01 15:50:04","D:\program_FAERS\runs\mainline_2026-05-20\OUTPUT_ML\features_v2","D:\program_FAERS\output20260601\machine_learning\features_v2_dataset_used_by_ml\quarterly\drug_role_v2_2023q3.parquet","machine_learning\features_v2_dataset_used_by_ml\quarterly\drug_role_v2_2023q3.parquet","695698","2026-05-20 12:16:06"
"2026-06-01 15:50:04","D:\program_FAERS\runs\mainline_2026-05-20\OUTPUT_ML\features_v2","D:\program_FAERS\output20260601\machine_learning\features_v2_dataset_used_by_ml\quarterly\drug_role_v2_2023q4.parquet","machine_learning\features_v2_dataset_used_by_ml\quarterly\drug_role_v2_2023q4.parquet","748459","2026-05-20 12:16:06"
"2026-06-01 15:50:04","D:\program_FAERS\runs\mainline_2026-05-20\OUTPUT_ML\features_v2","D:\program_FAERS\output20260601\machine_learning\features_v2_dataset_used_by_ml\quarterly\drug_role_v2_2024q1.parquet","machine_learning\features_v2_dataset_used_by_ml\quarterly\drug_role_v2_2024q1.parquet","771355","2026-05-20 12:16:07"
"2026-06-01 15:50:04","D:\program_FAERS\runs\mainline_2026-05-20\OUTPUT_ML\features_v2","D:\program_FAERS\output20260601\machine_learning\features_v2_dataset_used_by_ml\quarterly\drug_role_v2_2024q2.parquet","machine_learning\features_v2_dataset_used_by_ml\quarterly\drug_role_v2_2024q2.parquet","751297","2026-05-20 12:16:08"
"2026-06-01 15:50:04","D:\program_FAERS\runs\mainline_2026-05-20\OUTPUT_ML\features_v2","D:\program_FAERS\output20260601\machine_learning\features_v2_dataset_used_by_ml\quarterly\drug_role_v2_2024q3.parquet","machine_learning\features_v2_dataset_used_by_ml\quarterly\drug_role_v2_2024q3.parquet","749206","2026-05-20 12:16:09"
"2026-06-01 15:50:04","D:\program_FAERS\runs\mainline_2026-05-20\OUTPUT_ML\features_v2","D:\program_FAERS\output20260601\machine_learning\features_v2_dataset_used_by_ml\quarterly\drug_role_v2_2024q4.parquet","machine_learning\features_v2_dataset_used_by_ml\quarterly\drug_role_v2_2024q4.parquet","742223","2026-05-20 12:16:09"
"2026-06-01 15:50:04","D:\program_FAERS\runs\mainline_2026-05-20\OUTPUT_ML\features_v2","D:\program_FAERS\output20260601\machine_learning\features_v2_dataset_used_by_ml\quarterly\drug_role_v2_2025q1.parquet","machine_learning\features_v2_dataset_used_by_ml\quarterly\drug_role_v2_2025q1.parquet","735051","2026-05-20 12:16:10"
"2026-06-01 15:50:04","D:\program_FAERS\runs\mainline_2026-05-20\OUTPUT_ML\features_v2","D:\program_FAERS\output20260601\machine_learning\features_v2_dataset_used_by_ml\quarterly\drug_role_v2_2025q2.parquet","machine_learning\features_v2_dataset_used_by_ml\quarterly\drug_role_v2_2025q2.parquet","705995","2026-05-20 12:16:11"
"2026-06-01 15:50:04","D:\program_FAERS\runs\mainline_2026-05-20\OUTPUT_ML\features_v2","D:\program_FAERS\output20260601\machine_learning\features_v2_dataset_used_by_ml\quarterly\drug_role_v2_2025q3.parquet","machine_learning\features_v2_dataset_used_by_ml\quarterly\drug_role_v2_2025q3.parquet","798985","2026-05-20 12:16:12"
"2026-06-01 15:50:04","D:\program_FAERS\runs\mainline_2026-05-20\OUTPUT_ML\features_v2","D:\program_FAERS\output20260601\machine_learning\features_v2_dataset_used_by_ml\quarterly\drug_role_v2_2025q4.parquet","machine_learning\features_v2_dataset_used_by_ml\quarterly\drug_role_v2_2025q4.parquet","727661","2026-05-20 12:16:13"
"2026-06-01 15:50:04","D:\program_FAERS\runs\mainline_2026-05-20\OUTPUT_ML\features_v2","D:\program_FAERS\output20260601\machine_learning\features_v2_dataset_used_by_ml\quarterly\indi_v2_2004q1.parquet","machine_learning\features_v2_dataset_used_by_ml\quarterly\indi_v2_2004q1.parquet","128152","2026-05-20 12:16:13"
"2026-06-01 15:50:04","D:\program_FAERS\runs\mainline_2026-05-20\OUTPUT_ML\features_v2","D:\program_FAERS\output20260601\machine_learning\features_v2_dataset_used_by_ml\quarterly\indi_v2_2004q2.parquet","machine_learning\features_v2_dataset_used_by_ml\quarterly\indi_v2_2004q2.parquet","118548","2026-05-20 12:16:14"
"2026-06-01 15:50:04","D:\program_FAERS\runs\mainline_2026-05-20\OUTPUT_ML\features_v2","D:\program_FAERS\output20260601\machine_learning\features_v2_dataset_used_by_ml\quarterly\indi_v2_2004q3.parquet","machine_learning\features_v2_dataset_used_by_ml\quarterly\indi_v2_2004q3.parquet","145809","2026-05-20 12:16:15"
"2026-06-01 15:50:04","D:\program_FAERS\runs\mainline_2026-05-20\OUTPUT_ML\features_v2","D:\program_FAERS\output20260601\machine_learning\features_v2_dataset_used_by_ml\quarterly\indi_v2_2004q4.parquet","machine_learning\features_v2_dataset_used_by_ml\quarterly\indi_v2_2004q4.parquet","132954","2026-05-20 12:16:16"
"2026-06-01 15:50:04","D:\program_FAERS\runs\mainline_2026-05-20\OUTPUT_ML\features_v2","D:\program_FAERS\output20260601\machine_learning\features_v2_dataset_used_by_ml\quarterly\indi_v2_2005q1.parquet","machine_learning\features_v2_dataset_used_by_ml\quarterly\indi_v2_2005q1.parquet","134192","2026-05-20 12:16:16"
"2026-06-01 15:50:04","D:\program_FAERS\runs\mainline_2026-05-20\OUTPUT_ML\features_v2","D:\program_FAERS\output20260601\machine_learning\features_v2_dataset_used_by_ml\quarterly\indi_v2_2005q2.parquet","machine_learning\features_v2_dataset_used_by_ml\quarterly\indi_v2_2005q2.parquet","147778","2026-05-20 12:16:17"
"2026-06-01 15:50:04","D:\program_FAERS\runs\mainline_2026-05-20\OUTPUT_ML\features_v2","D:\program_FAERS\output20260601\machine_learning\features_v2_dataset_used_by_ml\quarterly\indi_v2_2005q3.parquet","machine_learning\features_v2_dataset_used_by_ml\quarterly\indi_v2_2005q3.parquet","143240","2026-05-20 12:16:18"
"2026-06-01 15:50:04","D:\program_FAERS\runs\mainline_2026-05-20\OUTPUT_ML\features_v2","D:\program_FAERS\output20260601\machine_learning\features_v2_dataset_used_by_ml\quarterly\indi_v2_2005q4.parquet","machine_learning\features_v2_dataset_used_by_ml\quarterly\indi_v2_2005q4.parquet","144915","2026-05-20 12:16:19"
"2026-06-01 15:50:04","D:\program_FAERS\runs\mainline_2026-05-20\OUTPUT_ML\features_v2","D:\program_FAERS\output20260601\machine_learning\features_v2_dataset_used_by_ml\quarterly\indi_v2_2006q1.parquet","machine_learning\features_v2_dataset_used_by_ml\quarterly\indi_v2_2006q1.parquet","156329","2026-05-20 12:16:20"
"2026-06-01 15:50:04","D:\program_FAERS\runs\mainline_2026-05-20\OUTPUT_ML\features_v2","D:\program_FAERS\output20260601\machine_learning\features_v2_dataset_used_by_ml\quarterly\indi_v2_2006q2.parquet","machine_learning\features_v2_dataset_used_by_ml\quarterly\indi_v2_2006q2.parquet","154234","2026-05-20 12:16:21"
"2026-06-01 15:50:04","D:\program_FAERS\runs\mainline_2026-05-20\OUTPUT_ML\features_v2","D:\program_FAERS\output20260601\machine_learning\features_v2_dataset_used_by_ml\quarterly\indi_v2_2006q3.parquet","machine_learning\features_v2_dataset_used_by_ml\quarterly\indi_v2_2006q3.parquet","134188","2026-05-20 12:16:21"
"2026-06-01 15:50:04","D:\program_FAERS\runs\mainline_2026-05-20\OUTPUT_ML\features_v2","D:\program_FAERS\output20260601\machine_learning\features_v2_dataset_used_by_ml\quarterly\indi_v2_2006q4.parquet","machine_learning\features_v2_dataset_used_by_ml\quarterly\indi_v2_2006q4.parquet","135877","2026-05-20 12:16:22"
"2026-06-01 15:50:04","D:\program_FAERS\runs\mainline_2026-05-20\OUTPUT_ML\features_v2","D:\program_FAERS\output20260601\machine_learning\features_v2_dataset_used_by_ml\quarterly\indi_v2_2007q1.parquet","machine_learning\features_v2_dataset_used_by_ml\quarterly\indi_v2_2007q1.parquet","141768","2026-05-20 12:16:23"
"2026-06-01 15:50:04","D:\program_FAERS\runs\mainline_2026-05-20\OUTPUT_ML\features_v2","D:\program_FAERS\output20260601\machine_learning\features_v2_dataset_used_by_ml\quarterly\indi_v2_2007q2.parquet","machine_learning\features_v2_dataset_used_by_ml\quarterly\indi_v2_2007q2.parquet","136663","2026-05-20 12:16:24"
"2026-06-01 15:50:04","D:\program_FAERS\runs\mainline_2026-05-20\OUTPUT_ML\features_v2","D:\program_FAERS\output20260601\machine_learning\features_v2_dataset_used_by_ml\quarterly\indi_v2_2007q3.parquet","machine_learning\features_v2_dataset_used_by_ml\quarterly\indi_v2_2007q3.parquet","134319","2026-05-20 12:16:24"
"2026-06-01 15:50:04","D:\program_FAERS\runs\mainline_2026-05-20\OUTPUT_ML\features_v2","D:\program_FAERS\output20260601\machine_learning\features_v2_dataset_used_by_ml\quarterly\indi_v2_2007q4.parquet","machine_learning\features_v2_dataset_used_by_ml\quarterly\indi_v2_2007q4.parquet","142583","2026-05-20 12:16:25"
"2026-06-01 15:50:04","D:\program_FAERS\runs\mainline_2026-05-20\OUTPUT_ML\features_v2","D:\program_FAERS\output20260601\machine_learning\features_v2_dataset_used_by_ml\quarterly\indi_v2_2008q1.parquet","machine_learning\features_v2_dataset_used_by_ml\quarterly\indi_v2_2008q1.parquet","145812","2026-05-20 12:16:26"
"2026-06-01 15:50:04","D:\program_FAERS\runs\mainline_2026-05-20\OUTPUT_ML\features_v2","D:\program_FAERS\output20260601\machine_learning\features_v2_dataset_used_by_ml\quarterly\indi_v2_2008q2.parquet","machine_learning\features_v2_dataset_used_by_ml\quarterly\indi_v2_2008q2.parquet","142790","2026-05-20 12:16:27"
"2026-06-01 15:50:04","D:\program_FAERS\runs\mainline_2026-05-20\OUTPUT_ML\features_v2","D:\program_FAERS\output20260601\machine_learning\features_v2_dataset_used_by_ml\quarterly\indi_v2_2008q3.parquet","machine_learning\features_v2_dataset_used_by_ml\quarterly\indi_v2_2008q3.parquet","139195","2026-05-20 12:16:28"
"2026-06-01 15:50:04","D:\program_FAERS\runs\mainline_2026-05-20\OUTPUT_ML\features_v2","D:\program_FAERS\output20260601\machine_learning\features_v2_dataset_used_by_ml\quarterly\indi_v2_2008q4.parquet","machine_learning\features_v2_dataset_used_by_ml\quarterly\indi_v2_2008q4.parquet","141334","2026-05-20 12:16:29"
"2026-06-01 15:50:04","D:\program_FAERS\runs\mainline_2026-05-20\OUTPUT_ML\features_v2","D:\program_FAERS\output20260601\machine_learning\features_v2_dataset_used_by_ml\quarterly\indi_v2_2009q1.parquet","machine_learning\features_v2_dataset_used_by_ml\quarterly\indi_v2_2009q1.parquet","131342","2026-05-20 12:16:29"
"2026-06-01 15:50:04","D:\program_FAERS\runs\mainline_2026-05-20\OUTPUT_ML\features_v2","D:\program_FAERS\output20260601\machine_learning\features_v2_dataset_used_by_ml\quarterly\indi_v2_2009q2.parquet","machine_learning\features_v2_dataset_used_by_ml\quarterly\indi_v2_2009q2.parquet","135160","2026-05-20 12:16:30"
"2026-06-01 15:50:04","D:\program_FAERS\runs\mainline_2026-05-20\OUTPUT_ML\features_v2","D:\program_FAERS\output20260601\machine_learning\features_v2_dataset_used_by_ml\quarterly\indi_v2_2009q3.parquet","machine_learning\features_v2_dataset_used_by_ml\quarterly\indi_v2_2009q3.parquet","132728","2026-05-20 12:16:31"
"2026-06-01 15:50:04","D:\program_FAERS\runs\mainline_2026-05-20\OUTPUT_ML\features_v2","D:\program_FAERS\output20260601\machine_learning\features_v2_dataset_used_by_ml\quarterly\indi_v2_2009q4.parquet","machine_learning\features_v2_dataset_used_by_ml\quarterly\indi_v2_2009q4.parquet","154818","2026-05-20 12:16:32"
"2026-06-01 15:50:04","D:\program_FAERS\runs\mainline_2026-05-20\OUTPUT_ML\features_v2","D:\program_FAERS\output20260601\machine_learning\features_v2_dataset_used_by_ml\quarterly\indi_v2_2010q1.parquet","machine_learning\features_v2_dataset_used_by_ml\quarterly\indi_v2_2010q1.parquet","150445","2026-05-20 12:16:33"
"2026-06-01 15:50:04","D:\program_FAERS\runs\mainline_2026-05-20\OUTPUT_ML\features_v2","D:\program_FAERS\output20260601\machine_learning\features_v2_dataset_used_by_ml\quarterly\indi_v2_2010q2.parquet","machine_learning\features_v2_dataset_used_by_ml\quarterly\indi_v2_2010q2.parquet","251852","2026-05-20 12:16:35"
"2026-06-01 15:50:04","D:\program_FAERS\runs\mainline_2026-05-20\OUTPUT_ML\features_v2","D:\program_FAERS\output20260601\machine_learning\features_v2_dataset_used_by_ml\quarterly\indi_v2_2010q3.parquet","machine_learning\features_v2_dataset_used_by_ml\quarterly\indi_v2_2010q3.parquet","316760","2026-05-20 12:16:37"
"2026-06-01 15:50:04","D:\program_FAERS\runs\mainline_2026-05-20\OUTPUT_ML\features_v2","D:\program_FAERS\output20260601\machine_learning\features_v2_dataset_used_by_ml\quarterly\indi_v2_2010q4.parquet","machine_learning\features_v2_dataset_used_by_ml\quarterly\indi_v2_2010q4.parquet","264746","2026-05-20 12:16:39"
"2026-06-01 15:50:04","D:\program_FAERS\runs\mainline_2026-05-20\OUTPUT_ML\features_v2","D:\program_FAERS\output20260601\machine_learning\features_v2_dataset_used_by_ml\quarterly\indi_v2_2011q1.parquet","machine_learning\features_v2_dataset_used_by_ml\quarterly\indi_v2_2011q1.parquet","286240","2026-05-20 12:16:41"
"2026-06-01 15:50:04","D:\program_FAERS\runs\mainline_2026-05-20\OUTPUT_ML\features_v2","D:\program_FAERS\output20260601\machine_learning\features_v2_dataset_used_by_ml\quarterly\indi_v2_2011q2.parquet","machine_learning\features_v2_dataset_used_by_ml\quarterly\indi_v2_2011q2.parquet","308871","2026-05-20 12:16:43"
"2026-06-01 15:50:04","D:\program_FAERS\runs\mainline_2026-05-20\OUTPUT_ML\features_v2","D:\program_FAERS\output20260601\machine_learning\features_v2_dataset_used_by_ml\quarterly\indi_v2_2011q3.parquet","machine_learning\features_v2_dataset_used_by_ml\quarterly\indi_v2_2011q3.parquet","307633","2026-05-20 12:16:46"
"2026-06-01 15:50:04","D:\program_FAERS\runs\mainline_2026-05-20\OUTPUT_ML\features_v2","D:\program_FAERS\output20260601\machine_learning\features_v2_dataset_used_by_ml\quarterly\indi_v2_2011q4.parquet","machine_learning\features_v2_dataset_used_by_ml\quarterly\indi_v2_2011q4.parquet","328647","2026-05-20 12:16:49"
"2026-06-01 15:50:04","D:\program_FAERS\runs\mainline_2026-05-20\OUTPUT_ML\features_v2","D:\program_FAERS\output20260601\machine_learning\features_v2_dataset_used_by_ml\quarterly\indi_v2_2012q1.parquet","machine_learning\features_v2_dataset_used_by_ml\quarterly\indi_v2_2012q1.parquet","359072","2026-05-20 12:16:51"
"2026-06-01 15:50:04","D:\program_FAERS\runs\mainline_2026-05-20\OUTPUT_ML\features_v2","D:\program_FAERS\output20260601\machine_learning\features_v2_dataset_used_by_ml\quarterly\indi_v2_2012q2.parquet","machine_learning\features_v2_dataset_used_by_ml\quarterly\indi_v2_2012q2.parquet","358488","2026-05-20 12:16:54"
"2026-06-01 15:50:04","D:\program_FAERS\runs\mainline_2026-05-20\OUTPUT_ML\features_v2","D:\program_FAERS\output20260601\machine_learning\features_v2_dataset_used_by_ml\quarterly\indi_v2_2012q3.parquet","machine_learning\features_v2_dataset_used_by_ml\quarterly\indi_v2_2012q3.parquet","223001","2026-05-20 12:16:56"
"2026-06-01 15:50:04","D:\program_FAERS\runs\mainline_2026-05-20\OUTPUT_ML\features_v2","D:\program_FAERS\output20260601\machine_learning\features_v2_dataset_used_by_ml\quarterly\indi_v2_2012q4.parquet","machine_learning\features_v2_dataset_used_by_ml\quarterly\indi_v2_2012q4.parquet","376703","2026-05-20 12:16:58"
"2026-06-01 15:50:04","D:\program_FAERS\runs\mainline_2026-05-20\OUTPUT_ML\features_v2","D:\program_FAERS\output20260601\machine_learning\features_v2_dataset_used_by_ml\quarterly\indi_v2_2013q1.parquet","machine_learning\features_v2_dataset_used_by_ml\quarterly\indi_v2_2013q1.parquet","353558","2026-05-20 12:17:01"
"2026-06-01 15:50:04","D:\program_FAERS\runs\mainline_2026-05-20\OUTPUT_ML\features_v2","D:\program_FAERS\output20260601\machine_learning\features_v2_dataset_used_by_ml\quarterly\indi_v2_2013q2.parquet","machine_learning\features_v2_dataset_used_by_ml\quarterly\indi_v2_2013q2.parquet","348036","2026-05-20 12:17:03"
"2026-06-01 15:50:04","D:\program_FAERS\runs\mainline_2026-05-20\OUTPUT_ML\features_v2","D:\program_FAERS\output20260601\machine_learning\features_v2_dataset_used_by_ml\quarterly\indi_v2_2013q3.parquet","machine_learning\features_v2_dataset_used_by_ml\quarterly\indi_v2_2013q3.parquet","363698","2026-05-20 12:17:06"
"2026-06-01 15:50:04","D:\program_FAERS\runs\mainline_2026-05-20\OUTPUT_ML\features_v2","D:\program_FAERS\output20260601\machine_learning\features_v2_dataset_used_by_ml\quarterly\indi_v2_2013q4.parquet","machine_learning\features_v2_dataset_used_by_ml\quarterly\indi_v2_2013q4.parquet","417367","2026-05-20 12:17:09"
"2026-06-01 15:50:04","D:\program_FAERS\runs\mainline_2026-05-20\OUTPUT_ML\features_v2","D:\program_FAERS\output20260601\machine_learning\features_v2_dataset_used_by_ml\quarterly\indi_v2_2014q1.parquet","machine_learning\features_v2_dataset_used_by_ml\quarterly\indi_v2_2014q1.parquet","475488","2026-05-20 12:17:12"
"2026-06-01 15:50:04","D:\program_FAERS\runs\mainline_2026-05-20\OUTPUT_ML\features_v2","D:\program_FAERS\output20260601\machine_learning\features_v2_dataset_used_by_ml\quarterly\indi_v2_2014q2.parquet","machine_learning\features_v2_dataset_used_by_ml\quarterly\indi_v2_2014q2.parquet","437103","2026-05-20 12:17:15"
"2026-06-01 15:50:04","D:\program_FAERS\runs\mainline_2026-05-20\OUTPUT_ML\features_v2","D:\program_FAERS\output20260601\machine_learning\features_v2_dataset_used_by_ml\quarterly\indi_v2_2014q3.parquet","machine_learning\features_v2_dataset_used_by_ml\quarterly\indi_v2_2014q3.parquet","452418","2026-05-20 12:17:18"
"2026-06-01 15:50:04","D:\program_FAERS\runs\mainline_2026-05-20\OUTPUT_ML\features_v2","D:\program_FAERS\output20260601\machine_learning\features_v2_dataset_used_by_ml\quarterly\indi_v2_2014q4.parquet","machine_learning\features_v2_dataset_used_by_ml\quarterly\indi_v2_2014q4.parquet","447888","2026-05-20 12:17:22"
"2026-06-01 15:50:04","D:\program_FAERS\runs\mainline_2026-05-20\OUTPUT_ML\features_v2","D:\program_FAERS\output20260601\machine_learning\features_v2_dataset_used_by_ml\quarterly\indi_v2_2015q1.parquet","machine_learning\features_v2_dataset_used_by_ml\quarterly\indi_v2_2015q1.parquet","597646","2026-05-20 12:17:26"
"2026-06-01 15:50:04","D:\program_FAERS\runs\mainline_2026-05-20\OUTPUT_ML\features_v2","D:\program_FAERS\output20260601\machine_learning\features_v2_dataset_used_by_ml\quarterly\indi_v2_2015q2.parquet","machine_learning\features_v2_dataset_used_by_ml\quarterly\indi_v2_2015q2.parquet","602091","2026-05-20 12:17:32"
"2026-06-01 15:50:04","D:\program_FAERS\runs\mainline_2026-05-20\OUTPUT_ML\features_v2","D:\program_FAERS\output20260601\machine_learning\features_v2_dataset_used_by_ml\quarterly\indi_v2_2015q3.parquet","machine_learning\features_v2_dataset_used_by_ml\quarterly\indi_v2_2015q3.parquet","738345","2026-05-20 12:17:40"
"2026-06-01 15:50:04","D:\program_FAERS\runs\mainline_2026-05-20\OUTPUT_ML\features_v2","D:\program_FAERS\output20260601\machine_learning\features_v2_dataset_used_by_ml\quarterly\indi_v2_2015q4.parquet","machine_learning\features_v2_dataset_used_by_ml\quarterly\indi_v2_2015q4.parquet","680921","2026-05-20 12:17:47"
"2026-06-01 15:50:04","D:\program_FAERS\runs\mainline_2026-05-20\OUTPUT_ML\features_v2","D:\program_FAERS\output20260601\machine_learning\features_v2_dataset_used_by_ml\quarterly\indi_v2_2016q1.parquet","machine_learning\features_v2_dataset_used_by_ml\quarterly\indi_v2_2016q1.parquet","686195","2026-05-20 12:17:55"
"2026-06-01 15:50:04","D:\program_FAERS\runs\mainline_2026-05-20\OUTPUT_ML\features_v2","D:\program_FAERS\output20260601\machine_learning\features_v2_dataset_used_by_ml\quarterly\indi_v2_2016q2.parquet","machine_learning\features_v2_dataset_used_by_ml\quarterly\indi_v2_2016q2.parquet","652903","2026-05-20 12:18:03"
"2026-06-01 15:50:04","D:\program_FAERS\runs\mainline_2026-05-20\OUTPUT_ML\features_v2","D:\program_FAERS\output20260601\machine_learning\features_v2_dataset_used_by_ml\quarterly\indi_v2_2016q3.parquet","machine_learning\features_v2_dataset_used_by_ml\quarterly\indi_v2_2016q3.parquet","721187","2026-05-20 12:18:12"
"2026-06-01 15:50:04","D:\program_FAERS\runs\mainline_2026-05-20\OUTPUT_ML\features_v2","D:\program_FAERS\output20260601\machine_learning\features_v2_dataset_used_by_ml\quarterly\indi_v2_2016q4.parquet","machine_learning\features_v2_dataset_used_by_ml\quarterly\indi_v2_2016q4.parquet","698752","2026-05-20 12:18:19"
"2026-06-01 15:50:04","D:\program_FAERS\runs\mainline_2026-05-20\OUTPUT_ML\features_v2","D:\program_FAERS\output20260601\machine_learning\features_v2_dataset_used_by_ml\quarterly\indi_v2_2017q1.parquet","machine_learning\features_v2_dataset_used_by_ml\quarterly\indi_v2_2017q1.parquet","750513","2026-05-20 12:18:28"
"2026-06-01 15:50:04","D:\program_FAERS\runs\mainline_2026-05-20\OUTPUT_ML\features_v2","D:\program_FAERS\output20260601\machine_learning\features_v2_dataset_used_by_ml\quarterly\indi_v2_2017q2.parquet","machine_learning\features_v2_dataset_used_by_ml\quarterly\indi_v2_2017q2.parquet","680363","2026-05-20 12:18:34"
"2026-06-01 15:50:04","D:\program_FAERS\runs\mainline_2026-05-20\OUTPUT_ML\features_v2","D:\program_FAERS\output20260601\machine_learning\features_v2_dataset_used_by_ml\quarterly\indi_v2_2017q3.parquet","machine_learning\features_v2_dataset_used_by_ml\quarterly\indi_v2_2017q3.parquet","748871","2026-05-20 12:18:41"
"2026-06-01 15:50:04","D:\program_FAERS\runs\mainline_2026-05-20\OUTPUT_ML\features_v2","D:\program_FAERS\output20260601\machine_learning\features_v2_dataset_used_by_ml\quarterly\indi_v2_2017q4.parquet","machine_learning\features_v2_dataset_used_by_ml\quarterly\indi_v2_2017q4.parquet","735950","2026-05-20 12:18:47"
"2026-06-01 15:50:04","D:\program_FAERS\runs\mainline_2026-05-20\OUTPUT_ML\features_v2","D:\program_FAERS\output20260601\machine_learning\features_v2_dataset_used_by_ml\quarterly\indi_v2_2018q1.parquet","machine_learning\features_v2_dataset_used_by_ml\quarterly\indi_v2_2018q1.parquet","854050","2026-05-20 12:18:55"
"2026-06-01 15:50:04","D:\program_FAERS\runs\mainline_2026-05-20\OUTPUT_ML\features_v2","D:\program_FAERS\output20260601\machine_learning\features_v2_dataset_used_by_ml\quarterly\indi_v2_2018q2.parquet","machine_learning\features_v2_dataset_used_by_ml\quarterly\indi_v2_2018q2.parquet","943476","2026-05-20 12:19:03"
"2026-06-01 15:50:04","D:\program_FAERS\runs\mainline_2026-05-20\OUTPUT_ML\features_v2","D:\program_FAERS\output20260601\machine_learning\features_v2_dataset_used_by_ml\quarterly\indi_v2_2018q3.parquet","machine_learning\features_v2_dataset_used_by_ml\quarterly\indi_v2_2018q3.parquet","937193","2026-05-20 12:19:11"
"2026-06-01 15:50:04","D:\program_FAERS\runs\mainline_2026-05-20\OUTPUT_ML\features_v2","D:\program_FAERS\output20260601\machine_learning\features_v2_dataset_used_by_ml\quarterly\indi_v2_2018q4.parquet","machine_learning\features_v2_dataset_used_by_ml\quarterly\indi_v2_2018q4.parquet","887950","2026-05-20 12:19:19"
"2026-06-01 15:50:04","D:\program_FAERS\runs\mainline_2026-05-20\OUTPUT_ML\features_v2","D:\program_FAERS\output20260601\machine_learning\features_v2_dataset_used_by_ml\quarterly\indi_v2_2019q1.parquet","machine_learning\features_v2_dataset_used_by_ml\quarterly\indi_v2_2019q1.parquet","826463","2026-05-20 12:19:26"
"2026-06-01 15:50:04","D:\program_FAERS\runs\mainline_2026-05-20\OUTPUT_ML\features_v2","D:\program_FAERS\output20260601\machine_learning\features_v2_dataset_used_by_ml\quarterly\indi_v2_2019q2.parquet","machine_learning\features_v2_dataset_used_by_ml\quarterly\indi_v2_2019q2.parquet","857732","2026-05-20 12:19:33"
"2026-06-01 15:50:04","D:\program_FAERS\runs\mainline_2026-05-20\OUTPUT_ML\features_v2","D:\program_FAERS\output20260601\machine_learning\features_v2_dataset_used_by_ml\quarterly\indi_v2_2019q3.parquet","machine_learning\features_v2_dataset_used_by_ml\quarterly\indi_v2_2019q3.parquet","886429","2026-05-20 12:19:41"
"2026-06-01 15:50:04","D:\program_FAERS\runs\mainline_2026-05-20\OUTPUT_ML\features_v2","D:\program_FAERS\output20260601\machine_learning\features_v2_dataset_used_by_ml\quarterly\indi_v2_2019q4.parquet","machine_learning\features_v2_dataset_used_by_ml\quarterly\indi_v2_2019q4.parquet","872871","2026-05-20 12:19:48"
"2026-06-01 15:50:04","D:\program_FAERS\runs\mainline_2026-05-20\OUTPUT_ML\features_v2","D:\program_FAERS\output20260601\machine_learning\features_v2_dataset_used_by_ml\quarterly\indi_v2_2020q1.parquet","machine_learning\features_v2_dataset_used_by_ml\quarterly\indi_v2_2020q1.parquet","914229","2026-05-20 12:19:56"
"2026-06-01 15:50:04","D:\program_FAERS\runs\mainline_2026-05-20\OUTPUT_ML\features_v2","D:\program_FAERS\output20260601\machine_learning\features_v2_dataset_used_by_ml\quarterly\indi_v2_2020q2.parquet","machine_learning\features_v2_dataset_used_by_ml\quarterly\indi_v2_2020q2.parquet","828081","2026-05-20 12:20:04"
"2026-06-01 15:50:04","D:\program_FAERS\runs\mainline_2026-05-20\OUTPUT_ML\features_v2","D:\program_FAERS\output20260601\machine_learning\features_v2_dataset_used_by_ml\quarterly\indi_v2_2020q3.parquet","machine_learning\features_v2_dataset_used_by_ml\quarterly\indi_v2_2020q3.parquet","846501","2026-05-20 12:20:12"
"2026-06-01 15:50:04","D:\program_FAERS\runs\mainline_2026-05-20\OUTPUT_ML\features_v2","D:\program_FAERS\output20260601\machine_learning\features_v2_dataset_used_by_ml\quarterly\indi_v2_2020q4.parquet","machine_learning\features_v2_dataset_used_by_ml\quarterly\indi_v2_2020q4.parquet","867314","2026-05-20 12:20:21"
"2026-06-01 15:50:04","D:\program_FAERS\runs\mainline_2026-05-20\OUTPUT_ML\features_v2","D:\program_FAERS\output20260601\machine_learning\features_v2_dataset_used_by_ml\quarterly\indi_v2_2021q1.parquet","machine_learning\features_v2_dataset_used_by_ml\quarterly\indi_v2_2021q1.parquet","854169","2026-05-20 12:20:29"
"2026-06-01 15:50:04","D:\program_FAERS\runs\mainline_2026-05-20\OUTPUT_ML\features_v2","D:\program_FAERS\output20260601\machine_learning\features_v2_dataset_used_by_ml\quarterly\indi_v2_2021q2.parquet","machine_learning\features_v2_dataset_used_by_ml\quarterly\indi_v2_2021q2.parquet","878401","2026-05-20 12:20:37"
"2026-06-01 15:50:04","D:\program_FAERS\runs\mainline_2026-05-20\OUTPUT_ML\features_v2","D:\program_FAERS\output20260601\machine_learning\features_v2_dataset_used_by_ml\quarterly\indi_v2_2021q3.parquet","machine_learning\features_v2_dataset_used_by_ml\quarterly\indi_v2_2021q3.parquet","1011180","2026-05-20 12:20:45"
"2026-06-01 15:50:04","D:\program_FAERS\runs\mainline_2026-05-20\OUTPUT_ML\features_v2","D:\program_FAERS\output20260601\machine_learning\features_v2_dataset_used_by_ml\quarterly\indi_v2_2021q4.parquet","machine_learning\features_v2_dataset_used_by_ml\quarterly\indi_v2_2021q4.parquet","801938","2026-05-20 12:20:52"
"2026-06-01 15:50:04","D:\program_FAERS\runs\mainline_2026-05-20\OUTPUT_ML\features_v2","D:\program_FAERS\output20260601\machine_learning\features_v2_dataset_used_by_ml\quarterly\indi_v2_2022q1.parquet","machine_learning\features_v2_dataset_used_by_ml\quarterly\indi_v2_2022q1.parquet","847629","2026-05-20 12:21:00"
"2026-06-01 15:50:04","D:\program_FAERS\runs\mainline_2026-05-20\OUTPUT_ML\features_v2","D:\program_FAERS\output20260601\machine_learning\features_v2_dataset_used_by_ml\quarterly\indi_v2_2022q2.parquet","machine_learning\features_v2_dataset_used_by_ml\quarterly\indi_v2_2022q2.parquet","917397","2026-05-20 12:21:06"
"2026-06-01 15:50:04","D:\program_FAERS\runs\mainline_2026-05-20\OUTPUT_ML\features_v2","D:\program_FAERS\output20260601\machine_learning\features_v2_dataset_used_by_ml\quarterly\indi_v2_2022q3.parquet","machine_learning\features_v2_dataset_used_by_ml\quarterly\indi_v2_2022q3.parquet","928771","2026-05-20 12:21:13"
"2026-06-01 15:50:04","D:\program_FAERS\runs\mainline_2026-05-20\OUTPUT_ML\features_v2","D:\program_FAERS\output20260601\machine_learning\features_v2_dataset_used_by_ml\quarterly\indi_v2_2022q4.parquet","machine_learning\features_v2_dataset_used_by_ml\quarterly\indi_v2_2022q4.parquet","923622","2026-05-20 12:21:19"
"2026-06-01 15:50:04","D:\program_FAERS\runs\mainline_2026-05-20\OUTPUT_ML\features_v2","D:\program_FAERS\output20260601\machine_learning\features_v2_dataset_used_by_ml\quarterly\indi_v2_2023q1.parquet","machine_learning\features_v2_dataset_used_by_ml\quarterly\indi_v2_2023q1.parquet","875380","2026-05-20 12:21:25"
"2026-06-01 15:50:04","D:\program_FAERS\runs\mainline_2026-05-20\OUTPUT_ML\features_v2","D:\program_FAERS\output20260601\machine_learning\features_v2_dataset_used_by_ml\quarterly\indi_v2_2023q2.parquet","machine_learning\features_v2_dataset_used_by_ml\quarterly\indi_v2_2023q2.parquet","840892","2026-05-20 12:21:31"
"2026-06-01 15:50:04","D:\program_FAERS\runs\mainline_2026-05-20\OUTPUT_ML\features_v2","D:\program_FAERS\output20260601\machine_learning\features_v2_dataset_used_by_ml\quarterly\indi_v2_2023q3.parquet","machine_learning\features_v2_dataset_used_by_ml\quarterly\indi_v2_2023q3.parquet","810330","2026-05-20 12:21:36"
"2026-06-01 15:50:04","D:\program_FAERS\runs\mainline_2026-05-20\OUTPUT_ML\features_v2","D:\program_FAERS\output20260601\machine_learning\features_v2_dataset_used_by_ml\quarterly\indi_v2_2023q4.parquet","machine_learning\features_v2_dataset_used_by_ml\quarterly\indi_v2_2023q4.parquet","866526","2026-05-20 12:21:42"
"2026-06-01 15:50:04","D:\program_FAERS\runs\mainline_2026-05-20\OUTPUT_ML\features_v2","D:\program_FAERS\output20260601\machine_learning\features_v2_dataset_used_by_ml\quarterly\indi_v2_2024q1.parquet","machine_learning\features_v2_dataset_used_by_ml\quarterly\indi_v2_2024q1.parquet","910692","2026-05-20 12:21:48"
"2026-06-01 15:50:04","D:\program_FAERS\runs\mainline_2026-05-20\OUTPUT_ML\features_v2","D:\program_FAERS\output20260601\machine_learning\features_v2_dataset_used_by_ml\quarterly\indi_v2_2024q2.parquet","machine_learning\features_v2_dataset_used_by_ml\quarterly\indi_v2_2024q2.parquet","894317","2026-05-20 12:21:53"
"2026-06-01 15:50:04","D:\program_FAERS\runs\mainline_2026-05-20\OUTPUT_ML\features_v2","D:\program_FAERS\output20260601\machine_learning\features_v2_dataset_used_by_ml\quarterly\indi_v2_2024q3.parquet","machine_learning\features_v2_dataset_used_by_ml\quarterly\indi_v2_2024q3.parquet","884823","2026-05-20 12:21:59"
"2026-06-01 15:50:04","D:\program_FAERS\runs\mainline_2026-05-20\OUTPUT_ML\features_v2","D:\program_FAERS\output20260601\machine_learning\features_v2_dataset_used_by_ml\quarterly\indi_v2_2024q4.parquet","machine_learning\features_v2_dataset_used_by_ml\quarterly\indi_v2_2024q4.parquet","878176","2026-05-20 12:22:05"
"2026-06-01 15:50:04","D:\program_FAERS\runs\mainline_2026-05-20\OUTPUT_ML\features_v2","D:\program_FAERS\output20260601\machine_learning\features_v2_dataset_used_by_ml\quarterly\indi_v2_2025q1.parquet","machine_learning\features_v2_dataset_used_by_ml\quarterly\indi_v2_2025q1.parquet","866218","2026-05-20 12:22:10"
"2026-06-01 15:50:04","D:\program_FAERS\runs\mainline_2026-05-20\OUTPUT_ML\features_v2","D:\program_FAERS\output20260601\machine_learning\features_v2_dataset_used_by_ml\quarterly\indi_v2_2025q2.parquet","machine_learning\features_v2_dataset_used_by_ml\quarterly\indi_v2_2025q2.parquet","830443","2026-05-20 12:22:16"
"2026-06-01 15:50:04","D:\program_FAERS\runs\mainline_2026-05-20\OUTPUT_ML\features_v2","D:\program_FAERS\output20260601\machine_learning\features_v2_dataset_used_by_ml\quarterly\indi_v2_2025q3.parquet","machine_learning\features_v2_dataset_used_by_ml\quarterly\indi_v2_2025q3.parquet","925060","2026-05-20 12:22:23"
"2026-06-01 15:50:04","D:\program_FAERS\runs\mainline_2026-05-20\OUTPUT_ML\features_v2","D:\program_FAERS\output20260601\machine_learning\features_v2_dataset_used_by_ml\quarterly\indi_v2_2025q4.parquet","machine_learning\features_v2_dataset_used_by_ml\quarterly\indi_v2_2025q4.parquet","843260","2026-05-20 12:22:30"
"2026-06-01 15:50:04","D:\program_FAERS\runs\mainline_2026-05-20\OUTPUT_ML\features_v2","D:\program_FAERS\output20260601\machine_learning\features_v2_dataset_used_by_ml\quarterly\rpsr_v2_2004q1.parquet","machine_learning\features_v2_dataset_used_by_ml\quarterly\rpsr_v2_2004q1.parquet","76711","2026-05-20 12:22:30"
"2026-06-01 15:50:04","D:\program_FAERS\runs\mainline_2026-05-20\OUTPUT_ML\features_v2","D:\program_FAERS\output20260601\machine_learning\features_v2_dataset_used_by_ml\quarterly\rpsr_v2_2004q2.parquet","machine_learning\features_v2_dataset_used_by_ml\quarterly\rpsr_v2_2004q2.parquet","68256","2026-05-20 12:22:30"
"2026-06-01 15:50:04","D:\program_FAERS\runs\mainline_2026-05-20\OUTPUT_ML\features_v2","D:\program_FAERS\output20260601\machine_learning\features_v2_dataset_used_by_ml\quarterly\rpsr_v2_2004q3.parquet","machine_learning\features_v2_dataset_used_by_ml\quarterly\rpsr_v2_2004q3.parquet","98540","2026-05-20 12:22:30"
"2026-06-01 15:50:04","D:\program_FAERS\runs\mainline_2026-05-20\OUTPUT_ML\features_v2","D:\program_FAERS\output20260601\machine_learning\features_v2_dataset_used_by_ml\quarterly\rpsr_v2_2004q4.parquet","machine_learning\features_v2_dataset_used_by_ml\quarterly\rpsr_v2_2004q4.parquet","65705","2026-05-20 12:22:30"
"2026-06-01 15:50:04","D:\program_FAERS\runs\mainline_2026-05-20\OUTPUT_ML\features_v2","D:\program_FAERS\output20260601\machine_learning\features_v2_dataset_used_by_ml\quarterly\rpsr_v2_2005q1.parquet","machine_learning\features_v2_dataset_used_by_ml\quarterly\rpsr_v2_2005q1.parquet","64892","2026-05-20 12:22:30"
"2026-06-01 15:50:04","D:\program_FAERS\runs\mainline_2026-05-20\OUTPUT_ML\features_v2","D:\program_FAERS\output20260601\machine_learning\features_v2_dataset_used_by_ml\quarterly\rpsr_v2_2005q2.parquet","machine_learning\features_v2_dataset_used_by_ml\quarterly\rpsr_v2_2005q2.parquet","71656","2026-05-20 12:22:31"
"2026-06-01 15:50:04","D:\program_FAERS\runs\mainline_2026-05-20\OUTPUT_ML\features_v2","D:\program_FAERS\output20260601\machine_learning\features_v2_dataset_used_by_ml\quarterly\rpsr_v2_2005q3.parquet","machine_learning\features_v2_dataset_used_by_ml\quarterly\rpsr_v2_2005q3.parquet","66524","2026-05-20 12:22:31"
"2026-06-01 15:50:04","D:\program_FAERS\runs\mainline_2026-05-20\OUTPUT_ML\features_v2","D:\program_FAERS\output20260601\machine_learning\features_v2_dataset_used_by_ml\quarterly\rpsr_v2_2005q4.parquet","machine_learning\features_v2_dataset_used_by_ml\quarterly\rpsr_v2_2005q4.parquet","57005","2026-05-20 12:22:31"
"2026-06-01 15:50:04","D:\program_FAERS\runs\mainline_2026-05-20\OUTPUT_ML\features_v2","D:\program_FAERS\output20260601\machine_learning\features_v2_dataset_used_by_ml\quarterly\rpsr_v2_2006q1.parquet","machine_learning\features_v2_dataset_used_by_ml\quarterly\rpsr_v2_2006q1.parquet","57727","2026-05-20 12:22:31"
"2026-06-01 15:50:04","D:\program_FAERS\runs\mainline_2026-05-20\OUTPUT_ML\features_v2","D:\program_FAERS\output20260601\machine_learning\features_v2_dataset_used_by_ml\quarterly\rpsr_v2_2006q2.parquet","machine_learning\features_v2_dataset_used_by_ml\quarterly\rpsr_v2_2006q2.parquet","59920","2026-05-20 12:22:31"
"2026-06-01 15:50:04","D:\program_FAERS\runs\mainline_2026-05-20\OUTPUT_ML\features_v2","D:\program_FAERS\output20260601\machine_learning\features_v2_dataset_used_by_ml\quarterly\rpsr_v2_2006q3.parquet","machine_learning\features_v2_dataset_used_by_ml\quarterly\rpsr_v2_2006q3.parquet","56506","2026-05-20 12:22:31"
"2026-06-01 15:50:04","D:\program_FAERS\runs\mainline_2026-05-20\OUTPUT_ML\features_v2","D:\program_FAERS\output20260601\machine_learning\features_v2_dataset_used_by_ml\quarterly\rpsr_v2_2006q4.parquet","machine_learning\features_v2_dataset_used_by_ml\quarterly\rpsr_v2_2006q4.parquet","49154","2026-05-20 12:22:31"
"2026-06-01 15:50:04","D:\program_FAERS\runs\mainline_2026-05-20\OUTPUT_ML\features_v2","D:\program_FAERS\output20260601\machine_learning\features_v2_dataset_used_by_ml\quarterly\rpsr_v2_2007q1.parquet","machine_learning\features_v2_dataset_used_by_ml\quarterly\rpsr_v2_2007q1.parquet","58032","2026-05-20 12:22:31"
"2026-06-01 15:50:04","D:\program_FAERS\runs\mainline_2026-05-20\OUTPUT_ML\features_v2","D:\program_FAERS\output20260601\machine_learning\features_v2_dataset_used_by_ml\quarterly\rpsr_v2_2007q2.parquet","machine_learning\features_v2_dataset_used_by_ml\quarterly\rpsr_v2_2007q2.parquet","42129","2026-05-20 12:22:31"
"2026-06-01 15:50:04","D:\program_FAERS\runs\mainline_2026-05-20\OUTPUT_ML\features_v2","D:\program_FAERS\output20260601\machine_learning\features_v2_dataset_used_by_ml\quarterly\rpsr_v2_2007q3.parquet","machine_learning\features_v2_dataset_used_by_ml\quarterly\rpsr_v2_2007q3.parquet","40621","2026-05-20 12:22:32"
"2026-06-01 15:50:04","D:\program_FAERS\runs\mainline_2026-05-20\OUTPUT_ML\features_v2","D:\program_FAERS\output20260601\machine_learning\features_v2_dataset_used_by_ml\quarterly\rpsr_v2_2007q4.parquet","machine_learning\features_v2_dataset_used_by_ml\quarterly\rpsr_v2_2007q4.parquet","41176","2026-05-20 12:22:32"
"2026-06-01 15:50:04","D:\program_FAERS\runs\mainline_2026-05-20\OUTPUT_ML\features_v2","D:\program_FAERS\output20260601\machine_learning\features_v2_dataset_used_by_ml\quarterly\rpsr_v2_2008q1.parquet","machine_learning\features_v2_dataset_used_by_ml\quarterly\rpsr_v2_2008q1.parquet","41009","2026-05-20 12:22:32"
"2026-06-01 15:50:04","D:\program_FAERS\runs\mainline_2026-05-20\OUTPUT_ML\features_v2","D:\program_FAERS\output20260601\machine_learning\features_v2_dataset_used_by_ml\quarterly\rpsr_v2_2008q2.parquet","machine_learning\features_v2_dataset_used_by_ml\quarterly\rpsr_v2_2008q2.parquet","37851","2026-05-20 12:22:32"
"2026-06-01 15:50:04","D:\program_FAERS\runs\mainline_2026-05-20\OUTPUT_ML\features_v2","D:\program_FAERS\output20260601\machine_learning\features_v2_dataset_used_by_ml\quarterly\rpsr_v2_2008q3.parquet","machine_learning\features_v2_dataset_used_by_ml\quarterly\rpsr_v2_2008q3.parquet","39188","2026-05-20 12:22:32"
"2026-06-01 15:50:04","D:\program_FAERS\runs\mainline_2026-05-20\OUTPUT_ML\features_v2","D:\program_FAERS\output20260601\machine_learning\features_v2_dataset_used_by_ml\quarterly\rpsr_v2_2008q4.parquet","machine_learning\features_v2_dataset_used_by_ml\quarterly\rpsr_v2_2008q4.parquet","30533","2026-05-20 12:22:32"
"2026-06-01 15:50:04","D:\program_FAERS\runs\mainline_2026-05-20\OUTPUT_ML\features_v2","D:\program_FAERS\output20260601\machine_learning\features_v2_dataset_used_by_ml\quarterly\rpsr_v2_2009q1.parquet","machine_learning\features_v2_dataset_used_by_ml\quarterly\rpsr_v2_2009q1.parquet","27486","2026-05-20 12:22:32"
"2026-06-01 15:50:04","D:\program_FAERS\runs\mainline_2026-05-20\OUTPUT_ML\features_v2","D:\program_FAERS\output20260601\machine_learning\features_v2_dataset_used_by_ml\quarterly\rpsr_v2_2009q2.parquet","machine_learning\features_v2_dataset_used_by_ml\quarterly\rpsr_v2_2009q2.parquet","25852","2026-05-20 12:22:32"
"2026-06-01 15:50:04","D:\program_FAERS\runs\mainline_2026-05-20\OUTPUT_ML\features_v2","D:\program_FAERS\output20260601\machine_learning\features_v2_dataset_used_by_ml\quarterly\rpsr_v2_2009q3.parquet","machine_learning\features_v2_dataset_used_by_ml\quarterly\rpsr_v2_2009q3.parquet","24297","2026-05-20 12:22:32"
"2026-06-01 15:50:04","D:\program_FAERS\runs\mainline_2026-05-20\OUTPUT_ML\features_v2","D:\program_FAERS\output20260601\machine_learning\features_v2_dataset_used_by_ml\quarterly\rpsr_v2_2009q4.parquet","machine_learning\features_v2_dataset_used_by_ml\quarterly\rpsr_v2_2009q4.parquet","27675","2026-05-20 12:22:32"
"2026-06-01 15:50:04","D:\program_FAERS\runs\mainline_2026-05-20\OUTPUT_ML\features_v2","D:\program_FAERS\output20260601\machine_learning\features_v2_dataset_used_by_ml\quarterly\rpsr_v2_2010q1.parquet","machine_learning\features_v2_dataset_used_by_ml\quarterly\rpsr_v2_2010q1.parquet","22071","2026-05-20 12:22:32"
"2026-06-01 15:50:04","D:\program_FAERS\runs\mainline_2026-05-20\OUTPUT_ML\features_v2","D:\program_FAERS\output20260601\machine_learning\features_v2_dataset_used_by_ml\quarterly\rpsr_v2_2010q2.parquet","machine_learning\features_v2_dataset_used_by_ml\quarterly\rpsr_v2_2010q2.parquet","24587","2026-05-20 12:22:32"
"2026-06-01 15:50:04","D:\program_FAERS\runs\mainline_2026-05-20\OUTPUT_ML\features_v2","D:\program_FAERS\output20260601\machine_learning\features_v2_dataset_used_by_ml\quarterly\rpsr_v2_2010q3.parquet","machine_learning\features_v2_dataset_used_by_ml\quarterly\rpsr_v2_2010q3.parquet","26386","2026-05-20 12:22:32"
"2026-06-01 15:50:04","D:\program_FAERS\runs\mainline_2026-05-20\OUTPUT_ML\features_v2","D:\program_FAERS\output20260601\machine_learning\features_v2_dataset_used_by_ml\quarterly\rpsr_v2_2010q4.parquet","machine_learning\features_v2_dataset_used_by_ml\quarterly\rpsr_v2_2010q4.parquet","25844","2026-05-20 12:22:32"
"2026-06-01 15:50:04","D:\program_FAERS\runs\mainline_2026-05-20\OUTPUT_ML\features_v2","D:\program_FAERS\output20260601\machine_learning\features_v2_dataset_used_by_ml\quarterly\rpsr_v2_2011q1.parquet","machine_learning\features_v2_dataset_used_by_ml\quarterly\rpsr_v2_2011q1.parquet","29285","2026-05-20 12:22:32"
"2026-06-01 15:50:04","D:\program_FAERS\runs\mainline_2026-05-20\OUTPUT_ML\features_v2","D:\program_FAERS\output20260601\machine_learning\features_v2_dataset_used_by_ml\quarterly\rpsr_v2_2011q2.parquet","machine_learning\features_v2_dataset_used_by_ml\quarterly\rpsr_v2_2011q2.parquet","24970","2026-05-20 12:22:32"
"2026-06-01 15:50:04","D:\program_FAERS\runs\mainline_2026-05-20\OUTPUT_ML\features_v2","D:\program_FAERS\output20260601\machine_learning\features_v2_dataset_used_by_ml\quarterly\rpsr_v2_2011q3.parquet","machine_learning\features_v2_dataset_used_by_ml\quarterly\rpsr_v2_2011q3.parquet","27076","2026-05-20 12:22:32"
"2026-06-01 15:50:04","D:\program_FAERS\runs\mainline_2026-05-20\OUTPUT_ML\features_v2","D:\program_FAERS\output20260601\machine_learning\features_v2_dataset_used_by_ml\quarterly\rpsr_v2_2011q4.parquet","machine_learning\features_v2_dataset_used_by_ml\quarterly\rpsr_v2_2011q4.parquet","29237","2026-05-20 12:22:33"
"2026-06-01 15:50:04","D:\program_FAERS\runs\mainline_2026-05-20\OUTPUT_ML\features_v2","D:\program_FAERS\output20260601\machine_learning\features_v2_dataset_used_by_ml\quarterly\rpsr_v2_2012q1.parquet","machine_learning\features_v2_dataset_used_by_ml\quarterly\rpsr_v2_2012q1.parquet","43331","2026-05-20 12:22:33"
"2026-06-01 15:50:04","D:\program_FAERS\runs\mainline_2026-05-20\OUTPUT_ML\features_v2","D:\program_FAERS\output20260601\machine_learning\features_v2_dataset_used_by_ml\quarterly\rpsr_v2_2012q2.parquet","machine_learning\features_v2_dataset_used_by_ml\quarterly\rpsr_v2_2012q2.parquet","44868","2026-05-20 12:22:33"
"2026-06-01 15:50:04","D:\program_FAERS\runs\mainline_2026-05-20\OUTPUT_ML\features_v2","D:\program_FAERS\output20260601\machine_learning\features_v2_dataset_used_by_ml\quarterly\rpsr_v2_2012q3.parquet","machine_learning\features_v2_dataset_used_by_ml\quarterly\rpsr_v2_2012q3.parquet","11353","2026-05-20 12:22:33"
"2026-06-01 15:50:04","D:\program_FAERS\runs\mainline_2026-05-20\OUTPUT_ML\features_v2","D:\program_FAERS\output20260601\machine_learning\features_v2_dataset_used_by_ml\quarterly\rpsr_v2_2012q4.parquet","machine_learning\features_v2_dataset_used_by_ml\quarterly\rpsr_v2_2012q4.parquet","32394","2026-05-20 12:22:33"
"2026-06-01 15:50:04","D:\program_FAERS\runs\mainline_2026-05-20\OUTPUT_ML\features_v2","D:\program_FAERS\output20260601\machine_learning\features_v2_dataset_used_by_ml\quarterly\rpsr_v2_2013q1.parquet","machine_learning\features_v2_dataset_used_by_ml\quarterly\rpsr_v2_2013q1.parquet","74586","2026-05-20 12:22:33"
"2026-06-01 15:50:04","D:\program_FAERS\runs\mainline_2026-05-20\OUTPUT_ML\features_v2","D:\program_FAERS\output20260601\machine_learning\features_v2_dataset_used_by_ml\quarterly\rpsr_v2_2013q2.parquet","machine_learning\features_v2_dataset_used_by_ml\quarterly\rpsr_v2_2013q2.parquet","37562","2026-05-20 12:22:33"
"2026-06-01 15:50:04","D:\program_FAERS\runs\mainline_2026-05-20\OUTPUT_ML\features_v2","D:\program_FAERS\output20260601\machine_learning\features_v2_dataset_used_by_ml\quarterly\rpsr_v2_2013q3.parquet","machine_learning\features_v2_dataset_used_by_ml\quarterly\rpsr_v2_2013q3.parquet","33662","2026-05-20 12:22:33"
"2026-06-01 15:50:04","D:\program_FAERS\runs\mainline_2026-05-20\OUTPUT_ML\features_v2","D:\program_FAERS\output20260601\machine_learning\features_v2_dataset_used_by_ml\quarterly\rpsr_v2_2013q4.parquet","machine_learning\features_v2_dataset_used_by_ml\quarterly\rpsr_v2_2013q4.parquet","36356","2026-05-20 12:22:33"
"2026-06-01 15:50:04","D:\program_FAERS\runs\mainline_2026-05-20\OUTPUT_ML\features_v2","D:\program_FAERS\output20260601\machine_learning\features_v2_dataset_used_by_ml\quarterly\rpsr_v2_2014q1.parquet","machine_learning\features_v2_dataset_used_by_ml\quarterly\rpsr_v2_2014q1.parquet","58076","2026-05-20 12:22:33"
"2026-06-01 15:50:04","D:\program_FAERS\runs\mainline_2026-05-20\OUTPUT_ML\features_v2","D:\program_FAERS\output20260601\machine_learning\features_v2_dataset_used_by_ml\quarterly\rpsr_v2_2014q2.parquet","machine_learning\features_v2_dataset_used_by_ml\quarterly\rpsr_v2_2014q2.parquet","33269","2026-05-20 12:22:33"
"2026-06-01 15:50:04","D:\program_FAERS\runs\mainline_2026-05-20\OUTPUT_ML\features_v2","D:\program_FAERS\output20260601\machine_learning\features_v2_dataset_used_by_ml\quarterly\rpsr_v2_2014q3.parquet","machine_learning\features_v2_dataset_used_by_ml\quarterly\rpsr_v2_2014q3.parquet","33239","2026-05-20 12:22:33"
"2026-06-01 15:50:04","D:\program_FAERS\runs\mainline_2026-05-20\OUTPUT_ML\features_v2","D:\program_FAERS\output20260601\machine_learning\features_v2_dataset_used_by_ml\quarterly\rpsr_v2_2014q4.parquet","machine_learning\features_v2_dataset_used_by_ml\quarterly\rpsr_v2_2014q4.parquet","33176","2026-05-20 12:22:34"
"2026-06-01 15:50:04","D:\program_FAERS\runs\mainline_2026-05-20\OUTPUT_ML\features_v2","D:\program_FAERS\output20260601\machine_learning\features_v2_dataset_used_by_ml\quarterly\rpsr_v2_2015q1.parquet","machine_learning\features_v2_dataset_used_by_ml\quarterly\rpsr_v2_2015q1.parquet","34052","2026-05-20 12:22:34"
"2026-06-01 15:50:04","D:\program_FAERS\runs\mainline_2026-05-20\OUTPUT_ML\features_v2","D:\program_FAERS\output20260601\machine_learning\features_v2_dataset_used_by_ml\quarterly\rpsr_v2_2015q2.parquet","machine_learning\features_v2_dataset_used_by_ml\quarterly\rpsr_v2_2015q2.parquet","27556","2026-05-20 12:22:34"
"2026-06-01 15:50:04","D:\program_FAERS\runs\mainline_2026-05-20\OUTPUT_ML\features_v2","D:\program_FAERS\output20260601\machine_learning\features_v2_dataset_used_by_ml\quarterly\rpsr_v2_2015q3.parquet","machine_learning\features_v2_dataset_used_by_ml\quarterly\rpsr_v2_2015q3.parquet","21065","2026-05-20 12:22:34"
"2026-06-01 15:50:04","D:\program_FAERS\runs\mainline_2026-05-20\OUTPUT_ML\features_v2","D:\program_FAERS\output20260601\machine_learning\features_v2_dataset_used_by_ml\quarterly\rpsr_v2_2015q4.parquet","machine_learning\features_v2_dataset_used_by_ml\quarterly\rpsr_v2_2015q4.parquet","13149","2026-05-20 12:22:34"
"2026-06-01 15:50:04","D:\program_FAERS\runs\mainline_2026-05-20\OUTPUT_ML\features_v2","D:\program_FAERS\output20260601\machine_learning\features_v2_dataset_used_by_ml\quarterly\rpsr_v2_2016q1.parquet","machine_learning\features_v2_dataset_used_by_ml\quarterly\rpsr_v2_2016q1.parquet","14525","2026-05-20 12:22:34"
"2026-06-01 15:50:04","D:\program_FAERS\runs\mainline_2026-05-20\OUTPUT_ML\features_v2","D:\program_FAERS\output20260601\machine_learning\features_v2_dataset_used_by_ml\quarterly\rpsr_v2_2016q2.parquet","machine_learning\features_v2_dataset_used_by_ml\quarterly\rpsr_v2_2016q2.parquet","18782","2026-05-20 12:22:34"
"2026-06-01 15:50:04","D:\program_FAERS\runs\mainline_2026-05-20\OUTPUT_ML\features_v2","D:\program_FAERS\output20260601\machine_learning\features_v2_dataset_used_by_ml\quarterly\rpsr_v2_2016q3.parquet","machine_learning\features_v2_dataset_used_by_ml\quarterly\rpsr_v2_2016q3.parquet","15454","2026-05-20 12:22:34"
"2026-06-01 15:50:04","D:\program_FAERS\runs\mainline_2026-05-20\OUTPUT_ML\features_v2","D:\program_FAERS\output20260601\machine_learning\features_v2_dataset_used_by_ml\quarterly\rpsr_v2_2016q4.parquet","machine_learning\features_v2_dataset_used_by_ml\quarterly\rpsr_v2_2016q4.parquet","21859","2026-05-20 12:22:34"
"2026-06-01 15:50:04","D:\program_FAERS\runs\mainline_2026-05-20\OUTPUT_ML\features_v2","D:\program_FAERS\output20260601\machine_learning\features_v2_dataset_used_by_ml\quarterly\rpsr_v2_2017q1.parquet","machine_learning\features_v2_dataset_used_by_ml\quarterly\rpsr_v2_2017q1.parquet","27464","2026-05-20 12:22:34"
"2026-06-01 15:50:04","D:\program_FAERS\runs\mainline_2026-05-20\OUTPUT_ML\features_v2","D:\program_FAERS\output20260601\machine_learning\features_v2_dataset_used_by_ml\quarterly\rpsr_v2_2017q2.parquet","machine_learning\features_v2_dataset_used_by_ml\quarterly\rpsr_v2_2017q2.parquet","31900","2026-05-20 12:22:34"
"2026-06-01 15:50:04","D:\program_FAERS\runs\mainline_2026-05-20\OUTPUT_ML\features_v2","D:\program_FAERS\output20260601\machine_learning\features_v2_dataset_used_by_ml\quarterly\rpsr_v2_2017q3.parquet","machine_learning\features_v2_dataset_used_by_ml\quarterly\rpsr_v2_2017q3.parquet","29095","2026-05-20 12:22:34"
"2026-06-01 15:50:04","D:\program_FAERS\runs\mainline_2026-05-20\OUTPUT_ML\features_v2","D:\program_FAERS\output20260601\machine_learning\features_v2_dataset_used_by_ml\quarterly\rpsr_v2_2017q4.parquet","machine_learning\features_v2_dataset_used_by_ml\quarterly\rpsr_v2_2017q4.parquet","27279","2026-05-20 12:22:34"
"2026-06-01 15:50:04","D:\program_FAERS\runs\mainline_2026-05-20\OUTPUT_ML\features_v2","D:\program_FAERS\output20260601\machine_learning\features_v2_dataset_used_by_ml\quarterly\rpsr_v2_2018q1.parquet","machine_learning\features_v2_dataset_used_by_ml\quarterly\rpsr_v2_2018q1.parquet","34585","2026-05-20 12:22:34"
"2026-06-01 15:50:04","D:\program_FAERS\runs\mainline_2026-05-20\OUTPUT_ML\features_v2","D:\program_FAERS\output20260601\machine_learning\features_v2_dataset_used_by_ml\quarterly\rpsr_v2_2018q2.parquet","machine_learning\features_v2_dataset_used_by_ml\quarterly\rpsr_v2_2018q2.parquet","28574","2026-05-20 12:22:34"
"2026-06-01 15:50:04","D:\program_FAERS\runs\mainline_2026-05-20\OUTPUT_ML\features_v2","D:\program_FAERS\output20260601\machine_learning\features_v2_dataset_used_by_ml\quarterly\rpsr_v2_2018q3.parquet","machine_learning\features_v2_dataset_used_by_ml\quarterly\rpsr_v2_2018q3.parquet","44351","2026-05-20 12:22:35"
"2026-06-01 15:50:04","D:\program_FAERS\runs\mainline_2026-05-20\OUTPUT_ML\features_v2","D:\program_FAERS\output20260601\machine_learning\features_v2_dataset_used_by_ml\quarterly\rpsr_v2_2018q4.parquet","machine_learning\features_v2_dataset_used_by_ml\quarterly\rpsr_v2_2018q4.parquet","41909","2026-05-20 12:22:35"
"2026-06-01 15:50:04","D:\program_FAERS\runs\mainline_2026-05-20\OUTPUT_ML\features_v2","D:\program_FAERS\output20260601\machine_learning\features_v2_dataset_used_by_ml\quarterly\rpsr_v2_2019q1.parquet","machine_learning\features_v2_dataset_used_by_ml\quarterly\rpsr_v2_2019q1.parquet","33321","2026-05-20 12:22:35"
"2026-06-01 15:50:04","D:\program_FAERS\runs\mainline_2026-05-20\OUTPUT_ML\features_v2","D:\program_FAERS\output20260601\machine_learning\features_v2_dataset_used_by_ml\quarterly\rpsr_v2_2019q2.parquet","machine_learning\features_v2_dataset_used_by_ml\quarterly\rpsr_v2_2019q2.parquet","51090","2026-05-20 12:22:35"
"2026-06-01 15:50:04","D:\program_FAERS\runs\mainline_2026-05-20\OUTPUT_ML\features_v2","D:\program_FAERS\output20260601\machine_learning\features_v2_dataset_used_by_ml\quarterly\rpsr_v2_2019q3.parquet","machine_learning\features_v2_dataset_used_by_ml\quarterly\rpsr_v2_2019q3.parquet","43386","2026-05-20 12:22:35"
"2026-06-01 15:50:04","D:\program_FAERS\runs\mainline_2026-05-20\OUTPUT_ML\features_v2","D:\program_FAERS\output20260601\machine_learning\features_v2_dataset_used_by_ml\quarterly\rpsr_v2_2019q4.parquet","machine_learning\features_v2_dataset_used_by_ml\quarterly\rpsr_v2_2019q4.parquet","48050","2026-05-20 12:22:35"
"2026-06-01 15:50:04","D:\program_FAERS\runs\mainline_2026-05-20\OUTPUT_ML\features_v2","D:\program_FAERS\output20260601\machine_learning\features_v2_dataset_used_by_ml\quarterly\rpsr_v2_2020q1.parquet","machine_learning\features_v2_dataset_used_by_ml\quarterly\rpsr_v2_2020q1.parquet","31222","2026-05-20 12:22:35"
"2026-06-01 15:50:04","D:\program_FAERS\runs\mainline_2026-05-20\OUTPUT_ML\features_v2","D:\program_FAERS\output20260601\machine_learning\features_v2_dataset_used_by_ml\quarterly\rpsr_v2_2020q2.parquet","machine_learning\features_v2_dataset_used_by_ml\quarterly\rpsr_v2_2020q2.parquet","29774","2026-05-20 12:22:35"
"2026-06-01 15:50:04","D:\program_FAERS\runs\mainline_2026-05-20\OUTPUT_ML\features_v2","D:\program_FAERS\output20260601\machine_learning\features_v2_dataset_used_by_ml\quarterly\rpsr_v2_2020q3.parquet","machine_learning\features_v2_dataset_used_by_ml\quarterly\rpsr_v2_2020q3.parquet","40868","2026-05-20 12:22:35"
"2026-06-01 15:50:04","D:\program_FAERS\runs\mainline_2026-05-20\OUTPUT_ML\features_v2","D:\program_FAERS\output20260601\machine_learning\features_v2_dataset_used_by_ml\quarterly\rpsr_v2_2020q4.parquet","machine_learning\features_v2_dataset_used_by_ml\quarterly\rpsr_v2_2020q4.parquet","35119","2026-05-20 12:22:35"
"2026-06-01 15:50:04","D:\program_FAERS\runs\mainline_2026-05-20\OUTPUT_ML\features_v2","D:\program_FAERS\output20260601\machine_learning\features_v2_dataset_used_by_ml\quarterly\rpsr_v2_2021q1.parquet","machine_learning\features_v2_dataset_used_by_ml\quarterly\rpsr_v2_2021q1.parquet","35543","2026-05-20 12:22:36"
"2026-06-01 15:50:04","D:\program_FAERS\runs\mainline_2026-05-20\OUTPUT_ML\features_v2","D:\program_FAERS\output20260601\machine_learning\features_v2_dataset_used_by_ml\quarterly\rpsr_v2_2021q2.parquet","machine_learning\features_v2_dataset_used_by_ml\quarterly\rpsr_v2_2021q2.parquet","29538","2026-05-20 12:22:36"
"2026-06-01 15:50:04","D:\program_FAERS\runs\mainline_2026-05-20\OUTPUT_ML\features_v2","D:\program_FAERS\output20260601\machine_learning\features_v2_dataset_used_by_ml\quarterly\rpsr_v2_2021q3.parquet","machine_learning\features_v2_dataset_used_by_ml\quarterly\rpsr_v2_2021q3.parquet","33544","2026-05-20 12:22:36"
"2026-06-01 15:50:04","D:\program_FAERS\runs\mainline_2026-05-20\OUTPUT_ML\features_v2","D:\program_FAERS\output20260601\machine_learning\features_v2_dataset_used_by_ml\quarterly\rpsr_v2_2021q4.parquet","machine_learning\features_v2_dataset_used_by_ml\quarterly\rpsr_v2_2021q4.parquet","11363","2026-05-20 12:22:36"
"2026-06-01 15:50:04","D:\program_FAERS\runs\mainline_2026-05-20\OUTPUT_ML\features_v2","D:\program_FAERS\output20260601\machine_learning\features_v2_dataset_used_by_ml\quarterly\rpsr_v2_2022q1.parquet","machine_learning\features_v2_dataset_used_by_ml\quarterly\rpsr_v2_2022q1.parquet","27025","2026-05-20 12:22:36"
"2026-06-01 15:50:04","D:\program_FAERS\runs\mainline_2026-05-20\OUTPUT_ML\features_v2","D:\program_FAERS\output20260601\machine_learning\features_v2_dataset_used_by_ml\quarterly\rpsr_v2_2022q2.parquet","machine_learning\features_v2_dataset_used_by_ml\quarterly\rpsr_v2_2022q2.parquet","27348","2026-05-20 12:22:36"
"2026-06-01 15:50:04","D:\program_FAERS\runs\mainline_2026-05-20\OUTPUT_ML\features_v2","D:\program_FAERS\output20260601\machine_learning\features_v2_dataset_used_by_ml\quarterly\rpsr_v2_2022q3.parquet","machine_learning\features_v2_dataset_used_by_ml\quarterly\rpsr_v2_2022q3.parquet","29249","2026-05-20 12:22:36"
"2026-06-01 15:50:04","D:\program_FAERS\runs\mainline_2026-05-20\OUTPUT_ML\features_v2","D:\program_FAERS\output20260601\machine_learning\features_v2_dataset_used_by_ml\quarterly\rpsr_v2_2022q4.parquet","machine_learning\features_v2_dataset_used_by_ml\quarterly\rpsr_v2_2022q4.parquet","25477","2026-05-20 12:22:36"
"2026-06-01 15:50:04","D:\program_FAERS\runs\mainline_2026-05-20\OUTPUT_ML\features_v2","D:\program_FAERS\output20260601\machine_learning\features_v2_dataset_used_by_ml\quarterly\rpsr_v2_2023q1.parquet","machine_learning\features_v2_dataset_used_by_ml\quarterly\rpsr_v2_2023q1.parquet","23592","2026-05-20 12:22:36"
"2026-06-01 15:50:04","D:\program_FAERS\runs\mainline_2026-05-20\OUTPUT_ML\features_v2","D:\program_FAERS\output20260601\machine_learning\features_v2_dataset_used_by_ml\quarterly\rpsr_v2_2023q2.parquet","machine_learning\features_v2_dataset_used_by_ml\quarterly\rpsr_v2_2023q2.parquet","24648","2026-05-20 12:22:36"
"2026-06-01 15:50:04","D:\program_FAERS\runs\mainline_2026-05-20\OUTPUT_ML\features_v2","D:\program_FAERS\output20260601\machine_learning\features_v2_dataset_used_by_ml\quarterly\rpsr_v2_2023q3.parquet","machine_learning\features_v2_dataset_used_by_ml\quarterly\rpsr_v2_2023q3.parquet","19921","2026-05-20 12:22:36"
"2026-06-01 15:50:04","D:\program_FAERS\runs\mainline_2026-05-20\OUTPUT_ML\features_v2","D:\program_FAERS\output20260601\machine_learning\features_v2_dataset_used_by_ml\quarterly\rpsr_v2_2023q4.parquet","machine_learning\features_v2_dataset_used_by_ml\quarterly\rpsr_v2_2023q4.parquet","26953","2026-05-20 12:22:36"
"2026-06-01 15:50:04","D:\program_FAERS\runs\mainline_2026-05-20\OUTPUT_ML\features_v2","D:\program_FAERS\output20260601\machine_learning\features_v2_dataset_used_by_ml\quarterly\rpsr_v2_2024q1.parquet","machine_learning\features_v2_dataset_used_by_ml\quarterly\rpsr_v2_2024q1.parquet","23228","2026-05-20 12:22:36"
"2026-06-01 15:50:04","D:\program_FAERS\runs\mainline_2026-05-20\OUTPUT_ML\features_v2","D:\program_FAERS\output20260601\machine_learning\features_v2_dataset_used_by_ml\quarterly\rpsr_v2_2024q2.parquet","machine_learning\features_v2_dataset_used_by_ml\quarterly\rpsr_v2_2024q2.parquet","25953","2026-05-20 12:22:36"
"2026-06-01 15:50:04","D:\program_FAERS\runs\mainline_2026-05-20\OUTPUT_ML\features_v2","D:\program_FAERS\output20260601\machine_learning\features_v2_dataset_used_by_ml\quarterly\rpsr_v2_2024q3.parquet","machine_learning\features_v2_dataset_used_by_ml\quarterly\rpsr_v2_2024q3.parquet","20586","2026-05-20 12:22:36"
"2026-06-01 15:50:04","D:\program_FAERS\runs\mainline_2026-05-20\OUTPUT_ML\features_v2","D:\program_FAERS\output20260601\machine_learning\features_v2_dataset_used_by_ml\quarterly\rpsr_v2_2024q4.parquet","machine_learning\features_v2_dataset_used_by_ml\quarterly\rpsr_v2_2024q4.parquet","26921","2026-05-20 12:22:36"
"2026-06-01 15:50:04","D:\program_FAERS\runs\mainline_2026-05-20\OUTPUT_ML\features_v2","D:\program_FAERS\output20260601\machine_learning\features_v2_dataset_used_by_ml\quarterly\rpsr_v2_2025q1.parquet","machine_learning\features_v2_dataset_used_by_ml\quarterly\rpsr_v2_2025q1.parquet","22617","2026-05-20 12:22:36"
"2026-06-01 15:50:04","D:\program_FAERS\runs\mainline_2026-05-20\OUTPUT_ML\features_v2","D:\program_FAERS\output20260601\machine_learning\features_v2_dataset_used_by_ml\quarterly\rpsr_v2_2025q2.parquet","machine_learning\features_v2_dataset_used_by_ml\quarterly\rpsr_v2_2025q2.parquet","24260","2026-05-20 12:22:37"
"2026-06-01 15:50:04","D:\program_FAERS\runs\mainline_2026-05-20\OUTPUT_ML\features_v2","D:\program_FAERS\output20260601\machine_learning\features_v2_dataset_used_by_ml\quarterly\rpsr_v2_2025q3.parquet","machine_learning\features_v2_dataset_used_by_ml\quarterly\rpsr_v2_2025q3.parquet","22670","2026-05-20 12:22:37"
"2026-06-01 15:50:04","D:\program_FAERS\runs\mainline_2026-05-20\OUTPUT_ML\features_v2","D:\program_FAERS\output20260601\machine_learning\features_v2_dataset_used_by_ml\quarterly\rpsr_v2_2025q4.parquet","machine_learning\features_v2_dataset_used_by_ml\quarterly\rpsr_v2_2025q4.parquet","22505","2026-05-20 12:22:37"
"2026-06-01 15:50:04","D:\program_FAERS\runs\mainline_2026-05-20\OUTPUT_ML\features_v2","D:\program_FAERS\output20260601\machine_learning\features_v2_dataset_used_by_ml\quarterly\ther_v2_2004q1.parquet","machine_learning\features_v2_dataset_used_by_ml\quarterly\ther_v2_2004q1.parquet","84127","2026-05-20 12:22:37"
"2026-06-01 15:50:04","D:\program_FAERS\runs\mainline_2026-05-20\OUTPUT_ML\features_v2","D:\program_FAERS\output20260601\machine_learning\features_v2_dataset_used_by_ml\quarterly\ther_v2_2004q2.parquet","machine_learning\features_v2_dataset_used_by_ml\quarterly\ther_v2_2004q2.parquet","76484","2026-05-20 12:22:37"
"2026-06-01 15:50:04","D:\program_FAERS\runs\mainline_2026-05-20\OUTPUT_ML\features_v2","D:\program_FAERS\output20260601\machine_learning\features_v2_dataset_used_by_ml\quarterly\ther_v2_2004q3.parquet","machine_learning\features_v2_dataset_used_by_ml\quarterly\ther_v2_2004q3.parquet","102769","2026-05-20 12:22:37"
"2026-06-01 15:50:04","D:\program_FAERS\runs\mainline_2026-05-20\OUTPUT_ML\features_v2","D:\program_FAERS\output20260601\machine_learning\features_v2_dataset_used_by_ml\quarterly\ther_v2_2004q4.parquet","machine_learning\features_v2_dataset_used_by_ml\quarterly\ther_v2_2004q4.parquet","87665","2026-05-20 12:22:37"
"2026-06-01 15:50:04","D:\program_FAERS\runs\mainline_2026-05-20\OUTPUT_ML\features_v2","D:\program_FAERS\output20260601\machine_learning\features_v2_dataset_used_by_ml\quarterly\ther_v2_2005q1.parquet","machine_learning\features_v2_dataset_used_by_ml\quarterly\ther_v2_2005q1.parquet","86656","2026-05-20 12:22:37"
"2026-06-01 15:50:04","D:\program_FAERS\runs\mainline_2026-05-20\OUTPUT_ML\features_v2","D:\program_FAERS\output20260601\machine_learning\features_v2_dataset_used_by_ml\quarterly\ther_v2_2005q2.parquet","machine_learning\features_v2_dataset_used_by_ml\quarterly\ther_v2_2005q2.parquet","97377","2026-05-20 12:22:37"
"2026-06-01 15:50:04","D:\program_FAERS\runs\mainline_2026-05-20\OUTPUT_ML\features_v2","D:\program_FAERS\output20260601\machine_learning\features_v2_dataset_used_by_ml\quarterly\ther_v2_2005q3.parquet","machine_learning\features_v2_dataset_used_by_ml\quarterly\ther_v2_2005q3.parquet","95779","2026-05-20 12:22:37"
"2026-06-01 15:50:04","D:\program_FAERS\runs\mainline_2026-05-20\OUTPUT_ML\features_v2","D:\program_FAERS\output20260601\machine_learning\features_v2_dataset_used_by_ml\quarterly\ther_v2_2005q4.parquet","machine_learning\features_v2_dataset_used_by_ml\quarterly\ther_v2_2005q4.parquet","95490","2026-05-20 12:22:37"
"2026-06-01 15:50:04","D:\program_FAERS\runs\mainline_2026-05-20\OUTPUT_ML\features_v2","D:\program_FAERS\output20260601\machine_learning\features_v2_dataset_used_by_ml\quarterly\ther_v2_2006q1.parquet","machine_learning\features_v2_dataset_used_by_ml\quarterly\ther_v2_2006q1.parquet","101848","2026-05-20 12:22:37"
"2026-06-01 15:50:04","D:\program_FAERS\runs\mainline_2026-05-20\OUTPUT_ML\features_v2","D:\program_FAERS\output20260601\machine_learning\features_v2_dataset_used_by_ml\quarterly\ther_v2_2006q2.parquet","machine_learning\features_v2_dataset_used_by_ml\quarterly\ther_v2_2006q2.parquet","99035","2026-05-20 12:22:37"
"2026-06-01 15:50:04","D:\program_FAERS\runs\mainline_2026-05-20\OUTPUT_ML\features_v2","D:\program_FAERS\output20260601\machine_learning\features_v2_dataset_used_by_ml\quarterly\ther_v2_2006q3.parquet","machine_learning\features_v2_dataset_used_by_ml\quarterly\ther_v2_2006q3.parquet","86537","2026-05-20 12:22:37"
"2026-06-01 15:50:04","D:\program_FAERS\runs\mainline_2026-05-20\OUTPUT_ML\features_v2","D:\program_FAERS\output20260601\machine_learning\features_v2_dataset_used_by_ml\quarterly\ther_v2_2006q4.parquet","machine_learning\features_v2_dataset_used_by_ml\quarterly\ther_v2_2006q4.parquet","85984","2026-05-20 12:22:37"
"2026-06-01 15:50:04","D:\program_FAERS\runs\mainline_2026-05-20\OUTPUT_ML\features_v2","D:\program_FAERS\output20260601\machine_learning\features_v2_dataset_used_by_ml\quarterly\ther_v2_2007q1.parquet","machine_learning\features_v2_dataset_used_by_ml\quarterly\ther_v2_2007q1.parquet","90769","2026-05-20 12:22:37"
"2026-06-01 15:50:04","D:\program_FAERS\runs\mainline_2026-05-20\OUTPUT_ML\features_v2","D:\program_FAERS\output20260601\machine_learning\features_v2_dataset_used_by_ml\quarterly\ther_v2_2007q2.parquet","machine_learning\features_v2_dataset_used_by_ml\quarterly\ther_v2_2007q2.parquet","83973","2026-05-20 12:22:37"
"2026-06-01 15:50:04","D:\program_FAERS\runs\mainline_2026-05-20\OUTPUT_ML\features_v2","D:\program_FAERS\output20260601\machine_learning\features_v2_dataset_used_by_ml\quarterly\ther_v2_2007q3.parquet","machine_learning\features_v2_dataset_used_by_ml\quarterly\ther_v2_2007q3.parquet","85064","2026-05-20 12:22:37"
"2026-06-01 15:50:04","D:\program_FAERS\runs\mainline_2026-05-20\OUTPUT_ML\features_v2","D:\program_FAERS\output20260601\machine_learning\features_v2_dataset_used_by_ml\quarterly\ther_v2_2007q4.parquet","machine_learning\features_v2_dataset_used_by_ml\quarterly\ther_v2_2007q4.parquet","92065","2026-05-20 12:22:37"
"2026-06-01 15:50:04","D:\program_FAERS\runs\mainline_2026-05-20\OUTPUT_ML\features_v2","D:\program_FAERS\output20260601\machine_learning\features_v2_dataset_used_by_ml\quarterly\ther_v2_2008q1.parquet","machine_learning\features_v2_dataset_used_by_ml\quarterly\ther_v2_2008q1.parquet","90385","2026-05-20 12:22:37"
"2026-06-01 15:50:04","D:\program_FAERS\runs\mainline_2026-05-20\OUTPUT_ML\features_v2","D:\program_FAERS\output20260601\machine_learning\features_v2_dataset_used_by_ml\quarterly\ther_v2_2008q2.parquet","machine_learning\features_v2_dataset_used_by_ml\quarterly\ther_v2_2008q2.parquet","88208","2026-05-20 12:22:37"
"2026-06-01 15:50:04","D:\program_FAERS\runs\mainline_2026-05-20\OUTPUT_ML\features_v2","D:\program_FAERS\output20260601\machine_learning\features_v2_dataset_used_by_ml\quarterly\ther_v2_2008q3.parquet","machine_learning\features_v2_dataset_used_by_ml\quarterly\ther_v2_2008q3.parquet","86469","2026-05-20 12:22:37"
"2026-06-01 15:50:04","D:\program_FAERS\runs\mainline_2026-05-20\OUTPUT_ML\features_v2","D:\program_FAERS\output20260601\machine_learning\features_v2_dataset_used_by_ml\quarterly\ther_v2_2008q4.parquet","machine_learning\features_v2_dataset_used_by_ml\quarterly\ther_v2_2008q4.parquet","83541","2026-05-20 12:22:37"
"2026-06-01 15:50:04","D:\program_FAERS\runs\mainline_2026-05-20\OUTPUT_ML\features_v2","D:\program_FAERS\output20260601\machine_learning\features_v2_dataset_used_by_ml\quarterly\ther_v2_2009q1.parquet","machine_learning\features_v2_dataset_used_by_ml\quarterly\ther_v2_2009q1.parquet","75027","2026-05-20 12:22:37"
"2026-06-01 15:50:04","D:\program_FAERS\runs\mainline_2026-05-20\OUTPUT_ML\features_v2","D:\program_FAERS\output20260601\machine_learning\features_v2_dataset_used_by_ml\quarterly\ther_v2_2009q2.parquet","machine_learning\features_v2_dataset_used_by_ml\quarterly\ther_v2_2009q2.parquet","75633","2026-05-20 12:22:37"
"2026-06-01 15:50:04","D:\program_FAERS\runs\mainline_2026-05-20\OUTPUT_ML\features_v2","D:\program_FAERS\output20260601\machine_learning\features_v2_dataset_used_by_ml\quarterly\ther_v2_2009q3.parquet","machine_learning\features_v2_dataset_used_by_ml\quarterly\ther_v2_2009q3.parquet","77581","2026-05-20 12:22:37"
"2026-06-01 15:50:04","D:\program_FAERS\runs\mainline_2026-05-20\OUTPUT_ML\features_v2","D:\program_FAERS\output20260601\machine_learning\features_v2_dataset_used_by_ml\quarterly\ther_v2_2009q4.parquet","machine_learning\features_v2_dataset_used_by_ml\quarterly\ther_v2_2009q4.parquet","94297","2026-05-20 12:22:37"
"2026-06-01 15:50:04","D:\program_FAERS\runs\mainline_2026-05-20\OUTPUT_ML\features_v2","D:\program_FAERS\output20260601\machine_learning\features_v2_dataset_used_by_ml\quarterly\ther_v2_2010q1.parquet","machine_learning\features_v2_dataset_used_by_ml\quarterly\ther_v2_2010q1.parquet","88877","2026-05-20 12:22:37"
"2026-06-01 15:50:04","D:\program_FAERS\runs\mainline_2026-05-20\OUTPUT_ML\features_v2","D:\program_FAERS\output20260601\machine_learning\features_v2_dataset_used_by_ml\quarterly\ther_v2_2010q2.parquet","machine_learning\features_v2_dataset_used_by_ml\quarterly\ther_v2_2010q2.parquet","155942","2026-05-20 12:22:37"
"2026-06-01 15:50:04","D:\program_FAERS\runs\mainline_2026-05-20\OUTPUT_ML\features_v2","D:\program_FAERS\output20260601\machine_learning\features_v2_dataset_used_by_ml\quarterly\ther_v2_2010q3.parquet","machine_learning\features_v2_dataset_used_by_ml\quarterly\ther_v2_2010q3.parquet","203082","2026-05-20 12:22:37"
"2026-06-01 15:50:04","D:\program_FAERS\runs\mainline_2026-05-20\OUTPUT_ML\features_v2","D:\program_FAERS\output20260601\machine_learning\features_v2_dataset_used_by_ml\quarterly\ther_v2_2010q4.parquet","machine_learning\features_v2_dataset_used_by_ml\quarterly\ther_v2_2010q4.parquet","168420","2026-05-20 12:22:37"
"2026-06-01 15:50:04","D:\program_FAERS\runs\mainline_2026-05-20\OUTPUT_ML\features_v2","D:\program_FAERS\output20260601\machine_learning\features_v2_dataset_used_by_ml\quarterly\ther_v2_2011q1.parquet","machine_learning\features_v2_dataset_used_by_ml\quarterly\ther_v2_2011q1.parquet","180287","2026-05-20 12:22:38"
"2026-06-01 15:50:04","D:\program_FAERS\runs\mainline_2026-05-20\OUTPUT_ML\features_v2","D:\program_FAERS\output20260601\machine_learning\features_v2_dataset_used_by_ml\quarterly\ther_v2_2011q2.parquet","machine_learning\features_v2_dataset_used_by_ml\quarterly\ther_v2_2011q2.parquet","199671","2026-05-20 12:22:38"
"2026-06-01 15:50:04","D:\program_FAERS\runs\mainline_2026-05-20\OUTPUT_ML\features_v2","D:\program_FAERS\output20260601\machine_learning\features_v2_dataset_used_by_ml\quarterly\ther_v2_2011q3.parquet","machine_learning\features_v2_dataset_used_by_ml\quarterly\ther_v2_2011q3.parquet","196397","2026-05-20 12:22:38"
"2026-06-01 15:50:04","D:\program_FAERS\runs\mainline_2026-05-20\OUTPUT_ML\features_v2","D:\program_FAERS\output20260601\machine_learning\features_v2_dataset_used_by_ml\quarterly\ther_v2_2011q4.parquet","machine_learning\features_v2_dataset_used_by_ml\quarterly\ther_v2_2011q4.parquet","211360","2026-05-20 12:22:38"
"2026-06-01 15:50:04","D:\program_FAERS\runs\mainline_2026-05-20\OUTPUT_ML\features_v2","D:\program_FAERS\output20260601\machine_learning\features_v2_dataset_used_by_ml\quarterly\ther_v2_2012q1.parquet","machine_learning\features_v2_dataset_used_by_ml\quarterly\ther_v2_2012q1.parquet","229260","2026-05-20 12:22:38"
"2026-06-01 15:50:04","D:\program_FAERS\runs\mainline_2026-05-20\OUTPUT_ML\features_v2","D:\program_FAERS\output20260601\machine_learning\features_v2_dataset_used_by_ml\quarterly\ther_v2_2012q2.parquet","machine_learning\features_v2_dataset_used_by_ml\quarterly\ther_v2_2012q2.parquet","227170","2026-05-20 12:22:38"
"2026-06-01 15:50:04","D:\program_FAERS\runs\mainline_2026-05-20\OUTPUT_ML\features_v2","D:\program_FAERS\output20260601\machine_learning\features_v2_dataset_used_by_ml\quarterly\ther_v2_2012q3.parquet","machine_learning\features_v2_dataset_used_by_ml\quarterly\ther_v2_2012q3.parquet","133914","2026-05-20 12:22:38"
"2026-06-01 15:50:04","D:\program_FAERS\runs\mainline_2026-05-20\OUTPUT_ML\features_v2","D:\program_FAERS\output20260601\machine_learning\features_v2_dataset_used_by_ml\quarterly\ther_v2_2012q4.parquet","machine_learning\features_v2_dataset_used_by_ml\quarterly\ther_v2_2012q4.parquet","225660","2026-05-20 12:22:38"
"2026-06-01 15:50:04","D:\program_FAERS\runs\mainline_2026-05-20\OUTPUT_ML\features_v2","D:\program_FAERS\output20260601\machine_learning\features_v2_dataset_used_by_ml\quarterly\ther_v2_2013q1.parquet","machine_learning\features_v2_dataset_used_by_ml\quarterly\ther_v2_2013q1.parquet","220403","2026-05-20 12:22:38"
"2026-06-01 15:50:04","D:\program_FAERS\runs\mainline_2026-05-20\OUTPUT_ML\features_v2","D:\program_FAERS\output20260601\machine_learning\features_v2_dataset_used_by_ml\quarterly\ther_v2_2013q2.parquet","machine_learning\features_v2_dataset_used_by_ml\quarterly\ther_v2_2013q2.parquet","209395","2026-05-20 12:22:38"
"2026-06-01 15:50:04","D:\program_FAERS\runs\mainline_2026-05-20\OUTPUT_ML\features_v2","D:\program_FAERS\output20260601\machine_learning\features_v2_dataset_used_by_ml\quarterly\ther_v2_2013q3.parquet","machine_learning\features_v2_dataset_used_by_ml\quarterly\ther_v2_2013q3.parquet","215827","2026-05-20 12:22:38"
"2026-06-01 15:50:04","D:\program_FAERS\runs\mainline_2026-05-20\OUTPUT_ML\features_v2","D:\program_FAERS\output20260601\machine_learning\features_v2_dataset_used_by_ml\quarterly\ther_v2_2013q4.parquet","machine_learning\features_v2_dataset_used_by_ml\quarterly\ther_v2_2013q4.parquet","242350","2026-05-20 12:22:38"
"2026-06-01 15:50:04","D:\program_FAERS\runs\mainline_2026-05-20\OUTPUT_ML\features_v2","D:\program_FAERS\output20260601\machine_learning\features_v2_dataset_used_by_ml\quarterly\ther_v2_2014q1.parquet","machine_learning\features_v2_dataset_used_by_ml\quarterly\ther_v2_2014q1.parquet","288860","2026-05-20 12:22:38"
"2026-06-01 15:50:04","D:\program_FAERS\runs\mainline_2026-05-20\OUTPUT_ML\features_v2","D:\program_FAERS\output20260601\machine_learning\features_v2_dataset_used_by_ml\quarterly\ther_v2_2014q2.parquet","machine_learning\features_v2_dataset_used_by_ml\quarterly\ther_v2_2014q2.parquet","254552","2026-05-20 12:22:38"
"2026-06-01 15:50:04","D:\program_FAERS\runs\mainline_2026-05-20\OUTPUT_ML\features_v2","D:\program_FAERS\output20260601\machine_learning\features_v2_dataset_used_by_ml\quarterly\ther_v2_2014q3.parquet","machine_learning\features_v2_dataset_used_by_ml\quarterly\ther_v2_2014q3.parquet","260194","2026-05-20 12:22:38"
"2026-06-01 15:50:04","D:\program_FAERS\runs\mainline_2026-05-20\OUTPUT_ML\features_v2","D:\program_FAERS\output20260601\machine_learning\features_v2_dataset_used_by_ml\quarterly\ther_v2_2014q4.parquet","machine_learning\features_v2_dataset_used_by_ml\quarterly\ther_v2_2014q4.parquet","256203","2026-05-20 12:22:38"
"2026-06-01 15:50:04","D:\program_FAERS\runs\mainline_2026-05-20\OUTPUT_ML\features_v2","D:\program_FAERS\output20260601\machine_learning\features_v2_dataset_used_by_ml\quarterly\ther_v2_2015q1.parquet","machine_learning\features_v2_dataset_used_by_ml\quarterly\ther_v2_2015q1.parquet","325707","2026-05-20 12:22:38"
"2026-06-01 15:50:04","D:\program_FAERS\runs\mainline_2026-05-20\OUTPUT_ML\features_v2","D:\program_FAERS\output20260601\machine_learning\features_v2_dataset_used_by_ml\quarterly\ther_v2_2015q2.parquet","machine_learning\features_v2_dataset_used_by_ml\quarterly\ther_v2_2015q2.parquet","335517","2026-05-20 12:22:38"
"2026-06-01 15:50:04","D:\program_FAERS\runs\mainline_2026-05-20\OUTPUT_ML\features_v2","D:\program_FAERS\output20260601\machine_learning\features_v2_dataset_used_by_ml\quarterly\ther_v2_2015q3.parquet","machine_learning\features_v2_dataset_used_by_ml\quarterly\ther_v2_2015q3.parquet","433953","2026-05-20 12:22:38"
"2026-06-01 15:50:04","D:\program_FAERS\runs\mainline_2026-05-20\OUTPUT_ML\features_v2","D:\program_FAERS\output20260601\machine_learning\features_v2_dataset_used_by_ml\quarterly\ther_v2_2015q4.parquet","machine_learning\features_v2_dataset_used_by_ml\quarterly\ther_v2_2015q4.parquet","388554","2026-05-20 12:22:38"
"2026-06-01 15:50:04","D:\program_FAERS\runs\mainline_2026-05-20\OUTPUT_ML\features_v2","D:\program_FAERS\output20260601\machine_learning\features_v2_dataset_used_by_ml\quarterly\ther_v2_2016q1.parquet","machine_learning\features_v2_dataset_used_by_ml\quarterly\ther_v2_2016q1.parquet","378371","2026-05-20 12:22:38"
"2026-06-01 15:50:04","D:\program_FAERS\runs\mainline_2026-05-20\OUTPUT_ML\features_v2","D:\program_FAERS\output20260601\machine_learning\features_v2_dataset_used_by_ml\quarterly\ther_v2_2016q2.parquet","machine_learning\features_v2_dataset_used_by_ml\quarterly\ther_v2_2016q2.parquet","363255","2026-05-20 12:22:39"
"2026-06-01 15:50:04","D:\program_FAERS\runs\mainline_2026-05-20\OUTPUT_ML\features_v2","D:\program_FAERS\output20260601\machine_learning\features_v2_dataset_used_by_ml\quarterly\ther_v2_2016q3.parquet","machine_learning\features_v2_dataset_used_by_ml\quarterly\ther_v2_2016q3.parquet","404509","2026-05-20 12:22:39"
"2026-06-01 15:50:04","D:\program_FAERS\runs\mainline_2026-05-20\OUTPUT_ML\features_v2","D:\program_FAERS\output20260601\machine_learning\features_v2_dataset_used_by_ml\quarterly\ther_v2_2016q4.parquet","machine_learning\features_v2_dataset_used_by_ml\quarterly\ther_v2_2016q4.parquet","372797","2026-05-20 12:22:39"
"2026-06-01 15:50:04","D:\program_FAERS\runs\mainline_2026-05-20\OUTPUT_ML\features_v2","D:\program_FAERS\output20260601\machine_learning\features_v2_dataset_used_by_ml\quarterly\ther_v2_2017q1.parquet","machine_learning\features_v2_dataset_used_by_ml\quarterly\ther_v2_2017q1.parquet","389997","2026-05-20 12:22:39"
"2026-06-01 15:50:04","D:\program_FAERS\runs\mainline_2026-05-20\OUTPUT_ML\features_v2","D:\program_FAERS\output20260601\machine_learning\features_v2_dataset_used_by_ml\quarterly\ther_v2_2017q2.parquet","machine_learning\features_v2_dataset_used_by_ml\quarterly\ther_v2_2017q2.parquet","366655","2026-05-20 12:22:39"
"2026-06-01 15:50:04","D:\program_FAERS\runs\mainline_2026-05-20\OUTPUT_ML\features_v2","D:\program_FAERS\output20260601\machine_learning\features_v2_dataset_used_by_ml\quarterly\ther_v2_2017q3.parquet","machine_learning\features_v2_dataset_used_by_ml\quarterly\ther_v2_2017q3.parquet","396631","2026-05-20 12:22:39"
"2026-06-01 15:50:04","D:\program_FAERS\runs\mainline_2026-05-20\OUTPUT_ML\features_v2","D:\program_FAERS\output20260601\machine_learning\features_v2_dataset_used_by_ml\quarterly\ther_v2_2017q4.parquet","machine_learning\features_v2_dataset_used_by_ml\quarterly\ther_v2_2017q4.parquet","359395","2026-05-20 12:22:39"
"2026-06-01 15:50:04","D:\program_FAERS\runs\mainline_2026-05-20\OUTPUT_ML\features_v2","D:\program_FAERS\output20260601\machine_learning\features_v2_dataset_used_by_ml\quarterly\ther_v2_2018q1.parquet","machine_learning\features_v2_dataset_used_by_ml\quarterly\ther_v2_2018q1.parquet","441984","2026-05-20 12:22:39"
"2026-06-01 15:50:04","D:\program_FAERS\runs\mainline_2026-05-20\OUTPUT_ML\features_v2","D:\program_FAERS\output20260601\machine_learning\features_v2_dataset_used_by_ml\quarterly\ther_v2_2018q2.parquet","machine_learning\features_v2_dataset_used_by_ml\quarterly\ther_v2_2018q2.parquet","479139","2026-05-20 12:22:39"
"2026-06-01 15:50:04","D:\program_FAERS\runs\mainline_2026-05-20\OUTPUT_ML\features_v2","D:\program_FAERS\output20260601\machine_learning\features_v2_dataset_used_by_ml\quarterly\ther_v2_2018q3.parquet","machine_learning\features_v2_dataset_used_by_ml\quarterly\ther_v2_2018q3.parquet","515678","2026-05-20 12:22:39"
"2026-06-01 15:50:04","D:\program_FAERS\runs\mainline_2026-05-20\OUTPUT_ML\features_v2","D:\program_FAERS\output20260601\machine_learning\features_v2_dataset_used_by_ml\quarterly\ther_v2_2018q4.parquet","machine_learning\features_v2_dataset_used_by_ml\quarterly\ther_v2_2018q4.parquet","483144","2026-05-20 12:22:39"
"2026-06-01 15:50:04","D:\program_FAERS\runs\mainline_2026-05-20\OUTPUT_ML\features_v2","D:\program_FAERS\output20260601\machine_learning\features_v2_dataset_used_by_ml\quarterly\ther_v2_2019q1.parquet","machine_learning\features_v2_dataset_used_by_ml\quarterly\ther_v2_2019q1.parquet","453460","2026-05-20 12:22:39"
"2026-06-01 15:50:04","D:\program_FAERS\runs\mainline_2026-05-20\OUTPUT_ML\features_v2","D:\program_FAERS\output20260601\machine_learning\features_v2_dataset_used_by_ml\quarterly\ther_v2_2019q2.parquet","machine_learning\features_v2_dataset_used_by_ml\quarterly\ther_v2_2019q2.parquet","487148","2026-05-20 12:22:39"
"2026-06-01 15:50:04","D:\program_FAERS\runs\mainline_2026-05-20\OUTPUT_ML\features_v2","D:\program_FAERS\output20260601\machine_learning\features_v2_dataset_used_by_ml\quarterly\ther_v2_2019q3.parquet","machine_learning\features_v2_dataset_used_by_ml\quarterly\ther_v2_2019q3.parquet","486329","2026-05-20 12:22:39"
"2026-06-01 15:50:04","D:\program_FAERS\runs\mainline_2026-05-20\OUTPUT_ML\features_v2","D:\program_FAERS\output20260601\machine_learning\features_v2_dataset_used_by_ml\quarterly\ther_v2_2019q4.parquet","machine_learning\features_v2_dataset_used_by_ml\quarterly\ther_v2_2019q4.parquet","483582","2026-05-20 12:22:39"
"2026-06-01 15:50:04","D:\program_FAERS\runs\mainline_2026-05-20\OUTPUT_ML\features_v2","D:\program_FAERS\output20260601\machine_learning\features_v2_dataset_used_by_ml\quarterly\ther_v2_2020q1.parquet","machine_learning\features_v2_dataset_used_by_ml\quarterly\ther_v2_2020q1.parquet","500021","2026-05-20 12:22:40"
"2026-06-01 15:50:04","D:\program_FAERS\runs\mainline_2026-05-20\OUTPUT_ML\features_v2","D:\program_FAERS\output20260601\machine_learning\features_v2_dataset_used_by_ml\quarterly\ther_v2_2020q2.parquet","machine_learning\features_v2_dataset_used_by_ml\quarterly\ther_v2_2020q2.parquet","436837","2026-05-20 12:22:40"
"2026-06-01 15:50:04","D:\program_FAERS\runs\mainline_2026-05-20\OUTPUT_ML\features_v2","D:\program_FAERS\output20260601\machine_learning\features_v2_dataset_used_by_ml\quarterly\ther_v2_2020q3.parquet","machine_learning\features_v2_dataset_used_by_ml\quarterly\ther_v2_2020q3.parquet","448435","2026-05-20 12:22:40"
"2026-06-01 15:50:04","D:\program_FAERS\runs\mainline_2026-05-20\OUTPUT_ML\features_v2","D:\program_FAERS\output20260601\machine_learning\features_v2_dataset_used_by_ml\quarterly\ther_v2_2020q4.parquet","machine_learning\features_v2_dataset_used_by_ml\quarterly\ther_v2_2020q4.parquet","460909","2026-05-20 12:22:40"
"2026-06-01 15:50:04","D:\program_FAERS\runs\mainline_2026-05-20\OUTPUT_ML\features_v2","D:\program_FAERS\output20260601\machine_learning\features_v2_dataset_used_by_ml\quarterly\ther_v2_2021q1.parquet","machine_learning\features_v2_dataset_used_by_ml\quarterly\ther_v2_2021q1.parquet","445156","2026-05-20 12:22:40"
"2026-06-01 15:50:04","D:\program_FAERS\runs\mainline_2026-05-20\OUTPUT_ML\features_v2","D:\program_FAERS\output20260601\machine_learning\features_v2_dataset_used_by_ml\quarterly\ther_v2_2021q2.parquet","machine_learning\features_v2_dataset_used_by_ml\quarterly\ther_v2_2021q2.parquet","454824","2026-05-20 12:22:40"
"2026-06-01 15:50:04","D:\program_FAERS\runs\mainline_2026-05-20\OUTPUT_ML\features_v2","D:\program_FAERS\output20260601\machine_learning\features_v2_dataset_used_by_ml\quarterly\ther_v2_2021q3.parquet","machine_learning\features_v2_dataset_used_by_ml\quarterly\ther_v2_2021q3.parquet","589883","2026-05-20 12:22:40"
"2026-06-01 15:50:04","D:\program_FAERS\runs\mainline_2026-05-20\OUTPUT_ML\features_v2","D:\program_FAERS\output20260601\machine_learning\features_v2_dataset_used_by_ml\quarterly\ther_v2_2021q4.parquet","machine_learning\features_v2_dataset_used_by_ml\quarterly\ther_v2_2021q4.parquet","449817","2026-05-20 12:22:40"
"2026-06-01 15:50:04","D:\program_FAERS\runs\mainline_2026-05-20\OUTPUT_ML\features_v2","D:\program_FAERS\output20260601\machine_learning\features_v2_dataset_used_by_ml\quarterly\ther_v2_2022q1.parquet","machine_learning\features_v2_dataset_used_by_ml\quarterly\ther_v2_2022q1.parquet","481333","2026-05-20 12:22:40"
"2026-06-01 15:50:04","D:\program_FAERS\runs\mainline_2026-05-20\OUTPUT_ML\features_v2","D:\program_FAERS\output20260601\machine_learning\features_v2_dataset_used_by_ml\quarterly\ther_v2_2022q2.parquet","machine_learning\features_v2_dataset_used_by_ml\quarterly\ther_v2_2022q2.parquet","537985","2026-05-20 12:22:40"
"2026-06-01 15:50:04","D:\program_FAERS\runs\mainline_2026-05-20\OUTPUT_ML\features_v2","D:\program_FAERS\output20260601\machine_learning\features_v2_dataset_used_by_ml\quarterly\ther_v2_2022q3.parquet","machine_learning\features_v2_dataset_used_by_ml\quarterly\ther_v2_2022q3.parquet","540165","2026-05-20 12:22:40"
"2026-06-01 15:50:04","D:\program_FAERS\runs\mainline_2026-05-20\OUTPUT_ML\features_v2","D:\program_FAERS\output20260601\machine_learning\features_v2_dataset_used_by_ml\quarterly\ther_v2_2022q4.parquet","machine_learning\features_v2_dataset_used_by_ml\quarterly\ther_v2_2022q4.parquet","493037","2026-05-20 12:22:40"
"2026-06-01 15:50:04","D:\program_FAERS\runs\mainline_2026-05-20\OUTPUT_ML\features_v2","D:\program_FAERS\output20260601\machine_learning\features_v2_dataset_used_by_ml\quarterly\ther_v2_2023q1.parquet","machine_learning\features_v2_dataset_used_by_ml\quarterly\ther_v2_2023q1.parquet","456708","2026-05-20 12:22:40"
"2026-06-01 15:50:04","D:\program_FAERS\runs\mainline_2026-05-20\OUTPUT_ML\features_v2","D:\program_FAERS\output20260601\machine_learning\features_v2_dataset_used_by_ml\quarterly\ther_v2_2023q2.parquet","machine_learning\features_v2_dataset_used_by_ml\quarterly\ther_v2_2023q2.parquet","438073","2026-05-20 12:22:41"
"2026-06-01 15:50:04","D:\program_FAERS\runs\mainline_2026-05-20\OUTPUT_ML\features_v2","D:\program_FAERS\output20260601\machine_learning\features_v2_dataset_used_by_ml\quarterly\ther_v2_2023q3.parquet","machine_learning\features_v2_dataset_used_by_ml\quarterly\ther_v2_2023q3.parquet","409539","2026-05-20 12:22:41"
"2026-06-01 15:50:04","D:\program_FAERS\runs\mainline_2026-05-20\OUTPUT_ML\features_v2","D:\program_FAERS\output20260601\machine_learning\features_v2_dataset_used_by_ml\quarterly\ther_v2_2023q4.parquet","machine_learning\features_v2_dataset_used_by_ml\quarterly\ther_v2_2023q4.parquet","443963","2026-05-20 12:22:41"
"2026-06-01 15:50:04","D:\program_FAERS\runs\mainline_2026-05-20\OUTPUT_ML\features_v2","D:\program_FAERS\output20260601\machine_learning\features_v2_dataset_used_by_ml\quarterly\ther_v2_2024q1.parquet","machine_learning\features_v2_dataset_used_by_ml\quarterly\ther_v2_2024q1.parquet","451979","2026-05-20 12:22:41"
"2026-06-01 15:50:04","D:\program_FAERS\runs\mainline_2026-05-20\OUTPUT_ML\features_v2","D:\program_FAERS\output20260601\machine_learning\features_v2_dataset_used_by_ml\quarterly\ther_v2_2024q2.parquet","machine_learning\features_v2_dataset_used_by_ml\quarterly\ther_v2_2024q2.parquet","432922","2026-05-20 12:22:41"
"2026-06-01 15:50:04","D:\program_FAERS\runs\mainline_2026-05-20\OUTPUT_ML\features_v2","D:\program_FAERS\output20260601\machine_learning\features_v2_dataset_used_by_ml\quarterly\ther_v2_2024q3.parquet","machine_learning\features_v2_dataset_used_by_ml\quarterly\ther_v2_2024q3.parquet","428662","2026-05-20 12:22:41"
"2026-06-01 15:50:04","D:\program_FAERS\runs\mainline_2026-05-20\OUTPUT_ML\features_v2","D:\program_FAERS\output20260601\machine_learning\features_v2_dataset_used_by_ml\quarterly\ther_v2_2024q4.parquet","machine_learning\features_v2_dataset_used_by_ml\quarterly\ther_v2_2024q4.parquet","420673","2026-05-20 12:22:41"
"2026-06-01 15:50:04","D:\program_FAERS\runs\mainline_2026-05-20\OUTPUT_ML\features_v2","D:\program_FAERS\output20260601\machine_learning\features_v2_dataset_used_by_ml\quarterly\ther_v2_2025q1.parquet","machine_learning\features_v2_dataset_used_by_ml\quarterly\ther_v2_2025q1.parquet","409350","2026-05-20 12:22:41"
"2026-06-01 15:50:04","D:\program_FAERS\runs\mainline_2026-05-20\OUTPUT_ML\features_v2","D:\program_FAERS\output20260601\machine_learning\features_v2_dataset_used_by_ml\quarterly\ther_v2_2025q2.parquet","machine_learning\features_v2_dataset_used_by_ml\quarterly\ther_v2_2025q2.parquet","399603","2026-05-20 12:22:41"
"2026-06-01 15:50:04","D:\program_FAERS\runs\mainline_2026-05-20\OUTPUT_ML\features_v2","D:\program_FAERS\output20260601\machine_learning\features_v2_dataset_used_by_ml\quarterly\ther_v2_2025q3.parquet","machine_learning\features_v2_dataset_used_by_ml\quarterly\ther_v2_2025q3.parquet","443397","2026-05-20 12:22:41"
"2026-06-01 15:50:04","D:\program_FAERS\runs\mainline_2026-05-20\OUTPUT_ML\features_v2","D:\program_FAERS\output20260601\machine_learning\features_v2_dataset_used_by_ml\quarterly\ther_v2_2025q4.parquet","machine_learning\features_v2_dataset_used_by_ml\quarterly\ther_v2_2025q4.parquet","401154","2026-05-20 12:22:41"
"2026-06-01 15:50:04","D:\program_FAERS\archive_old_outputs\old_precleanup_results_20260529\OUTPUT_GLOBAL\analysis_v2","D:\program_FAERS\output20260601\signal_analysis_ror_prr_ic_ebgm\analysis_v2_20260528_archived\adjusted_primary.csv","signal_analysis_ror_prr_ic_ebgm\analysis_v2_20260528_archived\adjusted_primary.csv","42710","2026-05-28 00:16:04"
"2026-06-01 15:50:04","D:\program_FAERS\archive_old_outputs\old_precleanup_results_20260529\OUTPUT_GLOBAL\analysis_v2","D:\program_FAERS\output20260601\signal_analysis_ror_prr_ic_ebgm\analysis_v2_20260528_archived\adjusted_sensitivity.csv","signal_analysis_ror_prr_ic_ebgm\analysis_v2_20260528_archived\adjusted_sensitivity.csv","44647","2026-05-28 00:16:04"
"2026-06-01 15:50:04","D:\program_FAERS\archive_old_outputs\old_precleanup_results_20260529\OUTPUT_GLOBAL\analysis_v2","D:\program_FAERS\output20260601\signal_analysis_ror_prr_ic_ebgm\analysis_v2_20260528_archived\qc.csv","signal_analysis_ror_prr_ic_ebgm\analysis_v2_20260528_archived\qc.csv","18451","2026-05-28 00:29:47"
"2026-06-01 15:50:04","D:\program_FAERS\archive_old_outputs\old_precleanup_results_20260529\OUTPUT_GLOBAL\analysis_v2","D:\program_FAERS\output20260601\signal_analysis_ror_prr_ic_ebgm\analysis_v2_20260528_archived\qc_adjusted.csv","signal_analysis_ror_prr_ic_ebgm\analysis_v2_20260528_archived\qc_adjusted.csv","2365","2026-05-28 00:16:04"
"2026-06-01 15:50:04","D:\program_FAERS\archive_old_outputs\old_precleanup_results_20260529\OUTPUT_GLOBAL\analysis_v2","D:\program_FAERS\output20260601\signal_analysis_ror_prr_ic_ebgm\analysis_v2_20260528_archived\qc_exploratory.csv","signal_analysis_ror_prr_ic_ebgm\analysis_v2_20260528_archived\qc_exploratory.csv","210","2026-05-28 00:13:42"
"2026-06-01 15:50:04","D:\program_FAERS\archive_old_outputs\old_precleanup_results_20260529\OUTPUT_GLOBAL\analysis_v2","D:\program_FAERS\output20260601\signal_analysis_ror_prr_ic_ebgm\analysis_v2_20260528_archived\qc_sensitivity.csv","signal_analysis_ror_prr_ic_ebgm\analysis_v2_20260528_archived\qc_sensitivity.csv","14732","2026-05-28 00:29:37"
"2026-06-01 15:50:04","D:\program_FAERS\archive_old_outputs\old_precleanup_results_20260529\OUTPUT_GLOBAL\analysis_v2","D:\program_FAERS\output20260601\signal_analysis_ror_prr_ic_ebgm\analysis_v2_20260528_archived\qc_signal.csv","signal_analysis_ror_prr_ic_ebgm\analysis_v2_20260528_archived\qc_signal.csv","342","2026-05-28 00:13:42"
"2026-06-01 15:50:04","D:\program_FAERS\archive_old_outputs\old_precleanup_results_20260529\OUTPUT_GLOBAL\analysis_v2","D:\program_FAERS\output20260601\signal_analysis_ror_prr_ic_ebgm\analysis_v2_20260528_archived\sensitivity_age_comedication.csv","signal_analysis_ror_prr_ic_ebgm\analysis_v2_20260528_archived\sensitivity_age_comedication.csv","4065","2026-05-28 00:29:37"
"2026-06-01 15:50:04","D:\program_FAERS\archive_old_outputs\old_precleanup_results_20260529\OUTPUT_GLOBAL\analysis_v2","D:\program_FAERS\output20260601\signal_analysis_ror_prr_ic_ebgm\analysis_v2_20260528_archived\sensitivity_all_summary.csv","signal_analysis_ror_prr_ic_ebgm\analysis_v2_20260528_archived\sensitivity_all_summary.csv","17103","2026-05-28 00:29:37"
"2026-06-01 15:50:04","D:\program_FAERS\archive_old_outputs\old_precleanup_results_20260529\OUTPUT_GLOBAL\analysis_v2","D:\program_FAERS\output20260601\signal_analysis_ror_prr_ic_ebgm\analysis_v2_20260528_archived\sensitivity_exposure.csv","signal_analysis_ror_prr_ic_ebgm\analysis_v2_20260528_archived\sensitivity_exposure.csv","2211","2026-05-28 00:29:37"
"2026-06-01 15:50:04","D:\program_FAERS\archive_old_outputs\old_precleanup_results_20260529\OUTPUT_GLOBAL\analysis_v2","D:\program_FAERS\output20260601\signal_analysis_ror_prr_ic_ebgm\analysis_v2_20260528_archived\sensitivity_indication.csv","signal_analysis_ror_prr_ic_ebgm\analysis_v2_20260528_archived\sensitivity_indication.csv","1945","2026-05-28 00:29:37"
"2026-06-01 15:50:04","D:\program_FAERS\archive_old_outputs\old_precleanup_results_20260529\OUTPUT_GLOBAL\analysis_v2","D:\program_FAERS\output20260601\signal_analysis_ror_prr_ic_ebgm\analysis_v2_20260528_archived\sensitivity_reporting_country_time.csv","signal_analysis_ror_prr_ic_ebgm\analysis_v2_20260528_archived\sensitivity_reporting_country_time.csv","9632","2026-05-28 00:29:37"
"2026-06-01 15:50:04","D:\program_FAERS\archive_old_outputs\old_precleanup_results_20260529\OUTPUT_GLOBAL\analysis_v2","D:\program_FAERS\output20260601\signal_analysis_ror_prr_ic_ebgm\analysis_v2_20260528_archived\signal_exploratory.csv","signal_analysis_ror_prr_ic_ebgm\analysis_v2_20260528_archived\signal_exploratory.csv","14354","2026-05-28 00:13:42"
"2026-06-01 15:50:04","D:\program_FAERS\archive_old_outputs\old_precleanup_results_20260529\OUTPUT_GLOBAL\analysis_v2","D:\program_FAERS\output20260601\signal_analysis_ror_prr_ic_ebgm\analysis_v2_20260528_archived\signal_primary.csv","signal_analysis_ror_prr_ic_ebgm\analysis_v2_20260528_archived\signal_primary.csv","977","2026-05-28 00:13:42"
"2026-06-01 15:50:04","D:\program_FAERS\archive_old_outputs\old_precleanup_results_20260529\OUTPUT_GLOBAL\analysis_v2","D:\program_FAERS\output20260601\signal_analysis_ror_prr_ic_ebgm\analysis_v2_20260528_archived\signal_sensitivity.csv","signal_analysis_ror_prr_ic_ebgm\analysis_v2_20260528_archived\signal_sensitivity.csv","2163","2026-05-28 00:13:42"
"2026-06-01 15:50:04","D:\program_FAERS\archive_old_outputs\old_precleanup_results_20260529\OUTPUT_GLOBAL\analysis_v2","D:\program_FAERS\output20260601\signal_analysis_ror_prr_ic_ebgm\analysis_v2_20260528_archived\summary_exploratory.csv","signal_analysis_ror_prr_ic_ebgm\analysis_v2_20260528_archived\summary_exploratory.csv","7624","2026-05-28 00:29:47"
"2026-06-01 15:50:04","D:\program_FAERS\archive_old_outputs\old_precleanup_results_20260529\OUTPUT_GLOBAL\analysis_v2","D:\program_FAERS\output20260601\signal_analysis_ror_prr_ic_ebgm\analysis_v2_20260528_archived\summary_primary.csv","signal_analysis_ror_prr_ic_ebgm\analysis_v2_20260528_archived\summary_primary.csv","2505","2026-05-28 00:29:47"
"2026-06-01 15:50:04","D:\program_FAERS\OUTPUT_GLOBAL\pt_cooccurrence_network","D:\program_FAERS\output20260601\pt_cooccurrence_network\pt_cooccurrence_network_20260526_20260527\zolpidem_ps_ss_strict_fall_2004_2025_case_pt.csv","pt_cooccurrence_network\pt_cooccurrence_network_20260526_20260527\zolpidem_ps_ss_strict_fall_2004_2025_case_pt.csv","520590","2026-05-26 16:35:54"
"2026-06-01 15:50:04","D:\program_FAERS\OUTPUT_GLOBAL\pt_cooccurrence_network","D:\program_FAERS\output20260601\pt_cooccurrence_network\pt_cooccurrence_network_20260526_20260527\zolpidem_ps_ss_strict_fall_2004_2025_clusters.csv","pt_cooccurrence_network\pt_cooccurrence_network_20260526_20260527\zolpidem_ps_ss_strict_fall_2004_2025_clusters.csv","245","2026-05-26 16:35:54"
"2026-06-01 15:50:04","D:\program_FAERS\OUTPUT_GLOBAL\pt_cooccurrence_network","D:\program_FAERS\output20260601\pt_cooccurrence_network\pt_cooccurrence_network_20260526_20260527\zolpidem_ps_ss_strict_fall_2004_2025_edges.csv","pt_cooccurrence_network\pt_cooccurrence_network_20260526_20260527\zolpidem_ps_ss_strict_fall_2004_2025_edges.csv","101993","2026-05-26 16:35:54"
"2026-06-01 15:50:04","D:\program_FAERS\OUTPUT_GLOBAL\pt_cooccurrence_network","D:\program_FAERS\output20260601\pt_cooccurrence_network\pt_cooccurrence_network_20260526_20260527\zolpidem_ps_ss_strict_fall_2004_2025_figure_notes.md","pt_cooccurrence_network\pt_cooccurrence_network_20260526_20260527\zolpidem_ps_ss_strict_fall_2004_2025_figure_notes.md","539","2026-05-26 16:35:54"
"2026-06-01 15:50:04","D:\program_FAERS\OUTPUT_GLOBAL\pt_cooccurrence_network","D:\program_FAERS\output20260601\pt_cooccurrence_network\pt_cooccurrence_network_20260526_20260527\zolpidem_ps_ss_strict_fall_2004_2025_jaccard_matrix.csv","pt_cooccurrence_network\pt_cooccurrence_network_20260526_20260527\zolpidem_ps_ss_strict_fall_2004_2025_jaccard_matrix.csv","36791","2026-05-26 16:35:54"
"2026-06-01 15:50:04","D:\program_FAERS\OUTPUT_GLOBAL\pt_cooccurrence_network","D:\program_FAERS\output20260601\pt_cooccurrence_network\pt_cooccurrence_network_20260526_20260527\zolpidem_ps_ss_strict_fall_2004_2025_lift_matrix.csv","pt_cooccurrence_network\pt_cooccurrence_network_20260526_20260527\zolpidem_ps_ss_strict_fall_2004_2025_lift_matrix.csv","39681","2026-05-26 16:35:54"
"2026-06-01 15:50:04","D:\program_FAERS\OUTPUT_GLOBAL\pt_cooccurrence_network","D:\program_FAERS\output20260601\pt_cooccurrence_network\pt_cooccurrence_network_20260526_20260527\zolpidem_ps_ss_strict_fall_2004_2025_network.svg","pt_cooccurrence_network\pt_cooccurrence_network_20260526_20260527\zolpidem_ps_ss_strict_fall_2004_2025_network.svg","128816","2026-05-26 16:35:54"
"2026-06-01 15:50:04","D:\program_FAERS\OUTPUT_GLOBAL\pt_cooccurrence_network","D:\program_FAERS\output20260601\pt_cooccurrence_network\pt_cooccurrence_network_20260526_20260527\zolpidem_ps_ss_strict_fall_2004_2025_nodes.csv","pt_cooccurrence_network\pt_cooccurrence_network_20260526_20260527\zolpidem_ps_ss_strict_fall_2004_2025_nodes.csv","5312","2026-05-26 16:35:54"
"2026-06-01 15:50:04","D:\program_FAERS\OUTPUT_GLOBAL\pt_cooccurrence_network","D:\program_FAERS\output20260601\pt_cooccurrence_network\pt_cooccurrence_network_20260526_20260527\zolpidem_ps_ss_strict_fall_2004_2025_phi_matrix.csv","pt_cooccurrence_network\pt_cooccurrence_network_20260526_20260527\zolpidem_ps_ss_strict_fall_2004_2025_phi_matrix.csv","38159","2026-05-26 16:35:54"
"2026-06-01 15:50:04","D:\program_FAERS\OUTPUT_GLOBAL\pt_cooccurrence_network","D:\program_FAERS\output20260601\pt_cooccurrence_network\pt_cooccurrence_network_20260526_20260527\zolpidem_ps_ss_strict_fall_2004_2025_qc.csv","pt_cooccurrence_network\pt_cooccurrence_network_20260526_20260527\zolpidem_ps_ss_strict_fall_2004_2025_qc.csv","1787","2026-05-26 16:35:54"
"2026-06-01 15:50:04","D:\program_FAERS\OUTPUT_GLOBAL\pt_cooccurrence_network","D:\program_FAERS\output20260601\pt_cooccurrence_network\pt_cooccurrence_network_20260526_20260527\zolpidem_ps_ss_strict_fall_all_top_pt_2004_2025_case_pt.csv","pt_cooccurrence_network\pt_cooccurrence_network_20260526_20260527\zolpidem_ps_ss_strict_fall_all_top_pt_2004_2025_case_pt.csv","523784","2026-05-27 19:17:01"
"2026-06-01 15:50:04","D:\program_FAERS\OUTPUT_GLOBAL\pt_cooccurrence_network","D:\program_FAERS\output20260601\pt_cooccurrence_network\pt_cooccurrence_network_20260526_20260527\zolpidem_ps_ss_strict_fall_all_top_pt_2004_2025_clusters.csv","pt_cooccurrence_network\pt_cooccurrence_network_20260526_20260527\zolpidem_ps_ss_strict_fall_all_top_pt_2004_2025_clusters.csv","610","2026-05-27 19:17:01"
"2026-06-01 15:50:04","D:\program_FAERS\OUTPUT_GLOBAL\pt_cooccurrence_network","D:\program_FAERS\output20260601\pt_cooccurrence_network\pt_cooccurrence_network_20260526_20260527\zolpidem_ps_ss_strict_fall_all_top_pt_2004_2025_edges.csv","pt_cooccurrence_network\pt_cooccurrence_network_20260526_20260527\zolpidem_ps_ss_strict_fall_all_top_pt_2004_2025_edges.csv","100718","2026-05-27 19:17:01"
"2026-06-01 15:50:04","D:\program_FAERS\OUTPUT_GLOBAL\pt_cooccurrence_network","D:\program_FAERS\output20260601\pt_cooccurrence_network\pt_cooccurrence_network_20260526_20260527\zolpidem_ps_ss_strict_fall_all_top_pt_2004_2025_figure_notes.md","pt_cooccurrence_network\pt_cooccurrence_network_20260526_20260527\zolpidem_ps_ss_strict_fall_all_top_pt_2004_2025_figure_notes.md","574","2026-05-27 19:17:06"
"2026-06-01 15:50:04","D:\program_FAERS\OUTPUT_GLOBAL\pt_cooccurrence_network","D:\program_FAERS\output20260601\pt_cooccurrence_network\pt_cooccurrence_network_20260526_20260527\zolpidem_ps_ss_strict_fall_all_top_pt_2004_2025_jaccard_matrix.csv","pt_cooccurrence_network\pt_cooccurrence_network_20260526_20260527\zolpidem_ps_ss_strict_fall_all_top_pt_2004_2025_jaccard_matrix.csv","35675","2026-05-27 19:17:01"
"2026-06-01 15:50:04","D:\program_FAERS\OUTPUT_GLOBAL\pt_cooccurrence_network","D:\program_FAERS\output20260601\pt_cooccurrence_network\pt_cooccurrence_network_20260526_20260527\zolpidem_ps_ss_strict_fall_all_top_pt_2004_2025_lift_matrix.csv","pt_cooccurrence_network\pt_cooccurrence_network_20260526_20260527\zolpidem_ps_ss_strict_fall_all_top_pt_2004_2025_lift_matrix.csv","39821","2026-05-27 19:17:01"
"2026-06-01 15:50:04","D:\program_FAERS\OUTPUT_GLOBAL\pt_cooccurrence_network","D:\program_FAERS\output20260601\pt_cooccurrence_network\pt_cooccurrence_network_20260526_20260527\zolpidem_ps_ss_strict_fall_all_top_pt_2004_2025_network.pdf","pt_cooccurrence_network\pt_cooccurrence_network_20260526_20260527\zolpidem_ps_ss_strict_fall_all_top_pt_2004_2025_network.pdf","64657","2026-05-27 19:17:06"
"2026-06-01 15:50:04","D:\program_FAERS\OUTPUT_GLOBAL\pt_cooccurrence_network","D:\program_FAERS\output20260601\pt_cooccurrence_network\pt_cooccurrence_network_20260526_20260527\zolpidem_ps_ss_strict_fall_all_top_pt_2004_2025_network.png","pt_cooccurrence_network\pt_cooccurrence_network_20260526_20260527\zolpidem_ps_ss_strict_fall_all_top_pt_2004_2025_network.png","1843035","2026-05-27 19:17:04"
"2026-06-01 15:50:04","D:\program_FAERS\OUTPUT_GLOBAL\pt_cooccurrence_network","D:\program_FAERS\output20260601\pt_cooccurrence_network\pt_cooccurrence_network_20260526_20260527\zolpidem_ps_ss_strict_fall_all_top_pt_2004_2025_network.svg","pt_cooccurrence_network\pt_cooccurrence_network_20260526_20260527\zolpidem_ps_ss_strict_fall_all_top_pt_2004_2025_network.svg","381842","2026-05-27 19:17:03"
"2026-06-01 15:50:04","D:\program_FAERS\OUTPUT_GLOBAL\pt_cooccurrence_network","D:\program_FAERS\output20260601\pt_cooccurrence_network\pt_cooccurrence_network_20260526_20260527\zolpidem_ps_ss_strict_fall_all_top_pt_2004_2025_nodes.csv","pt_cooccurrence_network\pt_cooccurrence_network_20260526_20260527\zolpidem_ps_ss_strict_fall_all_top_pt_2004_2025_nodes.csv","5825","2026-05-27 19:17:01"
"2026-06-01 15:50:04","D:\program_FAERS\OUTPUT_GLOBAL\pt_cooccurrence_network","D:\program_FAERS\output20260601\pt_cooccurrence_network\pt_cooccurrence_network_20260526_20260527\zolpidem_ps_ss_strict_fall_all_top_pt_2004_2025_phi_matrix.csv","pt_cooccurrence_network\pt_cooccurrence_network_20260526_20260527\zolpidem_ps_ss_strict_fall_all_top_pt_2004_2025_phi_matrix.csv","38821","2026-05-27 19:17:01"
"2026-06-01 15:50:04","D:\program_FAERS\OUTPUT_GLOBAL\pt_cooccurrence_network","D:\program_FAERS\output20260601\pt_cooccurrence_network\pt_cooccurrence_network_20260526_20260527\zolpidem_ps_ss_strict_fall_all_top_pt_2004_2025_qc.csv","pt_cooccurrence_network\pt_cooccurrence_network_20260526_20260527\zolpidem_ps_ss_strict_fall_all_top_pt_2004_2025_qc.csv","1790","2026-05-27 19:17:01"
"2026-06-01 15:50:04","D:\program_FAERS\OUTPUT_GLOBAL\pt_cooccurrence_network","D:\program_FAERS\output20260601\pt_cooccurrence_network\pt_cooccurrence_network_20260526_20260527\zolpidem_ps_ss_strict_fall_phenotype_dictionary_2004_2025_case_pt.csv","pt_cooccurrence_network\pt_cooccurrence_network_20260526_20260527\zolpidem_ps_ss_strict_fall_phenotype_dictionary_2004_2025_case_pt.csv","523784","2026-05-27 19:20:16"
"2026-06-01 15:50:04","D:\program_FAERS\OUTPUT_GLOBAL\pt_cooccurrence_network","D:\program_FAERS\output20260601\pt_cooccurrence_network\pt_cooccurrence_network_20260526_20260527\zolpidem_ps_ss_strict_fall_phenotype_dictionary_2004_2025_clusters.csv","pt_cooccurrence_network\pt_cooccurrence_network_20260526_20260527\zolpidem_ps_ss_strict_fall_phenotype_dictionary_2004_2025_clusters.csv","1386","2026-05-27 19:20:17"
"2026-06-01 15:50:04","D:\program_FAERS\OUTPUT_GLOBAL\pt_cooccurrence_network","D:\program_FAERS\output20260601\pt_cooccurrence_network\pt_cooccurrence_network_20260526_20260527\zolpidem_ps_ss_strict_fall_phenotype_dictionary_2004_2025_edges.csv","pt_cooccurrence_network\pt_cooccurrence_network_20260526_20260527\zolpidem_ps_ss_strict_fall_phenotype_dictionary_2004_2025_edges.csv","14766","2026-05-27 19:20:17"
"2026-06-01 15:50:04","D:\program_FAERS\OUTPUT_GLOBAL\pt_cooccurrence_network","D:\program_FAERS\output20260601\pt_cooccurrence_network\pt_cooccurrence_network_20260526_20260527\zolpidem_ps_ss_strict_fall_phenotype_dictionary_2004_2025_figure_notes.md","pt_cooccurrence_network\pt_cooccurrence_network_20260526_20260527\zolpidem_ps_ss_strict_fall_phenotype_dictionary_2004_2025_figure_notes.md","584","2026-05-27 19:20:18"
"2026-06-01 15:50:04","D:\program_FAERS\OUTPUT_GLOBAL\pt_cooccurrence_network","D:\program_FAERS\output20260601\pt_cooccurrence_network\pt_cooccurrence_network_20260526_20260527\zolpidem_ps_ss_strict_fall_phenotype_dictionary_2004_2025_jaccard_matrix.csv","pt_cooccurrence_network\pt_cooccurrence_network_20260526_20260527\zolpidem_ps_ss_strict_fall_phenotype_dictionary_2004_2025_jaccard_matrix.csv","9227","2026-05-27 19:20:17"
"2026-06-01 15:50:04","D:\program_FAERS\OUTPUT_GLOBAL\pt_cooccurrence_network","D:\program_FAERS\output20260601\pt_cooccurrence_network\pt_cooccurrence_network_20260526_20260527\zolpidem_ps_ss_strict_fall_phenotype_dictionary_2004_2025_lift_matrix.csv","pt_cooccurrence_network\pt_cooccurrence_network_20260526_20260527\zolpidem_ps_ss_strict_fall_phenotype_dictionary_2004_2025_lift_matrix.csv","9025","2026-05-27 19:20:17"
"2026-06-01 15:50:04","D:\program_FAERS\OUTPUT_GLOBAL\pt_cooccurrence_network","D:\program_FAERS\output20260601\pt_cooccurrence_network\pt_cooccurrence_network_20260526_20260527\zolpidem_ps_ss_strict_fall_phenotype_dictionary_2004_2025_network.pdf","pt_cooccurrence_network\pt_cooccurrence_network_20260526_20260527\zolpidem_ps_ss_strict_fall_phenotype_dictionary_2004_2025_network.pdf","49606","2026-05-27 19:20:18"
"2026-06-01 15:50:04","D:\program_FAERS\OUTPUT_GLOBAL\pt_cooccurrence_network","D:\program_FAERS\output20260601\pt_cooccurrence_network\pt_cooccurrence_network_20260526_20260527\zolpidem_ps_ss_strict_fall_phenotype_dictionary_2004_2025_network.png","pt_cooccurrence_network\pt_cooccurrence_network_20260526_20260527\zolpidem_ps_ss_strict_fall_phenotype_dictionary_2004_2025_network.png","1291146","2026-05-27 19:20:18"
"2026-06-01 15:50:04","D:\program_FAERS\OUTPUT_GLOBAL\pt_cooccurrence_network","D:\program_FAERS\output20260601\pt_cooccurrence_network\pt_cooccurrence_network_20260526_20260527\zolpidem_ps_ss_strict_fall_phenotype_dictionary_2004_2025_network.svg","pt_cooccurrence_network\pt_cooccurrence_network_20260526_20260527\zolpidem_ps_ss_strict_fall_phenotype_dictionary_2004_2025_network.svg","211568","2026-05-27 19:20:17"
"2026-06-01 15:50:04","D:\program_FAERS\OUTPUT_GLOBAL\pt_cooccurrence_network","D:\program_FAERS\output20260601\pt_cooccurrence_network\pt_cooccurrence_network_20260526_20260527\zolpidem_ps_ss_strict_fall_phenotype_dictionary_2004_2025_nodes.csv","pt_cooccurrence_network\pt_cooccurrence_network_20260526_20260527\zolpidem_ps_ss_strict_fall_phenotype_dictionary_2004_2025_nodes.csv","4722","2026-05-27 19:20:16"
"2026-06-01 15:50:04","D:\program_FAERS\OUTPUT_GLOBAL\pt_cooccurrence_network","D:\program_FAERS\output20260601\pt_cooccurrence_network\pt_cooccurrence_network_20260526_20260527\zolpidem_ps_ss_strict_fall_phenotype_dictionary_2004_2025_phi_matrix.csv","pt_cooccurrence_network\pt_cooccurrence_network_20260526_20260527\zolpidem_ps_ss_strict_fall_phenotype_dictionary_2004_2025_phi_matrix.csv","9517","2026-05-27 19:20:17"
"2026-06-01 15:50:04","D:\program_FAERS\OUTPUT_GLOBAL\pt_cooccurrence_network","D:\program_FAERS\output20260601\pt_cooccurrence_network\pt_cooccurrence_network_20260526_20260527\zolpidem_ps_ss_strict_fall_phenotype_dictionary_2004_2025_qc.csv","pt_cooccurrence_network\pt_cooccurrence_network_20260526_20260527\zolpidem_ps_ss_strict_fall_phenotype_dictionary_2004_2025_qc.csv","1790","2026-05-27 19:20:17"
"2026-06-01 15:50:04","D:\program_FAERS\OUTPUT_GLOBAL_COUNTRY\regulatory_trend","D:\program_FAERS\output20260601\regulatory_trend_ror\regulatory_trend_current\annual_trend.csv","regulatory_trend_ror\regulatory_trend_current\annual_trend.csv","25884","2026-05-27 17:42:02"
"2026-06-01 15:50:04","D:\program_FAERS\OUTPUT_GLOBAL_COUNTRY\regulatory_trend","D:\program_FAERS\output20260601\regulatory_trend_ror\regulatory_trend_current\annual_trend_qc.csv","regulatory_trend_ror\regulatory_trend_current\annual_trend_qc.csv","1348","2026-05-27 17:42:02"
"2026-06-01 15:50:04","D:\program_FAERS\OUTPUT_GLOBAL_COUNTRY\regulatory_trend","D:\program_FAERS\output20260601\regulatory_trend_ror\regulatory_trend_current\event_period_comparison.csv","regulatory_trend_ror\regulatory_trend_current\event_period_comparison.csv","8117","2026-05-27 17:42:02"
"2026-06-01 15:50:04","D:\program_FAERS\OUTPUT_GLOBAL_COUNTRY\regulatory_trend","D:\program_FAERS\output20260601\regulatory_trend_ror\regulatory_trend_current\paper_regulatory_trend_summary.csv","regulatory_trend_ror\regulatory_trend_current\paper_regulatory_trend_summary.csv","2545","2026-05-27 17:42:02"
"2026-06-01 15:50:04","D:\program_FAERS\OUTPUT_GLOBAL_COUNTRY\regulatory_trend","D:\program_FAERS\output20260601\regulatory_trend_ror\regulatory_trend_current\rolling_trend.csv","regulatory_trend_ror\regulatory_trend_current\rolling_trend.csv","24805","2026-05-27 17:42:02"
"2026-06-01 15:50:04","D:\program_FAERS\OUTPUT_GLOBAL_COUNTRY\regulatory_trend","D:\program_FAERS\output20260601\regulatory_trend_ror\regulatory_trend_current\figures\annual_reporting_rate.png","regulatory_trend_ror\regulatory_trend_current\figures\annual_reporting_rate.png","11645","2026-05-27 17:42:02"
"2026-06-01 15:50:04","D:\program_FAERS\OUTPUT_GLOBAL_COUNTRY\regulatory_trend","D:\program_FAERS\output20260601\regulatory_trend_ror\regulatory_trend_current\figures\annual_ror.png","regulatory_trend_ror\regulatory_trend_current\figures\annual_ror.png","12886","2026-05-27 17:42:02"
"2026-06-01 15:50:04","D:\program_FAERS\OUTPUT_GLOBAL_COUNTRY\regulatory_trend","D:\program_FAERS\output20260601\regulatory_trend_ror\regulatory_trend_current\figures\figure_notes.md","regulatory_trend_ror\regulatory_trend_current\figures\figure_notes.md","385","2026-05-27 17:42:02"
"2026-06-01 15:50:04","D:\program_FAERS\OUTPUT","D:\program_FAERS\output20260601\signal_analysis_ror_prr_ic_ebgm\trend_2004_2025.csv","signal_analysis_ror_prr_ic_ebgm\trend_2004_2025.csv","17305","2026-05-27 17:34:17"
