pt1,pt2,co_count,pt1_case_count,pt2_case_count,jaccard,lift,phi,community_id_pt1,community_id_pt2,same_community
CONFUSIONAL STATE,FALL,216,216,1043,0.20709491850431447,1.0,0.0,1,1,True
FALL,NAUSEA,128,1043,128,0.12272291466922339,1.0,0.0,1,1,True
DIZZINESS,FALL,122,122,1043,0.11697027804410355,1.0,0.0,1,1,True
FALL,PAIN,116,1043,116,0.1112176414189837,1.0,0.0,1,1,True
ANXIETY,FALL,115,115,1043,0.11025886864813039,1.0,0.0,1,1,True
FALL,MALAISE,108,1043,108,0.10354745925215723,1.0,0.0,1,1,True
DYSARTHRIA,FALL,95,95,1043,0.09108341323106424,1.0,0.0,1,1,True
FALL,HEADACHE,95,1043,95,0.09108341323106424,1.0,0.0,1,1,True
FALL,MOTOR DYSFUNCTION,95,1043,95,0.09108341323106424,1.0,0.0,1,1,True
ANXIETY,NAUSEA,94,115,128,0.6308724832214765,6.660461956521739,0.7452830527039132,1,1,True
FALL,MUSCULAR WEAKNESS,94,1043,94,0.09012464046021093,1.0,0.0,1,1,True
ANXIETY,PAIN,91,115,116,0.65,7.114917541229385,0.7614732730235034,1,1,True
FALL,HYPOTENSION,90,1043,90,0.0862895493767977,1.0,0.0,1,1,True
MOTOR DYSFUNCTION,NAUSEA,89,95,128,0.664179104477612,7.633799342105263,0.7854425101450716,1,1,True
ANXIETY,CONFUSIONAL STATE,89,115,216,0.3677685950413223,3.736996779388084,0.49240600345336977,1,1,True
CONFUSIONAL STATE,NAUSEA,89,216,128,0.34901960784313724,3.3574580439814814,0.4506221453608615,1,1,True
FALL,FATIGUE,88,1043,88,0.08437200383509108,1.0,0.0,1,1,True
FALL,VOMITING,86,1043,86,0.08245445829338446,1.0,0.0,1,1,True
FALL,PYREXIA,85,1043,85,0.08149568552253116,1.0,0.0,1,1,True
FALL,GASTROINTESTINAL DISORDER,84,1043,84,0.08053691275167785,1.0,0.0,1,1,True
NAUSEA,VOMITING,83,128,86,0.6335877862595419,7.864189680232558,0.7696211082805421,1,1,True
HEADACHE,NAUSEA,83,95,128,0.5928571428571429,7.119161184210526,0.7245093004250144,1,1,True
AFFECT LABILITY,ANXIETY,82,82,115,0.7130434782608696,9.069565217391304,0.82979401918978,1,1,True
AFFECT LABILITY,NAUSEA,82,82,128,0.640625,8.1484375,0.7809995696436451,1,1,True
HEADACHE,PAIN,82,95,116,0.6356589147286822,7.76098003629764,0.7571055243111926,1,1,True
AFFECT LABILITY,CONFUSIONAL STATE,82,82,216,0.37962962962962965,4.828703703703703,0.5715722184819504,1,1,True
AFFECT LABILITY,FALL,82,82,1043,0.07861936720997123,1.0,0.0,1,1,True
HEADACHE,VOMITING,81,95,86,0.81,10.340636474908202,0.8863951292863813,1,1,True
NAUSEA,PAIN,81,128,116,0.49693251533742333,5.689857219827586,0.6205020010480848,1,1,True
FALL,PNEUMONIA,81,1043,81,0.07766059443911794,1.0,0.0,1,1,True
PAIN,VOMITING,79,116,86,0.6422764227642277,8.259522854851644,0.769822253321059,1,1,True
HEADACHE,MALAISE,79,95,108,0.6370967741935484,8.030896686159844,0.7564398896931044,1,1,True
GASTROINTESTINAL DISORDER,NAUSEA,79,84,128,0.5939849624060151,7.663411458333333,0.7376008500324971,1,1,True
GASTROINTESTINAL DISORDER,MOTOR DYSFUNCTION,78,84,95,0.7722772277227723,10.194736842105263,0.8614444502382314,1,1,True
ANXIETY,VOMITING,78,115,86,0.6341463414634146,8.22588473205258,0.7625340093673234,1,1,True
ANXIETY,MUSCULAR WEAKNESS,78,115,94,0.5954198473282443,7.525809435707678,0.7230030679893366,1,1,True
ANXIETY,HEADACHE,78,115,95,0.5909090909090909,7.446590389016018,0.7183939106054344,1,1,True
MUSCULAR WEAKNESS,NAUSEA,78,94,128,0.5416666666666666,6.761469414893617,0.678201145730789,1,1,True
MALAISE,PAIN,78,108,116,0.5342465753424658,6.493773946360153,0.6604896024819333,1,1,True
MALAISE,NAUSEA,78,108,128,0.4936708860759494,5.884982638888889,0.6209598702978666,1,1,True
CONFUSIONAL STATE,DYSARTHRIA,78,216,95,0.33476394849785407,3.964619883040936,0.4796238509704527,1,1,True
COORDINATION ABNORMAL,FALL,78,78,1043,0.07478427612655801,1.0,0.0,1,1,True
FALL,SYNCOPE,78,1043,78,0.07478427612655801,1.0,0.0,1,1,True
PYREXIA,VOMITING,77,85,86,0.8191489361702128,10.986456908344733,0.8917259340665933,1,1,True
HEADACHE,PYREXIA,77,95,85,0.7475728155339806,9.945634674922601,0.8435202260313096,1,1,True
MUSCULAR WEAKNESS,VOMITING,77,94,86,0.7475728155339806,9.934562097971302,0.842941331670086,1,1,True
HEADACHE,MUSCULAR WEAKNESS,77,95,94,0.6875,8.993393057110863,0.7963786773896959,1,1,True
MALAISE,PYREXIA,77,108,85,0.6637931034482759,8.748474945533768,0.7844206422418013,1,1,True
MALAISE,VOMITING,77,108,86,0.6581196581196581,8.646748492678725,0.7790693794884777,1,1,True
ANXIETY,PYREXIA,77,115,85,0.6260162601626016,8.215959079283888,0.756651159802068,1,1,True
PAIN,PYREXIA,77,116,85,0.6209677419354839,8.145131845841785,0.7528805590551296,1,1,True
ANXIETY,FATIGUE,77,115,88,0.6111111111111112,7.935869565217391,0.7411660191185412,1,1,True
MUSCULAR WEAKNESS,PAIN,77,94,116,0.5789473684210527,7.365278796771827,0.7086591165254483,1,1,True
NAUSEA,PYREXIA,77,128,85,0.5661764705882353,7.381525735294118,0.7109608249722849,1,1,True
ANXIETY,MALAISE,77,115,108,0.5273972602739726,6.466264090177134,0.653990762734316,1,1,True
CONFUSIONAL STATE,FATIGUE,77,216,88,0.3392070484581498,4.2251157407407405,0.5003329168316714,1,1,True
COORDINATION ABNORMAL,DYSARTHRIA,76,78,95,0.7835051546391752,10.697435897435897,0.8727667573446783,1,1,True
MUSCULAR WEAKNESS,PYREXIA,76,94,85,0.7378640776699029,9.92090112640801,0.8363080070369272,1,1,True
FATIGUE,HEADACHE,76,88,95,0.7102803738317757,9.481818181818182,0.8150537367326534,1,1,True
MALAISE,MUSCULAR WEAKNESS,76,108,94,0.6031746031746031,7.808116627265563,0.7282221420057741,1,1,True
DYSARTHRIA,MALAISE,76,95,108,0.5984251968503937,7.725925925925926,0.7236287052128831,1,1,True
CONFUSIONAL STATE,PYREXIA,76,216,85,0.3377777777777778,4.317429193899782,0.505012922652195,1,1,True
CONFUSIONAL STATE,HEADACHE,76,216,95,0.32340425531914896,3.862962962962963,0.4631775322486135,1,1,True
CONFUSIONAL STATE,MALAISE,76,216,108,0.3064516129032258,3.3979766803840876,0.4165097272923299,1,1,True
APHASIA,FALL,76,76,1043,0.0728667305848514,1.0,0.0,1,1,True
FATIGUE,MUSCULAR WEAKNESS,75,88,94,0.7009345794392523,9.456600580270793,0.80791614970108,1,1,True
DYSARTHRIA,FATIGUE,75,95,88,0.6944444444444444,9.357057416267942,0.8030649477749595,1,1,True
FATIGUE,NAUSEA,75,88,128,0.5319148936170213,6.944691051136363,0.6749372180470041,1,1,True
CONFUSIONAL STATE,PAIN,75,216,116,0.2918287937743191,3.122006704980843,0.38362773720308385,1,1,True
CEREBROVASCULAR ACCIDENT,FALL,75,75,1043,0.07190795781399809,1.0,0.0,1,1,True
DYSPHAGIA,FALL,75,75,1043,0.07190795781399809,1.0,0.0,1,1,True
EATING DISORDER,FALL,75,75,1043,0.07190795781399809,1.0,0.0,1,1,True
CEREBROVASCULAR ACCIDENT,FATIGUE,74,75,88,0.8314606741573034,11.694242424242423,0.9036133281706784,1,1,True
CEREBROVASCULAR ACCIDENT,DYSARTHRIA,74,75,95,0.7708333333333334,10.832561403508771,0.86639762724223,1,1,True
FATIGUE,PYREXIA,74,88,85,0.7474747474747475,10.318449197860962,0.8425777771129819,1,1,True
FATIGUE,VOMITING,74,88,86,0.74,10.198467230443974,0.8370441635281821,1,1,True
MALAISE,PNEUMONIA,74,108,81,0.6434782608695652,8.822816643804298,0.7714791562310012,1,1,True
DYSARTHRIA,HEADACHE,74,95,95,0.6379310344827587,8.55202216066482,0.7567954696868754,1,1,True
ANXIETY,COORDINATION ABNORMAL,74,115,78,0.6218487394957983,8.604459308807135,0.7610740549637987,1,1,True
FATIGUE,MALAISE,74,88,108,0.6065573770491803,8.121001683501683,0.734660704656018,1,1,True
FATIGUE,PAIN,74,88,116,0.5692307692307692,7.560932601880878,0.7045216673608701,1,1,True
ANXIETY,DYSARTHRIA,74,115,95,0.5441176470588235,7.064713958810069,0.6758384377881878,1,1,True
MOTOR DYSFUNCTION,PAIN,74,95,116,0.5401459854014599,7.003811252268602,0.6723165342318353,1,1,True
CONFUSIONAL STATE,EATING DISORDER,74,216,75,0.34101382488479265,4.764320987654321,0.5354929073371263,1,1,True
CONFUSIONAL STATE,COORDINATION ABNORMAL,74,216,78,0.33636363636363636,4.581077872744539,0.5203212112736372,1,1,True
CONFUSIONAL STATE,MUSCULAR WEAKNESS,74,216,94,0.3135593220338983,3.801319936958235,0.45057558323559993,1,1,True
CYSTITIS,FALL,74,74,1043,0.07094918504314478,1.0,0.0,1,1,True
FALL,NASOPHARYNGITIS,74,1043,74,0.07094918504314478,1.0,0.0,1,1,True
DYSPHAGIA,MUSCLE SPASTICITY,73,75,73,0.9733333333333334,13.906666666666666,0.9855589583992932,1,1,True
CEREBROVASCULAR ACCIDENT,CYSTITIS,73,75,74,0.9605263157894737,13.71873873873874,0.9783426142492578,1,1,True
CEREBROVASCULAR ACCIDENT,NASOPHARYNGITIS,73,75,74,0.9605263157894737,13.71873873873874,0.9783426142492578,1,1,True
CYSTITIS,DYSPHAGIA,73,74,75,0.9605263157894737,13.71873873873874,0.9783426142492578,1,1,True
CYSTITIS,EATING DISORDER,73,74,75,0.9605263157894737,13.71873873873874,0.9783426142492578,1,1,True
CEREBROVASCULAR ACCIDENT,DYSPHAGIA,73,75,75,0.948051948051948,13.535822222222222,0.971267217630854,1,1,True
CEREBROVASCULAR ACCIDENT,EATING DISORDER,73,75,75,0.948051948051948,13.535822222222222,0.971267217630854,1,1,True
DYSPHAGIA,EATING DISORDER,73,75,75,0.948051948051948,13.535822222222222,0.971267217630854,1,1,True
COORDINATION ABNORMAL,CYSTITIS,73,78,74,0.9240506329113924,13.19109494109494,0.9578121227218084,1,1,True
CEREBROVASCULAR ACCIDENT,COORDINATION ABNORMAL,73,75,78,0.9125,13.015213675213674,0.9508414295113387,1,1,True
COORDINATION ABNORMAL,DYSPHAGIA,73,78,75,0.9125,13.015213675213674,0.9508414295113387,1,1,True
COORDINATION ABNORMAL,EATING DISORDER,73,78,75,0.9125,13.015213675213674,0.9508414295113387,1,1,True
NASOPHARYNGITIS,PYREXIA,73,74,85,0.8488372093023255,12.104769475357712,0.9140926714471354,1,1,True
APHASIA,PYREXIA,73,76,85,0.8295454545454546,11.786222910216718,0.900719694196553,1,1,True
DYSPHAGIA,VOMITING,73,75,86,0.8295454545454546,11.804496124031008,0.9015518892619273,1,1,True
FATIGUE,SNEEZING,73,88,73,0.8295454545454546,11.852272727272727,0.9037242013205598,1,1,True
CYSTITIS,FATIGUE,73,74,88,0.8202247191011236,11.692106879606879,0.8969266185595096,1,1,True
FATIGUE,NASOPHARYNGITIS,73,88,74,0.8202247191011236,11.692106879606879,0.8969266185595096,1,1,True
DYSPHAGIA,FATIGUE,73,75,88,0.8111111111111111,11.536212121212122,0.8902605087367998,1,1,True
EATING DISORDER,FATIGUE,73,75,88,0.8111111111111111,11.536212121212122,0.8902605087367998,1,1,True
COORDINATION ABNORMAL,FATIGUE,73,78,88,0.7849462365591398,11.092511655011656,0.871008823594399,1,1,True
CYSTITIS,DYSARTHRIA,73,74,95,0.7604166666666666,10.83058321479374,0.8599850254268808,1,1,True
DYSARTHRIA,NASOPHARYNGITIS,73,95,74,0.7604166666666666,10.83058321479374,0.8599850254268808,1,1,True
HEADACHE,NASOPHARYNGITIS,73,95,74,0.7604166666666666,10.83058321479374,0.8599850254268808,1,1,True
CEREBROVASCULAR ACCIDENT,HEADACHE,73,75,95,0.7525773195876289,10.686175438596491,0.8534988059222528,1,1,True
DYSARTHRIA,DYSPHAGIA,73,95,75,0.7525773195876289,10.686175438596491,0.8534988059222528,1,1,True
DYSARTHRIA,EATING DISORDER,73,95,75,0.7525773195876289,10.686175438596491,0.8534988059222528,1,1,True
MUSCULAR WEAKNESS,PNEUMONIA,73,94,81,0.7156862745098039,9.99986866298923,0.821905649669305,1,1,True
MOTOR DYSFUNCTION,PYREXIA,73,95,85,0.6822429906542056,9.428978328173375,0.7948026007059508,1,1,True
MALAISE,MUSCLE SPASTICITY,73,108,73,0.6759259259259259,9.657407407407407,0.8071783236215371,1,1,True
MOTOR DYSFUNCTION,VOMITING,73,95,86,0.6759259259259259,9.319339045287638,0.7894774224898256,1,1,True
MALAISE,NASOPHARYNGITIS,73,108,74,0.6697247706422018,9.526901901901901,0.8008502404366183,1,1,True
CEREBROVASCULAR ACCIDENT,MALAISE,73,75,108,0.6636363636363637,9.399876543209876,0.7946427555199068,1,1,True
DYSPHAGIA,MALAISE,73,75,108,0.6636363636363637,9.399876543209876,0.7946427555199068,1,1,True
ANXIETY,SNEEZING,73,115,73,0.6347826086956522,9.069565217391304,0.7792927409864607,1,1,True
MOTOR DYSFUNCTION,MUSCULAR WEAKNESS,73,95,94,0.6293103448275862,8.526203807390818,0.7498327920410763,1,1,True
HEADACHE,MOTOR DYSFUNCTION,73,95,95,0.6239316239316239,8.43645429362881,0.7452143015767266,1,1,True
ANXIETY,APHASIA,73,115,76,0.6186440677966102,8.711556064073227,0.7610453057111973,1,1,True
PAIN,PNEUMONIA,73,116,81,0.5887096774193549,8.103341847594722,0.7291331040890722,1,1,True
DYSPHAGIA,NAUSEA,73,75,128,0.5615384615384615,7.931145833333333,0.7215931925551227,1,1,True
MALAISE,MOTOR DYSFUNCTION,73,108,95,0.5615384615384615,7.420955165692008,0.6908175207326618,1,1,True
NAUSEA,PNEUMONIA,73,128,81,0.5367647058823529,7.343653549382716,0.6884760986052573,1,1,True
ANXIETY,MOTOR DYSFUNCTION,73,115,95,0.5328467153284672,6.969244851258582,0.665199569583876,1,1,True
CONFUSIONAL STATE,CYSTITIS,73,216,74,0.33640552995391704,4.763450950950951,0.531513564460409,1,1,True
CEREBROVASCULAR ACCIDENT,CONFUSIONAL STATE,73,75,216,0.3348623853211009,4.699938271604938,0.5263341538959039,1,1,True
CONFUSIONAL STATE,DYSPHAGIA,73,216,75,0.3348623853211009,4.699938271604938,0.5263341538959039,1,1,True
APHASIA,CONFUSIONAL STATE,73,76,216,0.3333333333333333,4.638096978557505,0.5212450593365943,1,1,True
CONFUSIONAL STATE,PNEUMONIA,73,216,81,0.32589285714285715,4.351794695930498,0.49705735399410483,1,1,True
CONFUSIONAL STATE,VOMITING,73,216,86,0.31877729257641924,4.0987833763996555,0.47474302751813985,1,1,True
FALL,MUSCLE SPASTICITY,73,1043,73,0.06999041227229147,1.0,0.0,1,1,True
FALL,PSORIASIS,73,1043,73,0.06999041227229147,1.0,0.0,1,1,True
FALL,SKIN EXFOLIATION,73,1043,73,0.06999041227229147,1.0,0.0,1,1,True
FALL,SNEEZING,73,1043,73,0.06999041227229147,1.0,0.0,1,1,True
ADJUSTMENT DISORDER,CAROTID ARTERY THROMBOSIS,72,72,72,1.0,14.48611111111111,1.0,1,1,True
ADJUSTMENT DISORDER,HEMIPARESIS,72,72,72,1.0,14.48611111111111,1.0,1,1,True
ADJUSTMENT DISORDER,HEMIPLEGIA,72,72,72,1.0,14.48611111111111,1.0,1,1,True
ADJUSTMENT DISORDER,INFLUENZA,72,72,72,1.0,14.48611111111111,1.0,1,1,True
ADJUSTMENT DISORDER,INFLUENZA LIKE ILLNESS,72,72,72,1.0,14.48611111111111,1.0,1,1,True
ADJUSTMENT DISORDER,NEUROLOGIC NEGLECT SYNDROME,72,72,72,1.0,14.48611111111111,1.0,1,1,True
ADJUSTMENT DISORDER,PERSONALITY DISORDER,72,72,72,1.0,14.48611111111111,1.0,1,1,True
ADJUSTMENT DISORDER,RESPIRATORY TRACT CONGESTION,72,72,72,1.0,14.48611111111111,1.0,1,1,True
ADJUSTMENT DISORDER,RHINORRHOEA,72,72,72,1.0,14.48611111111111,1.0,1,1,True
ADJUSTMENT DISORDER,SENSORY LOSS,72,72,72,1.0,14.48611111111111,1.0,1,1,True
ADJUSTMENT DISORDER,SINUS CONGESTION,72,72,72,1.0,14.48611111111111,1.0,1,1,True
ADJUSTMENT DISORDER,SINUS DISORDER,72,72,72,1.0,14.48611111111111,1.0,1,1,True
ADJUSTMENT DISORDER,SKIN HAEMORRHAGE,72,72,72,1.0,14.48611111111111,1.0,1,1,True
CAROTID ARTERY THROMBOSIS,HEMIPARESIS,72,72,72,1.0,14.48611111111111,1.0,1,1,True
CAROTID ARTERY THROMBOSIS,HEMIPLEGIA,72,72,72,1.0,14.48611111111111,1.0,1,1,True
CAROTID ARTERY THROMBOSIS,INFLUENZA,72,72,72,1.0,14.48611111111111,1.0,1,1,True
CAROTID ARTERY THROMBOSIS,INFLUENZA LIKE ILLNESS,72,72,72,1.0,14.48611111111111,1.0,1,1,True
CAROTID ARTERY THROMBOSIS,NEUROLOGIC NEGLECT SYNDROME,72,72,72,1.0,14.48611111111111,1.0,1,1,True
CAROTID ARTERY THROMBOSIS,PERSONALITY DISORDER,72,72,72,1.0,14.48611111111111,1.0,1,1,True
CAROTID ARTERY THROMBOSIS,RESPIRATORY TRACT CONGESTION,72,72,72,1.0,14.48611111111111,1.0,1,1,True
CAROTID ARTERY THROMBOSIS,RHINORRHOEA,72,72,72,1.0,14.48611111111111,1.0,1,1,True
CAROTID ARTERY THROMBOSIS,SENSORY LOSS,72,72,72,1.0,14.48611111111111,1.0,1,1,True
CAROTID ARTERY THROMBOSIS,SINUS CONGESTION,72,72,72,1.0,14.48611111111111,1.0,1,1,True
CAROTID ARTERY THROMBOSIS,SINUS DISORDER,72,72,72,1.0,14.48611111111111,1.0,1,1,True
CAROTID ARTERY THROMBOSIS,SKIN HAEMORRHAGE,72,72,72,1.0,14.48611111111111,1.0,1,1,True
HEMIPARESIS,HEMIPLEGIA,72,72,72,1.0,14.48611111111111,1.0,1,1,True
HEMIPARESIS,INFLUENZA,72,72,72,1.0,14.48611111111111,1.0,1,1,True
HEMIPARESIS,INFLUENZA LIKE ILLNESS,72,72,72,1.0,14.48611111111111,1.0,1,1,True
HEMIPARESIS,NEUROLOGIC NEGLECT SYNDROME,72,72,72,1.0,14.48611111111111,1.0,1,1,True
HEMIPARESIS,PERSONALITY DISORDER,72,72,72,1.0,14.48611111111111,1.0,1,1,True
HEMIPARESIS,RESPIRATORY TRACT CONGESTION,72,72,72,1.0,14.48611111111111,1.0,1,1,True
HEMIPARESIS,RHINORRHOEA,72,72,72,1.0,14.48611111111111,1.0,1,1,True
HEMIPARESIS,SENSORY LOSS,72,72,72,1.0,14.48611111111111,1.0,1,1,True
HEMIPARESIS,SINUS CONGESTION,72,72,72,1.0,14.48611111111111,1.0,1,1,True
HEMIPARESIS,SINUS DISORDER,72,72,72,1.0,14.48611111111111,1.0,1,1,True
HEMIPARESIS,SKIN HAEMORRHAGE,72,72,72,1.0,14.48611111111111,1.0,1,1,True
HEMIPLEGIA,INFLUENZA,72,72,72,1.0,14.48611111111111,1.0,1,1,True
HEMIPLEGIA,INFLUENZA LIKE ILLNESS,72,72,72,1.0,14.48611111111111,1.0,1,1,True
HEMIPLEGIA,NEUROLOGIC NEGLECT SYNDROME,72,72,72,1.0,14.48611111111111,1.0,1,1,True
HEMIPLEGIA,PERSONALITY DISORDER,72,72,72,1.0,14.48611111111111,1.0,1,1,True
HEMIPLEGIA,RESPIRATORY TRACT CONGESTION,72,72,72,1.0,14.48611111111111,1.0,1,1,True
HEMIPLEGIA,RHINORRHOEA,72,72,72,1.0,14.48611111111111,1.0,1,1,True
HEMIPLEGIA,SENSORY LOSS,72,72,72,1.0,14.48611111111111,1.0,1,1,True
HEMIPLEGIA,SINUS CONGESTION,72,72,72,1.0,14.48611111111111,1.0,1,1,True
HEMIPLEGIA,SINUS DISORDER,72,72,72,1.0,14.48611111111111,1.0,1,1,True
HEMIPLEGIA,SKIN HAEMORRHAGE,72,72,72,1.0,14.48611111111111,1.0,1,1,True
INFLUENZA,INFLUENZA LIKE ILLNESS,72,72,72,1.0,14.48611111111111,1.0,1,1,True
INFLUENZA,NEUROLOGIC NEGLECT SYNDROME,72,72,72,1.0,14.48611111111111,1.0,1,1,True
INFLUENZA,PERSONALITY DISORDER,72,72,72,1.0,14.48611111111111,1.0,1,1,True
INFLUENZA,RESPIRATORY TRACT CONGESTION,72,72,72,1.0,14.48611111111111,1.0,1,1,True
INFLUENZA,RHINORRHOEA,72,72,72,1.0,14.48611111111111,1.0,1,1,True
INFLUENZA,SENSORY LOSS,72,72,72,1.0,14.48611111111111,1.0,1,1,True
INFLUENZA,SINUS CONGESTION,72,72,72,1.0,14.48611111111111,1.0,1,1,True
INFLUENZA,SINUS DISORDER,72,72,72,1.0,14.48611111111111,1.0,1,1,True
INFLUENZA,SKIN HAEMORRHAGE,72,72,72,1.0,14.48611111111111,1.0,1,1,True
INFLUENZA LIKE ILLNESS,NEUROLOGIC NEGLECT SYNDROME,72,72,72,1.0,14.48611111111111,1.0,1,1,True
INFLUENZA LIKE ILLNESS,PERSONALITY DISORDER,72,72,72,1.0,14.48611111111111,1.0,1,1,True
INFLUENZA LIKE ILLNESS,RESPIRATORY TRACT CONGESTION,72,72,72,1.0,14.48611111111111,1.0,1,1,True
INFLUENZA LIKE ILLNESS,RHINORRHOEA,72,72,72,1.0,14.48611111111111,1.0,1,1,True
INFLUENZA LIKE ILLNESS,SENSORY LOSS,72,72,72,1.0,14.48611111111111,1.0,1,1,True
INFLUENZA LIKE ILLNESS,SINUS CONGESTION,72,72,72,1.0,14.48611111111111,1.0,1,1,True
INFLUENZA LIKE ILLNESS,SINUS DISORDER,72,72,72,1.0,14.48611111111111,1.0,1,1,True
INFLUENZA LIKE ILLNESS,SKIN HAEMORRHAGE,72,72,72,1.0,14.48611111111111,1.0,1,1,True
NEUROLOGIC NEGLECT SYNDROME,PERSONALITY DISORDER,72,72,72,1.0,14.48611111111111,1.0,1,1,True
NEUROLOGIC NEGLECT SYNDROME,RESPIRATORY TRACT CONGESTION,72,72,72,1.0,14.48611111111111,1.0,1,1,True
NEUROLOGIC NEGLECT SYNDROME,RHINORRHOEA,72,72,72,1.0,14.48611111111111,1.0,1,1,True
NEUROLOGIC NEGLECT SYNDROME,SENSORY LOSS,72,72,72,1.0,14.48611111111111,1.0,1,1,True
NEUROLOGIC NEGLECT SYNDROME,SINUS CONGESTION,72,72,72,1.0,14.48611111111111,1.0,1,1,True
NEUROLOGIC NEGLECT SYNDROME,SINUS DISORDER,72,72,72,1.0,14.48611111111111,1.0,1,1,True
NEUROLOGIC NEGLECT SYNDROME,SKIN HAEMORRHAGE,72,72,72,1.0,14.48611111111111,1.0,1,1,True
PERSONALITY DISORDER,RESPIRATORY TRACT CONGESTION,72,72,72,1.0,14.48611111111111,1.0,1,1,True
PERSONALITY DISORDER,RHINORRHOEA,72,72,72,1.0,14.48611111111111,1.0,1,1,True
PERSONALITY DISORDER,SENSORY LOSS,72,72,72,1.0,14.48611111111111,1.0,1,1,True
PERSONALITY DISORDER,SINUS CONGESTION,72,72,72,1.0,14.48611111111111,1.0,1,1,True
PERSONALITY DISORDER,SINUS DISORDER,72,72,72,1.0,14.48611111111111,1.0,1,1,True
PERSONALITY DISORDER,SKIN HAEMORRHAGE,72,72,72,1.0,14.48611111111111,1.0,1,1,True
RESPIRATORY TRACT CONGESTION,RHINORRHOEA,72,72,72,1.0,14.48611111111111,1.0,1,1,True
RESPIRATORY TRACT CONGESTION,SENSORY LOSS,72,72,72,1.0,14.48611111111111,1.0,1,1,True
RESPIRATORY TRACT CONGESTION,SINUS CONGESTION,72,72,72,1.0,14.48611111111111,1.0,1,1,True
RESPIRATORY TRACT CONGESTION,SINUS DISORDER,72,72,72,1.0,14.48611111111111,1.0,1,1,True
RESPIRATORY TRACT CONGESTION,SKIN HAEMORRHAGE,72,72,72,1.0,14.48611111111111,1.0,1,1,True
RHINORRHOEA,SENSORY LOSS,72,72,72,1.0,14.48611111111111,1.0,1,1,True
RHINORRHOEA,SINUS CONGESTION,72,72,72,1.0,14.48611111111111,1.0,1,1,True
RHINORRHOEA,SINUS DISORDER,72,72,72,1.0,14.48611111111111,1.0,1,1,True
RHINORRHOEA,SKIN HAEMORRHAGE,72,72,72,1.0,14.48611111111111,1.0,1,1,True
SENSORY LOSS,SINUS CONGESTION,72,72,72,1.0,14.48611111111111,1.0,1,1,True
SENSORY LOSS,SINUS DISORDER,72,72,72,1.0,14.48611111111111,1.0,1,1,True
SENSORY LOSS,SKIN HAEMORRHAGE,72,72,72,1.0,14.48611111111111,1.0,1,1,True
SINUS CONGESTION,SINUS DISORDER,72,72,72,1.0,14.48611111111111,1.0,1,1,True
SINUS CONGESTION,SKIN HAEMORRHAGE,72,72,72,1.0,14.48611111111111,1.0,1,1,True
SINUS DISORDER,SKIN HAEMORRHAGE,72,72,72,1.0,14.48611111111111,1.0,1,1,True
ADJUSTMENT DISORDER,MUSCLE SPASTICITY,72,72,73,0.9863013698630136,14.287671232876713,0.992615540630229,1,1,True
ADJUSTMENT DISORDER,PSORIASIS,72,72,73,0.9863013698630136,14.287671232876713,0.992615540630229,1,1,True
ADJUSTMENT DISORDER,SKIN EXFOLIATION,72,72,73,0.9863013698630136,14.287671232876713,0.992615540630229,1,1,True
ADJUSTMENT DISORDER,SNEEZING,72,72,73,0.9863013698630136,14.287671232876713,0.992615540630229,1,1,True
CAROTID ARTERY THROMBOSIS,MUSCLE SPASTICITY,72,72,73,0.9863013698630136,14.287671232876713,0.992615540630229,1,1,True
CAROTID ARTERY THROMBOSIS,PSORIASIS,72,72,73,0.9863013698630136,14.287671232876713,0.992615540630229,1,1,True
CAROTID ARTERY THROMBOSIS,SKIN EXFOLIATION,72,72,73,0.9863013698630136,14.287671232876713,0.992615540630229,1,1,True
CAROTID ARTERY THROMBOSIS,SNEEZING,72,72,73,0.9863013698630136,14.287671232876713,0.992615540630229,1,1,True
HEMIPARESIS,MUSCLE SPASTICITY,72,72,73,0.9863013698630136,14.287671232876713,0.992615540630229,1,1,True
HEMIPARESIS,PSORIASIS,72,72,73,0.9863013698630136,14.287671232876713,0.992615540630229,1,1,True
HEMIPARESIS,SKIN EXFOLIATION,72,72,73,0.9863013698630136,14.287671232876713,0.992615540630229,1,1,True
HEMIPARESIS,SNEEZING,72,72,73,0.9863013698630136,14.287671232876713,0.992615540630229,1,1,True
HEMIPLEGIA,MUSCLE SPASTICITY,72,72,73,0.9863013698630136,14.287671232876713,0.992615540630229,1,1,True
HEMIPLEGIA,PSORIASIS,72,72,73,0.9863013698630136,14.287671232876713,0.992615540630229,1,1,True
HEMIPLEGIA,SKIN EXFOLIATION,72,72,73,0.9863013698630136,14.287671232876713,0.992615540630229,1,1,True
HEMIPLEGIA,SNEEZING,72,72,73,0.9863013698630136,14.287671232876713,0.992615540630229,1,1,True
INFLUENZA,MUSCLE SPASTICITY,72,72,73,0.9863013698630136,14.287671232876713,0.992615540630229,1,1,True
INFLUENZA,PSORIASIS,72,72,73,0.9863013698630136,14.287671232876713,0.992615540630229,1,1,True
INFLUENZA,SKIN EXFOLIATION,72,72,73,0.9863013698630136,14.287671232876713,0.992615540630229,1,1,True
INFLUENZA,SNEEZING,72,72,73,0.9863013698630136,14.287671232876713,0.992615540630229,1,1,True
INFLUENZA LIKE ILLNESS,MUSCLE SPASTICITY,72,72,73,0.9863013698630136,14.287671232876713,0.992615540630229,1,1,True
INFLUENZA LIKE ILLNESS,PSORIASIS,72,72,73,0.9863013698630136,14.287671232876713,0.992615540630229,1,1,True
INFLUENZA LIKE ILLNESS,SKIN EXFOLIATION,72,72,73,0.9863013698630136,14.287671232876713,0.992615540630229,1,1,True
INFLUENZA LIKE ILLNESS,SNEEZING,72,72,73,0.9863013698630136,14.287671232876713,0.992615540630229,1,1,True
MUSCLE SPASTICITY,NEUROLOGIC NEGLECT SYNDROME,72,73,72,0.9863013698630136,14.287671232876713,0.992615540630229,1,1,True
MUSCLE SPASTICITY,PERSONALITY DISORDER,72,73,72,0.9863013698630136,14.287671232876713,0.992615540630229,1,1,True
MUSCLE SPASTICITY,RESPIRATORY TRACT CONGESTION,72,73,72,0.9863013698630136,14.287671232876713,0.992615540630229,1,1,True
MUSCLE SPASTICITY,RHINORRHOEA,72,73,72,0.9863013698630136,14.287671232876713,0.992615540630229,1,1,True
MUSCLE SPASTICITY,SENSORY LOSS,72,73,72,0.9863013698630136,14.287671232876713,0.992615540630229,1,1,True
MUSCLE SPASTICITY,SINUS CONGESTION,72,73,72,0.9863013698630136,14.287671232876713,0.992615540630229,1,1,True
MUSCLE SPASTICITY,SINUS DISORDER,72,73,72,0.9863013698630136,14.287671232876713,0.992615540630229,1,1,True
MUSCLE SPASTICITY,SKIN HAEMORRHAGE,72,73,72,0.9863013698630136,14.287671232876713,0.992615540630229,1,1,True
NEUROLOGIC NEGLECT SYNDROME,PSORIASIS,72,72,73,0.9863013698630136,14.287671232876713,0.992615540630229,1,1,True
NEUROLOGIC NEGLECT SYNDROME,SKIN EXFOLIATION,72,72,73,0.9863013698630136,14.287671232876713,0.992615540630229,1,1,True
NEUROLOGIC NEGLECT SYNDROME,SNEEZING,72,72,73,0.9863013698630136,14.287671232876713,0.992615540630229,1,1,True
PERSONALITY DISORDER,PSORIASIS,72,72,73,0.9863013698630136,14.287671232876713,0.992615540630229,1,1,True
PERSONALITY DISORDER,SKIN EXFOLIATION,72,72,73,0.9863013698630136,14.287671232876713,0.992615540630229,1,1,True
PERSONALITY DISORDER,SNEEZING,72,72,73,0.9863013698630136,14.287671232876713,0.992615540630229,1,1,True
PSORIASIS,RESPIRATORY TRACT CONGESTION,72,73,72,0.9863013698630136,14.287671232876713,0.992615540630229,1,1,True
PSORIASIS,RHINORRHOEA,72,73,72,0.9863013698630136,14.287671232876713,0.992615540630229,1,1,True
PSORIASIS,SENSORY LOSS,72,73,72,0.9863013698630136,14.287671232876713,0.992615540630229,1,1,True
PSORIASIS,SINUS CONGESTION,72,73,72,0.9863013698630136,14.287671232876713,0.992615540630229,1,1,True
PSORIASIS,SINUS DISORDER,72,73,72,0.9863013698630136,14.287671232876713,0.992615540630229,1,1,True
PSORIASIS,SKIN HAEMORRHAGE,72,73,72,0.9863013698630136,14.287671232876713,0.992615540630229,1,1,True
RESPIRATORY TRACT CONGESTION,SKIN EXFOLIATION,72,72,73,0.9863013698630136,14.287671232876713,0.992615540630229,1,1,True
RESPIRATORY TRACT CONGESTION,SNEEZING,72,72,73,0.9863013698630136,14.287671232876713,0.992615540630229,1,1,True
RHINORRHOEA,SKIN EXFOLIATION,72,72,73,0.9863013698630136,14.287671232876713,0.992615540630229,1,1,True
RHINORRHOEA,SNEEZING,72,72,73,0.9863013698630136,14.287671232876713,0.992615540630229,1,1,True
SENSORY LOSS,SKIN EXFOLIATION,72,72,73,0.9863013698630136,14.287671232876713,0.992615540630229,1,1,True
SENSORY LOSS,SNEEZING,72,72,73,0.9863013698630136,14.287671232876713,0.992615540630229,1,1,True
SINUS CONGESTION,SKIN EXFOLIATION,72,72,73,0.9863013698630136,14.287671232876713,0.992615540630229,1,1,True
SINUS CONGESTION,SNEEZING,72,72,73,0.9863013698630136,14.287671232876713,0.992615540630229,1,1,True
SINUS DISORDER,SKIN EXFOLIATION,72,72,73,0.9863013698630136,14.287671232876713,0.992615540630229,1,1,True
SINUS DISORDER,SNEEZING,72,72,73,0.9863013698630136,14.287671232876713,0.992615540630229,1,1,True
SKIN EXFOLIATION,SKIN HAEMORRHAGE,72,73,72,0.9863013698630136,14.287671232876713,0.992615540630229,1,1,True
SKIN HAEMORRHAGE,SNEEZING,72,72,73,0.9863013698630136,14.287671232876713,0.992615540630229,1,1,True
ADJUSTMENT DISORDER,CYSTITIS,72,72,74,0.972972972972973,14.094594594594595,0.9853775465155181,1,1,True
ADJUSTMENT DISORDER,NASOPHARYNGITIS,72,72,74,0.972972972972973,14.094594594594595,0.9853775465155181,1,1,True
CAROTID ARTERY THROMBOSIS,CYSTITIS,72,72,74,0.972972972972973,14.094594594594595,0.9853775465155181,1,1,True
CAROTID ARTERY THROMBOSIS,NASOPHARYNGITIS,72,72,74,0.972972972972973,14.094594594594595,0.9853775465155181,1,1,True
CYSTITIS,HEMIPARESIS,72,74,72,0.972972972972973,14.094594594594595,0.9853775465155181,1,1,True
CYSTITIS,HEMIPLEGIA,72,74,72,0.972972972972973,14.094594594594595,0.9853775465155181,1,1,True
CYSTITIS,INFLUENZA,72,74,72,0.972972972972973,14.094594594594595,0.9853775465155181,1,1,True
CYSTITIS,INFLUENZA LIKE ILLNESS,72,74,72,0.972972972972973,14.094594594594595,0.9853775465155181,1,1,True
CYSTITIS,NEUROLOGIC NEGLECT SYNDROME,72,74,72,0.972972972972973,14.094594594594595,0.9853775465155181,1,1,True
CYSTITIS,PERSONALITY DISORDER,72,74,72,0.972972972972973,14.094594594594595,0.9853775465155181,1,1,True
CYSTITIS,RESPIRATORY TRACT CONGESTION,72,74,72,0.972972972972973,14.094594594594595,0.9853775465155181,1,1,True
CYSTITIS,RHINORRHOEA,72,74,72,0.972972972972973,14.094594594594595,0.9853775465155181,1,1,True
CYSTITIS,SENSORY LOSS,72,74,72,0.972972972972973,14.094594594594595,0.9853775465155181,1,1,True
CYSTITIS,SINUS CONGESTION,72,74,72,0.972972972972973,14.094594594594595,0.9853775465155181,1,1,True
CYSTITIS,SINUS DISORDER,72,74,72,0.972972972972973,14.094594594594595,0.9853775465155181,1,1,True
CYSTITIS,SKIN HAEMORRHAGE,72,74,72,0.972972972972973,14.094594594594595,0.9853775465155181,1,1,True
HEMIPARESIS,NASOPHARYNGITIS,72,72,74,0.972972972972973,14.094594594594595,0.9853775465155181,1,1,True
HEMIPLEGIA,NASOPHARYNGITIS,72,72,74,0.972972972972973,14.094594594594595,0.9853775465155181,1,1,True
INFLUENZA,NASOPHARYNGITIS,72,72,74,0.972972972972973,14.094594594594595,0.9853775465155181,1,1,True
INFLUENZA LIKE ILLNESS,NASOPHARYNGITIS,72,72,74,0.972972972972973,14.094594594594595,0.9853775465155181,1,1,True
MUSCLE SPASTICITY,PSORIASIS,72,73,73,0.972972972972973,14.091949709138675,0.9852704420279621,1,1,True
MUSCLE SPASTICITY,SKIN EXFOLIATION,72,73,73,0.972972972972973,14.091949709138675,0.9852704420279621,1,1,True
MUSCLE SPASTICITY,SNEEZING,72,73,73,0.972972972972973,14.091949709138675,0.9852704420279621,1,1,True
NASOPHARYNGITIS,NEUROLOGIC NEGLECT SYNDROME,72,74,72,0.972972972972973,14.094594594594595,0.9853775465155181,1,1,True
NASOPHARYNGITIS,PERSONALITY DISORDER,72,74,72,0.972972972972973,14.094594594594595,0.9853775465155181,1,1,True
NASOPHARYNGITIS,RESPIRATORY TRACT CONGESTION,72,74,72,0.972972972972973,14.094594594594595,0.9853775465155181,1,1,True
NASOPHARYNGITIS,RHINORRHOEA,72,74,72,0.972972972972973,14.094594594594595,0.9853775465155181,1,1,True
NASOPHARYNGITIS,SENSORY LOSS,72,74,72,0.972972972972973,14.094594594594595,0.9853775465155181,1,1,True
NASOPHARYNGITIS,SINUS CONGESTION,72,74,72,0.972972972972973,14.094594594594595,0.9853775465155181,1,1,True
NASOPHARYNGITIS,SINUS DISORDER,72,74,72,0.972972972972973,14.094594594594595,0.9853775465155181,1,1,True
NASOPHARYNGITIS,SKIN HAEMORRHAGE,72,74,72,0.972972972972973,14.094594594594595,0.9853775465155181,1,1,True
PSORIASIS,SKIN EXFOLIATION,72,73,73,0.972972972972973,14.091949709138675,0.9852704420279621,1,1,True
PSORIASIS,SNEEZING,72,73,73,0.972972972972973,14.091949709138675,0.9852704420279621,1,1,True
SKIN EXFOLIATION,SNEEZING,72,73,73,0.972972972972973,14.091949709138675,0.9852704420279621,1,1,True
ADJUSTMENT DISORDER,CEREBROVASCULAR ACCIDENT,72,72,75,0.96,13.906666666666666,0.9782811383144797,1,1,True
ADJUSTMENT DISORDER,DYSPHAGIA,72,72,75,0.96,13.906666666666666,0.9782811383144797,1,1,True
ADJUSTMENT DISORDER,EATING DISORDER,72,72,75,0.96,13.906666666666666,0.9782811383144797,1,1,True
CAROTID ARTERY THROMBOSIS,CEREBROVASCULAR ACCIDENT,72,72,75,0.96,13.906666666666666,0.9782811383144797,1,1,True
CAROTID ARTERY THROMBOSIS,DYSPHAGIA,72,72,75,0.96,13.906666666666666,0.9782811383144797,1,1,True
CAROTID ARTERY THROMBOSIS,EATING DISORDER,72,72,75,0.96,13.906666666666666,0.9782811383144797,1,1,True
CEREBROVASCULAR ACCIDENT,HEMIPARESIS,72,75,72,0.96,13.906666666666666,0.9782811383144797,1,1,True
CEREBROVASCULAR ACCIDENT,HEMIPLEGIA,72,75,72,0.96,13.906666666666666,0.9782811383144797,1,1,True
CEREBROVASCULAR ACCIDENT,INFLUENZA,72,75,72,0.96,13.906666666666666,0.9782811383144797,1,1,True
CEREBROVASCULAR ACCIDENT,INFLUENZA LIKE ILLNESS,72,75,72,0.96,13.906666666666666,0.9782811383144797,1,1,True
CEREBROVASCULAR ACCIDENT,NEUROLOGIC NEGLECT SYNDROME,72,75,72,0.96,13.906666666666666,0.9782811383144797,1,1,True
CEREBROVASCULAR ACCIDENT,PERSONALITY DISORDER,72,75,72,0.96,13.906666666666666,0.9782811383144797,1,1,True
CEREBROVASCULAR ACCIDENT,RESPIRATORY TRACT CONGESTION,72,75,72,0.96,13.906666666666666,0.9782811383144797,1,1,True
CEREBROVASCULAR ACCIDENT,RHINORRHOEA,72,75,72,0.96,13.906666666666666,0.9782811383144797,1,1,True
CEREBROVASCULAR ACCIDENT,SENSORY LOSS,72,75,72,0.96,13.906666666666666,0.9782811383144797,1,1,True
CEREBROVASCULAR ACCIDENT,SINUS CONGESTION,72,75,72,0.96,13.906666666666666,0.9782811383144797,1,1,True
CEREBROVASCULAR ACCIDENT,SINUS DISORDER,72,75,72,0.96,13.906666666666666,0.9782811383144797,1,1,True
CEREBROVASCULAR ACCIDENT,SKIN HAEMORRHAGE,72,75,72,0.96,13.906666666666666,0.9782811383144797,1,1,True
CYSTITIS,MUSCLE SPASTICITY,72,74,73,0.96,13.901517956312476,0.9780709172595412,1,1,True
CYSTITIS,PSORIASIS,72,74,73,0.96,13.901517956312476,0.9780709172595412,1,1,True
CYSTITIS,SKIN EXFOLIATION,72,74,73,0.96,13.901517956312476,0.9780709172595412,1,1,True
CYSTITIS,SNEEZING,72,74,73,0.96,13.901517956312476,0.9780709172595412,1,1,True
DYSPHAGIA,HEMIPARESIS,72,75,72,0.96,13.906666666666666,0.9782811383144797,1,1,True
DYSPHAGIA,HEMIPLEGIA,72,75,72,0.96,13.906666666666666,0.9782811383144797,1,1,True
DYSPHAGIA,INFLUENZA,72,75,72,0.96,13.906666666666666,0.9782811383144797,1,1,True
DYSPHAGIA,INFLUENZA LIKE ILLNESS,72,75,72,0.96,13.906666666666666,0.9782811383144797,1,1,True
DYSPHAGIA,NEUROLOGIC NEGLECT SYNDROME,72,75,72,0.96,13.906666666666666,0.9782811383144797,1,1,True
DYSPHAGIA,PERSONALITY DISORDER,72,75,72,0.96,13.906666666666666,0.9782811383144797,1,1,True
DYSPHAGIA,RESPIRATORY TRACT CONGESTION,72,75,72,0.96,13.906666666666666,0.9782811383144797,1,1,True
DYSPHAGIA,RHINORRHOEA,72,75,72,0.96,13.906666666666666,0.9782811383144797,1,1,True
DYSPHAGIA,SENSORY LOSS,72,75,72,0.96,13.906666666666666,0.9782811383144797,1,1,True
DYSPHAGIA,SINUS CONGESTION,72,75,72,0.96,13.906666666666666,0.9782811383144797,1,1,True
DYSPHAGIA,SINUS DISORDER,72,75,72,0.96,13.906666666666666,0.9782811383144797,1,1,True
DYSPHAGIA,SKIN HAEMORRHAGE,72,75,72,0.96,13.906666666666666,0.9782811383144797,1,1,True
EATING DISORDER,HEMIPARESIS,72,75,72,0.96,13.906666666666666,0.9782811383144797,1,1,True
EATING DISORDER,HEMIPLEGIA,72,75,72,0.96,13.906666666666666,0.9782811383144797,1,1,True
EATING DISORDER,INFLUENZA,72,75,72,0.96,13.906666666666666,0.9782811383144797,1,1,True
EATING DISORDER,INFLUENZA LIKE ILLNESS,72,75,72,0.96,13.906666666666666,0.9782811383144797,1,1,True
EATING DISORDER,NEUROLOGIC NEGLECT SYNDROME,72,75,72,0.96,13.906666666666666,0.9782811383144797,1,1,True
EATING DISORDER,PERSONALITY DISORDER,72,75,72,0.96,13.906666666666666,0.9782811383144797,1,1,True
EATING DISORDER,RESPIRATORY TRACT CONGESTION,72,75,72,0.96,13.906666666666666,0.9782811383144797,1,1,True
EATING DISORDER,RHINORRHOEA,72,75,72,0.96,13.906666666666666,0.9782811383144797,1,1,True
EATING DISORDER,SENSORY LOSS,72,75,72,0.96,13.906666666666666,0.9782811383144797,1,1,True
EATING DISORDER,SINUS CONGESTION,72,75,72,0.96,13.906666666666666,0.9782811383144797,1,1,True
EATING DISORDER,SINUS DISORDER,72,75,72,0.96,13.906666666666666,0.9782811383144797,1,1,True
EATING DISORDER,SKIN HAEMORRHAGE,72,75,72,0.96,13.906666666666666,0.9782811383144797,1,1,True
MUSCLE SPASTICITY,NASOPHARYNGITIS,72,73,74,0.96,13.901517956312476,0.9780709172595412,1,1,True
NASOPHARYNGITIS,PSORIASIS,72,74,73,0.96,13.901517956312476,0.9780709172595412,1,1,True
NASOPHARYNGITIS,SKIN EXFOLIATION,72,74,73,0.96,13.901517956312476,0.9780709172595412,1,1,True
NASOPHARYNGITIS,SNEEZING,72,74,73,0.96,13.901517956312476,0.9780709172595412,1,1,True
ADJUSTMENT DISORDER,APHASIA,72,72,76,0.9473684210526315,13.723684210526315,0.9713216617076271,1,1,True
APHASIA,CAROTID ARTERY THROMBOSIS,72,76,72,0.9473684210526315,13.723684210526315,0.9713216617076271,1,1,True
APHASIA,HEMIPARESIS,72,76,72,0.9473684210526315,13.723684210526315,0.9713216617076271,1,1,True
APHASIA,HEMIPLEGIA,72,76,72,0.9473684210526315,13.723684210526315,0.9713216617076271,1,1,True
APHASIA,INFLUENZA,72,76,72,0.9473684210526315,13.723684210526315,0.9713216617076271,1,1,True
APHASIA,INFLUENZA LIKE ILLNESS,72,76,72,0.9473684210526315,13.723684210526315,0.9713216617076271,1,1,True
APHASIA,NEUROLOGIC NEGLECT SYNDROME,72,76,72,0.9473684210526315,13.723684210526315,0.9713216617076271,1,1,True
APHASIA,PERSONALITY DISORDER,72,76,72,0.9473684210526315,13.723684210526315,0.9713216617076271,1,1,True
APHASIA,RESPIRATORY TRACT CONGESTION,72,76,72,0.9473684210526315,13.723684210526315,0.9713216617076271,1,1,True
APHASIA,RHINORRHOEA,72,76,72,0.9473684210526315,13.723684210526315,0.9713216617076271,1,1,True
APHASIA,SENSORY LOSS,72,76,72,0.9473684210526315,13.723684210526315,0.9713216617076271,1,1,True
APHASIA,SINUS CONGESTION,72,76,72,0.9473684210526315,13.723684210526315,0.9713216617076271,1,1,True
APHASIA,SINUS DISORDER,72,76,72,0.9473684210526315,13.723684210526315,0.9713216617076271,1,1,True
APHASIA,SKIN HAEMORRHAGE,72,76,72,0.9473684210526315,13.723684210526315,0.9713216617076271,1,1,True
CEREBROVASCULAR ACCIDENT,MUSCLE SPASTICITY,72,75,73,0.9473684210526315,13.716164383561644,0.9710121170994734,1,1,True
CEREBROVASCULAR ACCIDENT,PSORIASIS,72,75,73,0.9473684210526315,13.716164383561644,0.9710121170994734,1,1,True
CEREBROVASCULAR ACCIDENT,SKIN EXFOLIATION,72,75,73,0.9473684210526315,13.716164383561644,0.9710121170994734,1,1,True
CEREBROVASCULAR ACCIDENT,SNEEZING,72,75,73,0.9473684210526315,13.716164383561644,0.9710121170994734,1,1,True
CYSTITIS,NASOPHARYNGITIS,72,74,74,0.9473684210526315,13.713659605551497,0.9709089894848408,1,1,True
DYSPHAGIA,PSORIASIS,72,75,73,0.9473684210526315,13.716164383561644,0.9710121170994734,1,1,True
DYSPHAGIA,SKIN EXFOLIATION,72,75,73,0.9473684210526315,13.716164383561644,0.9710121170994734,1,1,True
DYSPHAGIA,SNEEZING,72,75,73,0.9473684210526315,13.716164383561644,0.9710121170994734,1,1,True
EATING DISORDER,MUSCLE SPASTICITY,72,75,73,0.9473684210526315,13.716164383561644,0.9710121170994734,1,1,True
EATING DISORDER,PSORIASIS,72,75,73,0.9473684210526315,13.716164383561644,0.9710121170994734,1,1,True
EATING DISORDER,SKIN EXFOLIATION,72,75,73,0.9473684210526315,13.716164383561644,0.9710121170994734,1,1,True
EATING DISORDER,SNEEZING,72,75,73,0.9473684210526315,13.716164383561644,0.9710121170994734,1,1,True
APHASIA,MUSCLE SPASTICITY,72,76,73,0.935064935064935,13.535688536409516,0.9640894159434309,1,1,True
APHASIA,PSORIASIS,72,76,73,0.935064935064935,13.535688536409516,0.9640894159434309,1,1,True
APHASIA,SKIN EXFOLIATION,72,76,73,0.935064935064935,13.535688536409516,0.9640894159434309,1,1,True
APHASIA,SNEEZING,72,76,73,0.935064935064935,13.535688536409516,0.9640894159434309,1,1,True
DYSPHAGIA,NASOPHARYNGITIS,72,75,74,0.935064935064935,13.530810810810811,0.9638869434413136,1,1,True
EATING DISORDER,NASOPHARYNGITIS,72,75,74,0.935064935064935,13.530810810810811,0.9638869434413136,1,1,True
ADJUSTMENT DISORDER,COORDINATION ABNORMAL,72,72,78,0.9230769230769231,13.371794871794872,0.9577959329606239,1,1,True
APHASIA,CYSTITIS,72,76,74,0.9230769230769231,13.352773826458037,0.9570001816289712,1,1,True
APHASIA,NASOPHARYNGITIS,72,76,74,0.9230769230769231,13.352773826458037,0.9570001816289712,1,1,True
CAROTID ARTERY THROMBOSIS,COORDINATION ABNORMAL,72,72,78,0.9230769230769231,13.371794871794872,0.9577959329606239,1,1,True
COORDINATION ABNORMAL,HEMIPARESIS,72,78,72,0.9230769230769231,13.371794871794872,0.9577959329606239,1,1,True
COORDINATION ABNORMAL,HEMIPLEGIA,72,78,72,0.9230769230769231,13.371794871794872,0.9577959329606239,1,1,True
COORDINATION ABNORMAL,INFLUENZA,72,78,72,0.9230769230769231,13.371794871794872,0.9577959329606239,1,1,True
COORDINATION ABNORMAL,INFLUENZA LIKE ILLNESS,72,78,72,0.9230769230769231,13.371794871794872,0.9577959329606239,1,1,True
COORDINATION ABNORMAL,NEUROLOGIC NEGLECT SYNDROME,72,78,72,0.9230769230769231,13.371794871794872,0.9577959329606239,1,1,True
COORDINATION ABNORMAL,PERSONALITY DISORDER,72,78,72,0.9230769230769231,13.371794871794872,0.9577959329606239,1,1,True
COORDINATION ABNORMAL,RESPIRATORY TRACT CONGESTION,72,78,72,0.9230769230769231,13.371794871794872,0.9577959329606239,1,1,True
COORDINATION ABNORMAL,RHINORRHOEA,72,78,72,0.9230769230769231,13.371794871794872,0.9577959329606239,1,1,True
COORDINATION ABNORMAL,SENSORY LOSS,72,78,72,0.9230769230769231,13.371794871794872,0.9577959329606239,1,1,True
COORDINATION ABNORMAL,SINUS CONGESTION,72,78,72,0.9230769230769231,13.371794871794872,0.9577959329606239,1,1,True
COORDINATION ABNORMAL,SINUS DISORDER,72,78,72,0.9230769230769231,13.371794871794872,0.9577959329606239,1,1,True
COORDINATION ABNORMAL,SKIN HAEMORRHAGE,72,78,72,0.9230769230769231,13.371794871794872,0.9577959329606239,1,1,True
APHASIA,CEREBROVASCULAR ACCIDENT,72,76,75,0.9113924050632911,13.174736842105263,0.9500491961284135,1,1,True
APHASIA,DYSPHAGIA,72,76,75,0.9113924050632911,13.174736842105263,0.9500491961284135,1,1,True
APHASIA,EATING DISORDER,72,76,75,0.9113924050632911,13.174736842105263,0.9500491961284135,1,1,True
COORDINATION ABNORMAL,MUSCLE SPASTICITY,72,78,73,0.9113924050632911,13.188619599578503,0.9506348486732092,1,1,True
COORDINATION ABNORMAL,PSORIASIS,72,78,73,0.9113924050632911,13.188619599578503,0.9506348486732092,1,1,True
COORDINATION ABNORMAL,SKIN EXFOLIATION,72,78,73,0.9113924050632911,13.188619599578503,0.9506348486732092,1,1,True
COORDINATION ABNORMAL,SNEEZING,72,78,73,0.9113924050632911,13.188619599578503,0.9506348486732092,1,1,True
COORDINATION ABNORMAL,NASOPHARYNGITIS,72,78,74,0.9,13.01039501039501,0.9436151547680964,1,1,True
ADJUSTMENT DISORDER,PNEUMONIA,72,72,81,0.8888888888888888,12.876543209876543,0.9384295178379946,1,1,True
CAROTID ARTERY THROMBOSIS,PNEUMONIA,72,72,81,0.8888888888888888,12.876543209876543,0.9384295178379946,1,1,True
HEMIPARESIS,PNEUMONIA,72,72,81,0.8888888888888888,12.876543209876543,0.9384295178379946,1,1,True
HEMIPLEGIA,PNEUMONIA,72,72,81,0.8888888888888888,12.876543209876543,0.9384295178379946,1,1,True
INFLUENZA,PNEUMONIA,72,72,81,0.8888888888888888,12.876543209876543,0.9384295178379946,1,1,True
INFLUENZA LIKE ILLNESS,PNEUMONIA,72,72,81,0.8888888888888888,12.876543209876543,0.9384295178379946,1,1,True
NEUROLOGIC NEGLECT SYNDROME,PNEUMONIA,72,72,81,0.8888888888888888,12.876543209876543,0.9384295178379946,1,1,True
PERSONALITY DISORDER,PNEUMONIA,72,72,81,0.8888888888888888,12.876543209876543,0.9384295178379946,1,1,True
PNEUMONIA,RESPIRATORY TRACT CONGESTION,72,81,72,0.8888888888888888,12.876543209876543,0.9384295178379946,1,1,True
PNEUMONIA,RHINORRHOEA,72,81,72,0.8888888888888888,12.876543209876543,0.9384295178379946,1,1,True
PNEUMONIA,SENSORY LOSS,72,81,72,0.8888888888888888,12.876543209876543,0.9384295178379946,1,1,True
PNEUMONIA,SINUS CONGESTION,72,81,72,0.8888888888888888,12.876543209876543,0.9384295178379946,1,1,True
PNEUMONIA,SINUS DISORDER,72,81,72,0.8888888888888888,12.876543209876543,0.9384295178379946,1,1,True
PNEUMONIA,SKIN HAEMORRHAGE,72,81,72,0.8888888888888888,12.876543209876543,0.9384295178379946,1,1,True
ADJUSTMENT DISORDER,AFFECT LABILITY,72,72,82,0.8780487804878049,12.71951219512195,0.9322049418466282,1,1,True
AFFECT LABILITY,CAROTID ARTERY THROMBOSIS,72,82,72,0.8780487804878049,12.71951219512195,0.9322049418466282,1,1,True
AFFECT LABILITY,HEMIPARESIS,72,82,72,0.8780487804878049,12.71951219512195,0.9322049418466282,1,1,True
AFFECT LABILITY,HEMIPLEGIA,72,82,72,0.8780487804878049,12.71951219512195,0.9322049418466282,1,1,True
AFFECT LABILITY,INFLUENZA,72,82,72,0.8780487804878049,12.71951219512195,0.9322049418466282,1,1,True
AFFECT LABILITY,INFLUENZA LIKE ILLNESS,72,82,72,0.8780487804878049,12.71951219512195,0.9322049418466282,1,1,True
AFFECT LABILITY,NEUROLOGIC NEGLECT SYNDROME,72,82,72,0.8780487804878049,12.71951219512195,0.9322049418466282,1,1,True
AFFECT LABILITY,PERSONALITY DISORDER,72,82,72,0.8780487804878049,12.71951219512195,0.9322049418466282,1,1,True
AFFECT LABILITY,RESPIRATORY TRACT CONGESTION,72,82,72,0.8780487804878049,12.71951219512195,0.9322049418466282,1,1,True
AFFECT LABILITY,RHINORRHOEA,72,82,72,0.8780487804878049,12.71951219512195,0.9322049418466282,1,1,True
AFFECT LABILITY,SENSORY LOSS,72,82,72,0.8780487804878049,12.71951219512195,0.9322049418466282,1,1,True
AFFECT LABILITY,SINUS CONGESTION,72,82,72,0.8780487804878049,12.71951219512195,0.9322049418466282,1,1,True
AFFECT LABILITY,SINUS DISORDER,72,82,72,0.8780487804878049,12.71951219512195,0.9322049418466282,1,1,True
AFFECT LABILITY,SKIN HAEMORRHAGE,72,82,72,0.8780487804878049,12.71951219512195,0.9322049418466282,1,1,True
APHASIA,COORDINATION ABNORMAL,72,76,78,0.8780487804878049,12.668016194331983,0.9299813237956065,1,1,True
MUSCLE SPASTICITY,PNEUMONIA,72,73,81,0.8780487804878049,12.700152207001523,0.9313695773657644,1,1,True
PNEUMONIA,PSORIASIS,72,81,73,0.8780487804878049,12.700152207001523,0.9313695773657644,1,1,True
PNEUMONIA,SKIN EXFOLIATION,72,81,73,0.8780487804878049,12.700152207001523,0.9313695773657644,1,1,True
PNEUMONIA,SNEEZING,72,81,73,0.8780487804878049,12.700152207001523,0.9313695773657644,1,1,True
AFFECT LABILITY,MUSCLE SPASTICITY,72,82,73,0.8674698795180723,12.54527230203809,0.9251773155492042,1,1,True
AFFECT LABILITY,PSORIASIS,72,82,73,0.8674698795180723,12.54527230203809,0.9251773155492042,1,1,True
AFFECT LABILITY,SKIN EXFOLIATION,72,82,73,0.8674698795180723,12.54527230203809,0.9251773155492042,1,1,True
AFFECT LABILITY,SNEEZING,72,82,73,0.8674698795180723,12.54527230203809,0.9251773155492042,1,1,True
CYSTITIS,PNEUMONIA,72,74,81,0.8674698795180723,12.528528528528529,0.9244487155573021,1,1,True
NASOPHARYNGITIS,PNEUMONIA,72,74,81,0.8674698795180723,12.528528528528529,0.9244487155573021,1,1,True
AFFECT LABILITY,CYSTITIS,72,82,74,0.8571428571428571,12.37574159525379,0.9182880273426965,1,1,True
AFFECT LABILITY,NASOPHARYNGITIS,72,82,74,0.8571428571428571,12.37574159525379,0.9182880273426965,1,1,True
CEREBROVASCULAR ACCIDENT,PNEUMONIA,72,75,81,0.8571428571428571,12.361481481481482,0.9176623027436778,1,1,True
DYSPHAGIA,PNEUMONIA,72,75,81,0.8571428571428571,12.361481481481482,0.9176623027436778,1,1,True
EATING DISORDER,PNEUMONIA,72,75,81,0.8571428571428571,12.361481481481482,0.9176623027436778,1,1,True
ADJUSTMENT DISORDER,PYREXIA,72,72,85,0.8470588235294118,12.270588235294118,0.9141762303658908,1,1,True
AFFECT LABILITY,CEREBROVASCULAR ACCIDENT,72,82,75,0.8470588235294118,12.210731707317073,0.9115324726067563,1,1,True
AFFECT LABILITY,DYSPHAGIA,72,82,75,0.8470588235294118,12.210731707317073,0.9115324726067563,1,1,True
AFFECT LABILITY,EATING DISORDER,72,82,75,0.8470588235294118,12.210731707317073,0.9115324726067563,1,1,True
APHASIA,PNEUMONIA,72,76,81,0.8470588235294118,12.198830409356725,0.9110059226617827,1,1,True
CAROTID ARTERY THROMBOSIS,PYREXIA,72,72,85,0.8470588235294118,12.270588235294118,0.9141762303658908,1,1,True
HEMIPARESIS,PYREXIA,72,72,85,0.8470588235294118,12.270588235294118,0.9141762303658908,1,1,True
HEMIPLEGIA,PYREXIA,72,72,85,0.8470588235294118,12.270588235294118,0.9141762303658908,1,1,True
INFLUENZA,PYREXIA,72,72,85,0.8470588235294118,12.270588235294118,0.9141762303658908,1,1,True
INFLUENZA LIKE ILLNESS,PYREXIA,72,72,85,0.8470588235294118,12.270588235294118,0.9141762303658908,1,1,True
NEUROLOGIC NEGLECT SYNDROME,PYREXIA,72,72,85,0.8470588235294118,12.270588235294118,0.9141762303658908,1,1,True
PERSONALITY DISORDER,PYREXIA,72,72,85,0.8470588235294118,12.270588235294118,0.9141762303658908,1,1,True
PYREXIA,RESPIRATORY TRACT CONGESTION,72,85,72,0.8470588235294118,12.270588235294118,0.9141762303658908,1,1,True
PYREXIA,RHINORRHOEA,72,85,72,0.8470588235294118,12.270588235294118,0.9141762303658908,1,1,True
PYREXIA,SENSORY LOSS,72,85,72,0.8470588235294118,12.270588235294118,0.9141762303658908,1,1,True
PYREXIA,SINUS CONGESTION,72,85,72,0.8470588235294118,12.270588235294118,0.9141762303658908,1,1,True
PYREXIA,SINUS DISORDER,72,85,72,0.8470588235294118,12.270588235294118,0.9141762303658908,1,1,True
PYREXIA,SKIN HAEMORRHAGE,72,85,72,0.8470588235294118,12.270588235294118,0.9141762303658908,1,1,True
ADJUSTMENT DISORDER,VOMITING,72,72,86,0.8372093023255814,12.127906976744185,0.9083712420671435,1,1,True
AFFECT LABILITY,APHASIA,72,82,76,0.8372093023255814,12.050064184852374,0.9049062589609996,1,1,True
CAROTID ARTERY THROMBOSIS,VOMITING,72,72,86,0.8372093023255814,12.127906976744185,0.9083712420671435,1,1,True
HEMIPARESIS,VOMITING,72,72,86,0.8372093023255814,12.127906976744185,0.9083712420671435,1,1,True
HEMIPLEGIA,VOMITING,72,72,86,0.8372093023255814,12.127906976744185,0.9083712420671435,1,1,True
INFLUENZA,VOMITING,72,72,86,0.8372093023255814,12.127906976744185,0.9083712420671435,1,1,True
INFLUENZA LIKE ILLNESS,VOMITING,72,72,86,0.8372093023255814,12.127906976744185,0.9083712420671435,1,1,True
MUSCLE SPASTICITY,PYREXIA,72,73,85,0.8372093023255814,12.102497985495567,0.9072416385614704,1,1,True
NEUROLOGIC NEGLECT SYNDROME,VOMITING,72,72,86,0.8372093023255814,12.127906976744185,0.9083712420671435,1,1,True
PERSONALITY DISORDER,VOMITING,72,72,86,0.8372093023255814,12.127906976744185,0.9083712420671435,1,1,True
PSORIASIS,PYREXIA,72,73,85,0.8372093023255814,12.102497985495567,0.9072416385614704,1,1,True
PYREXIA,SKIN EXFOLIATION,72,85,73,0.8372093023255814,12.102497985495567,0.9072416385614704,1,1,True
PYREXIA,SNEEZING,72,85,73,0.8372093023255814,12.102497985495567,0.9072416385614704,1,1,True
RESPIRATORY TRACT CONGESTION,VOMITING,72,72,86,0.8372093023255814,12.127906976744185,0.9083712420671435,1,1,True
RHINORRHOEA,VOMITING,72,72,86,0.8372093023255814,12.127906976744185,0.9083712420671435,1,1,True
SENSORY LOSS,VOMITING,72,72,86,0.8372093023255814,12.127906976744185,0.9083712420671435,1,1,True
SINUS CONGESTION,VOMITING,72,72,86,0.8372093023255814,12.127906976744185,0.9083712420671435,1,1,True
SINUS DISORDER,VOMITING,72,72,86,0.8372093023255814,12.127906976744185,0.9083712420671435,1,1,True
SKIN HAEMORRHAGE,VOMITING,72,72,86,0.8372093023255814,12.127906976744185,0.9083712420671435,1,1,True
COORDINATION ABNORMAL,PNEUMONIA,72,78,81,0.8275862068965517,11.886039886039885,0.8980665885757163,1,1,True
CYSTITIS,PYREXIA,72,74,85,0.8275862068965517,11.938950715421303,0.9004432468838723,1,1,True
MUSCLE SPASTICITY,VOMITING,72,73,86,0.8275862068965517,11.961771264733992,0.9014664231511491,1,1,True
PSORIASIS,VOMITING,72,73,86,0.8275862068965517,11.961771264733992,0.9014664231511491,1,1,True
SKIN EXFOLIATION,VOMITING,72,73,86,0.8275862068965517,11.961771264733992,0.9014664231511491,1,1,True
SNEEZING,VOMITING,72,73,86,0.8275862068965517,11.961771264733992,0.9014664231511491,1,1,True
ADJUSTMENT DISORDER,FATIGUE,72,72,88,0.8181818181818182,11.852272727272727,0.8970506866744293,1,1,True
AFFECT LABILITY,COORDINATION ABNORMAL,72,82,78,0.8181818181818182,11.74108818011257,0.8920252729310787,1,1,True
CAROTID ARTERY THROMBOSIS,FATIGUE,72,72,88,0.8181818181818182,11.852272727272727,0.8970506866744293,1,1,True
CEREBROVASCULAR ACCIDENT,PYREXIA,72,75,85,0.8181818181818182,11.779764705882354,0.8937765230446726,1,1,True
CYSTITIS,VOMITING,72,74,86,0.8181818181818182,11.80012570710245,0.894697118260511,1,1,True
DYSPHAGIA,PYREXIA,72,75,85,0.8181818181818182,11.779764705882354,0.8937765230446726,1,1,True
EATING DISORDER,PYREXIA,72,75,85,0.8181818181818182,11.779764705882354,0.8937765230446726,1,1,True
FATIGUE,HEMIPARESIS,72,88,72,0.8181818181818182,11.852272727272727,0.8970506866744293,1,1,True
FATIGUE,HEMIPLEGIA,72,88,72,0.8181818181818182,11.852272727272727,0.8970506866744293,1,1,True
FATIGUE,INFLUENZA,72,88,72,0.8181818181818182,11.852272727272727,0.8970506866744293,1,1,True
FATIGUE,INFLUENZA LIKE ILLNESS,72,88,72,0.8181818181818182,11.852272727272727,0.8970506866744293,1,1,True
FATIGUE,NEUROLOGIC NEGLECT SYNDROME,72,88,72,0.8181818181818182,11.852272727272727,0.8970506866744293,1,1,True
FATIGUE,PERSONALITY DISORDER,72,88,72,0.8181818181818182,11.852272727272727,0.8970506866744293,1,1,True
FATIGUE,RESPIRATORY TRACT CONGESTION,72,88,72,0.8181818181818182,11.852272727272727,0.8970506866744293,1,1,True
FATIGUE,RHINORRHOEA,72,88,72,0.8181818181818182,11.852272727272727,0.8970506866744293,1,1,True
FATIGUE,SENSORY LOSS,72,88,72,0.8181818181818182,11.852272727272727,0.8970506866744293,1,1,True
FATIGUE,SINUS CONGESTION,72,88,72,0.8181818181818182,11.852272727272727,0.8970506866744293,1,1,True
FATIGUE,SINUS DISORDER,72,88,72,0.8181818181818182,11.852272727272727,0.8970506866744293,1,1,True
FATIGUE,SKIN HAEMORRHAGE,72,88,72,0.8181818181818182,11.852272727272727,0.8970506866744293,1,1,True
NASOPHARYNGITIS,VOMITING,72,74,86,0.8181818181818182,11.80012570710245,0.894697118260511,1,1,True
CEREBROVASCULAR ACCIDENT,VOMITING,72,75,86,0.8089887640449438,11.64279069767442,0.8880588183253348,1,1,True
EATING DISORDER,VOMITING,72,75,86,0.8089887640449438,11.64279069767442,0.8880588183253348,1,1,True
FATIGUE,MUSCLE SPASTICITY,72,88,73,0.8089887640449438,11.689912826899128,0.8902036628141071,1,1,True
FATIGUE,PSORIASIS,72,88,73,0.8089887640449438,11.689912826899128,0.8902036628141071,1,1,True
FATIGUE,SKIN EXFOLIATION,72,88,73,0.8089887640449438,11.689912826899128,0.8902036628141071,1,1,True
APHASIA,VOMITING,72,76,86,0.8,11.489596083231334,0.8815472220675303,1,1,True
AFFECT LABILITY,PNEUMONIA,72,82,81,0.7912087912087912,11.306233062330623,0.873574935927795,1,1,True
COORDINATION ABNORMAL,PYREXIA,72,78,85,0.7912087912087912,11.326696832579186,0.8745240962536717,1,1,True
APHASIA,FATIGUE,72,76,88,0.782608695652174,11.22846889952153,0.8704500175516846,1,1,True
COORDINATION ABNORMAL,VOMITING,72,78,86,0.782608695652174,11.194991055456171,0.8688879022960747,1,1,True
PNEUMONIA,PYREXIA,72,81,85,0.7659574468085106,10.90718954248366,0.8563122436349732,1,1,True
ADJUSTMENT DISORDER,DYSARTHRIA,72,72,95,0.7578947368421053,10.978947368421053,0.8601991306153156,1,1,True
ADJUSTMENT DISORDER,HEADACHE,72,72,95,0.7578947368421053,10.978947368421053,0.8601991306153156,1,1,True
ADJUSTMENT DISORDER,MOTOR DYSFUNCTION,72,72,95,0.7578947368421053,10.978947368421053,0.8601991306153156,1,1,True
AFFECT LABILITY,PYREXIA,72,82,85,0.7578947368421053,10.774175035868005,0.8504563981559298,1,1,True
CAROTID ARTERY THROMBOSIS,DYSARTHRIA,72,72,95,0.7578947368421053,10.978947368421053,0.8601991306153156,1,1,True
CAROTID ARTERY THROMBOSIS,HEADACHE,72,72,95,0.7578947368421053,10.978947368421053,0.8601991306153156,1,1,True
CAROTID ARTERY THROMBOSIS,MOTOR DYSFUNCTION,72,72,95,0.7578947368421053,10.978947368421053,0.8601991306153156,1,1,True
DYSARTHRIA,HEMIPARESIS,72,95,72,0.7578947368421053,10.978947368421053,0.8601991306153156,1,1,True
DYSARTHRIA,HEMIPLEGIA,72,95,72,0.7578947368421053,10.978947368421053,0.8601991306153156,1,1,True
DYSARTHRIA,INFLUENZA,72,95,72,0.7578947368421053,10.978947368421053,0.8601991306153156,1,1,True
DYSARTHRIA,INFLUENZA LIKE ILLNESS,72,95,72,0.7578947368421053,10.978947368421053,0.8601991306153156,1,1,True
DYSARTHRIA,NEUROLOGIC NEGLECT SYNDROME,72,95,72,0.7578947368421053,10.978947368421053,0.8601991306153156,1,1,True
DYSARTHRIA,PERSONALITY DISORDER,72,95,72,0.7578947368421053,10.978947368421053,0.8601991306153156,1,1,True
DYSARTHRIA,RESPIRATORY TRACT CONGESTION,72,95,72,0.7578947368421053,10.978947368421053,0.8601991306153156,1,1,True
DYSARTHRIA,RHINORRHOEA,72,95,72,0.7578947368421053,10.978947368421053,0.8601991306153156,1,1,True
DYSARTHRIA,SENSORY LOSS,72,95,72,0.7578947368421053,10.978947368421053,0.8601991306153156,1,1,True
DYSARTHRIA,SINUS CONGESTION,72,95,72,0.7578947368421053,10.978947368421053,0.8601991306153156,1,1,True
DYSARTHRIA,SINUS DISORDER,72,95,72,0.7578947368421053,10.978947368421053,0.8601991306153156,1,1,True
DYSARTHRIA,SKIN HAEMORRHAGE,72,95,72,0.7578947368421053,10.978947368421053,0.8601991306153156,1,1,True
HEADACHE,HEMIPARESIS,72,95,72,0.7578947368421053,10.978947368421053,0.8601991306153156,1,1,True
HEADACHE,HEMIPLEGIA,72,95,72,0.7578947368421053,10.978947368421053,0.8601991306153156,1,1,True
HEADACHE,INFLUENZA,72,95,72,0.7578947368421053,10.978947368421053,0.8601991306153156,1,1,True
HEADACHE,INFLUENZA LIKE ILLNESS,72,95,72,0.7578947368421053,10.978947368421053,0.8601991306153156,1,1,True
HEADACHE,NEUROLOGIC NEGLECT SYNDROME,72,95,72,0.7578947368421053,10.978947368421053,0.8601991306153156,1,1,True
HEADACHE,PERSONALITY DISORDER,72,95,72,0.7578947368421053,10.978947368421053,0.8601991306153156,1,1,True
HEADACHE,RESPIRATORY TRACT CONGESTION,72,95,72,0.7578947368421053,10.978947368421053,0.8601991306153156,1,1,True
HEADACHE,RHINORRHOEA,72,95,72,0.7578947368421053,10.978947368421053,0.8601991306153156,1,1,True
HEADACHE,SENSORY LOSS,72,95,72,0.7578947368421053,10.978947368421053,0.8601991306153156,1,1,True
HEADACHE,SINUS CONGESTION,72,95,72,0.7578947368421053,10.978947368421053,0.8601991306153156,1,1,True
HEADACHE,SINUS DISORDER,72,95,72,0.7578947368421053,10.978947368421053,0.8601991306153156,1,1,True
HEADACHE,SKIN HAEMORRHAGE,72,95,72,0.7578947368421053,10.978947368421053,0.8601991306153156,1,1,True
HEMIPARESIS,MOTOR DYSFUNCTION,72,72,95,0.7578947368421053,10.978947368421053,0.8601991306153156,1,1,True
HEMIPLEGIA,MOTOR DYSFUNCTION,72,72,95,0.7578947368421053,10.978947368421053,0.8601991306153156,1,1,True
INFLUENZA,MOTOR DYSFUNCTION,72,72,95,0.7578947368421053,10.978947368421053,0.8601991306153156,1,1,True
INFLUENZA LIKE ILLNESS,MOTOR DYSFUNCTION,72,72,95,0.7578947368421053,10.978947368421053,0.8601991306153156,1,1,True
MOTOR DYSFUNCTION,NEUROLOGIC NEGLECT SYNDROME,72,95,72,0.7578947368421053,10.978947368421053,0.8601991306153156,1,1,True
MOTOR DYSFUNCTION,PERSONALITY DISORDER,72,95,72,0.7578947368421053,10.978947368421053,0.8601991306153156,1,1,True
MOTOR DYSFUNCTION,RESPIRATORY TRACT CONGESTION,72,95,72,0.7578947368421053,10.978947368421053,0.8601991306153156,1,1,True
MOTOR DYSFUNCTION,RHINORRHOEA,72,95,72,0.7578947368421053,10.978947368421053,0.8601991306153156,1,1,True
MOTOR DYSFUNCTION,SENSORY LOSS,72,95,72,0.7578947368421053,10.978947368421053,0.8601991306153156,1,1,True
MOTOR DYSFUNCTION,SINUS CONGESTION,72,95,72,0.7578947368421053,10.978947368421053,0.8601991306153156,1,1,True
MOTOR DYSFUNCTION,SINUS DISORDER,72,95,72,0.7578947368421053,10.978947368421053,0.8601991306153156,1,1,True
MOTOR DYSFUNCTION,SKIN HAEMORRHAGE,72,95,72,0.7578947368421053,10.978947368421053,0.8601991306153156,1,1,True
PNEUMONIA,VOMITING,72,81,86,0.7578947368421053,10.780361757105943,0.8507523334798874,1,1,True
AFFECT LABILITY,VOMITING,72,82,86,0.75,10.648893930799773,0.8449208385176669,1,1,True
DYSARTHRIA,MUSCLE SPASTICITY,72,95,73,0.75,10.828550829127613,0.8535376540533838,1,1,True
DYSARTHRIA,PSORIASIS,72,95,73,0.75,10.828550829127613,0.8535376540533838,1,1,True
DYSARTHRIA,SKIN EXFOLIATION,72,95,73,0.75,10.828550829127613,0.8535376540533838,1,1,True
DYSARTHRIA,SNEEZING,72,95,73,0.75,10.828550829127613,0.8535376540533838,1,1,True
HEADACHE,MUSCLE SPASTICITY,72,95,73,0.75,10.828550829127613,0.8535376540533838,1,1,True
HEADACHE,PSORIASIS,72,95,73,0.75,10.828550829127613,0.8535376540533838,1,1,True
HEADACHE,SKIN EXFOLIATION,72,95,73,0.75,10.828550829127613,0.8535376540533838,1,1,True
HEADACHE,SNEEZING,72,95,73,0.75,10.828550829127613,0.8535376540533838,1,1,True
MOTOR DYSFUNCTION,MUSCLE SPASTICITY,72,95,73,0.75,10.828550829127613,0.8535376540533838,1,1,True
MOTOR DYSFUNCTION,PSORIASIS,72,95,73,0.75,10.828550829127613,0.8535376540533838,1,1,True
MOTOR DYSFUNCTION,SKIN EXFOLIATION,72,95,73,0.75,10.828550829127613,0.8535376540533838,1,1,True
MOTOR DYSFUNCTION,SNEEZING,72,95,73,0.75,10.828550829127613,0.8535376540533838,1,1,True
CYSTITIS,HEADACHE,72,74,95,0.7422680412371134,10.68221906116643,0.847006044664314,1,1,True
CYSTITIS,MOTOR DYSFUNCTION,72,74,95,0.7422680412371134,10.68221906116643,0.847006044664314,1,1,True
FATIGUE,PNEUMONIA,72,88,81,0.7422680412371134,10.535353535353535,0.8399074305135812,1,1,True
MOTOR DYSFUNCTION,NASOPHARYNGITIS,72,95,74,0.7422680412371134,10.68221906116643,0.847006044664314,1,1,True
AFFECT LABILITY,FATIGUE,72,82,88,0.7346938775510204,10.406873614190687,0.8341231828688311,1,1,True
CEREBROVASCULAR ACCIDENT,MOTOR DYSFUNCTION,72,75,95,0.7346938775510204,10.53978947368421,0.8405999846022755,1,1,True
DYSPHAGIA,HEADACHE,72,75,95,0.7346938775510204,10.53978947368421,0.8405999846022755,1,1,True
DYSPHAGIA,MOTOR DYSFUNCTION,72,75,95,0.7346938775510204,10.53978947368421,0.8405999846022755,1,1,True
EATING DISORDER,HEADACHE,72,75,95,0.7346938775510204,10.53978947368421,0.8405999846022755,1,1,True
EATING DISORDER,MOTOR DYSFUNCTION,72,75,95,0.7346938775510204,10.53978947368421,0.8405999846022755,1,1,True
APHASIA,DYSARTHRIA,72,76,95,0.7272727272727273,10.401108033240996,0.8343153549065476,1,1,True
APHASIA,HEADACHE,72,76,95,0.7272727272727273,10.401108033240996,0.8343153549065476,1,1,True
APHASIA,MOTOR DYSFUNCTION,72,76,95,0.7272727272727273,10.401108033240996,0.8343153549065476,1,1,True
COORDINATION ABNORMAL,HEADACHE,72,78,95,0.7128712871287128,10.134412955465587,0.8220948361717818,1,1,True
COORDINATION ABNORMAL,MOTOR DYSFUNCTION,72,78,95,0.7128712871287128,10.134412955465587,0.8220948361717818,1,1,True
DYSARTHRIA,PNEUMONIA,72,95,81,0.6923076923076923,9.75906432748538,0.8045820201709335,1,1,True
HEADACHE,PNEUMONIA,72,95,81,0.6923076923076923,9.75906432748538,0.8045820201709335,1,1,True
MOTOR DYSFUNCTION,PNEUMONIA,72,95,81,0.6923076923076923,9.75906432748538,0.8045820201709335,1,1,True
AFFECT LABILITY,DYSARTHRIA,72,82,95,0.6857142857142857,9.640051347881899,0.798949243439985,1,1,True
AFFECT LABILITY,HEADACHE,72,82,95,0.6857142857142857,9.640051347881899,0.798949243439985,1,1,True
AFFECT LABILITY,MOTOR DYSFUNCTION,72,82,95,0.6857142857142857,9.640051347881899,0.798949243439985,1,1,True
ADJUSTMENT DISORDER,MALAISE,72,72,108,0.6666666666666666,9.657407407407407,0.8012177480865941,1,1,True
CAROTID ARTERY THROMBOSIS,MALAISE,72,72,108,0.6666666666666666,9.657407407407407,0.8012177480865941,1,1,True
DYSARTHRIA,PYREXIA,72,95,85,0.6666666666666666,9.299814241486068,0.782623194374611,1,1,True
HEMIPARESIS,MALAISE,72,72,108,0.6666666666666666,9.657407407407407,0.8012177480865941,1,1,True
HEMIPLEGIA,MALAISE,72,72,108,0.6666666666666666,9.657407407407407,0.8012177480865941,1,1,True
INFLUENZA,MALAISE,72,72,108,0.6666666666666666,9.657407407407407,0.8012177480865941,1,1,True
INFLUENZA LIKE ILLNESS,MALAISE,72,72,108,0.6666666666666666,9.657407407407407,0.8012177480865941,1,1,True
MALAISE,NEUROLOGIC NEGLECT SYNDROME,72,108,72,0.6666666666666666,9.657407407407407,0.8012177480865941,1,1,True
MALAISE,PERSONALITY DISORDER,72,108,72,0.6666666666666666,9.657407407407407,0.8012177480865941,1,1,True
MALAISE,RESPIRATORY TRACT CONGESTION,72,108,72,0.6666666666666666,9.657407407407407,0.8012177480865941,1,1,True
MALAISE,RHINORRHOEA,72,108,72,0.6666666666666666,9.657407407407407,0.8012177480865941,1,1,True
MALAISE,SENSORY LOSS,72,108,72,0.6666666666666666,9.657407407407407,0.8012177480865941,1,1,True
MALAISE,SINUS CONGESTION,72,108,72,0.6666666666666666,9.657407407407407,0.8012177480865941,1,1,True
MALAISE,SINUS DISORDER,72,108,72,0.6666666666666666,9.657407407407407,0.8012177480865941,1,1,True
MALAISE,SKIN HAEMORRHAGE,72,108,72,0.6666666666666666,9.657407407407407,0.8012177480865941,1,1,True
DYSARTHRIA,VOMITING,72,95,86,0.6605504587155964,9.191676866585068,0.7773627091402561,1,1,True
MALAISE,PSORIASIS,72,108,73,0.6605504587155964,9.525114155251142,0.7948438867079445,1,1,True
MALAISE,SKIN EXFOLIATION,72,108,73,0.6605504587155964,9.525114155251142,0.7948438867079445,1,1,True
MALAISE,SNEEZING,72,108,73,0.6605504587155964,9.525114155251142,0.7948438867079445,1,1,True
CYSTITIS,MALAISE,72,74,108,0.6545454545454545,9.396396396396396,0.7885931080496403,1,1,True
EATING DISORDER,MALAISE,72,75,108,0.6486486486486487,9.27111111111111,0.7824613243700184,1,1,True
FATIGUE,MOTOR DYSFUNCTION,72,88,95,0.6486486486486487,8.982775119617225,0.7670985809018779,1,1,True
APHASIA,MALAISE,72,76,108,0.6428571428571429,9.149122807017545,0.7764446360849617,1,1,True
COORDINATION ABNORMAL,MALAISE,72,78,108,0.631578947368421,8.914529914529915,0.7647418228722211,1,1,True
ADJUSTMENT DISORDER,ANXIETY,72,72,115,0.6260869565217392,9.069565217391304,0.7735380854034888,1,1,True
ANXIETY,CAROTID ARTERY THROMBOSIS,72,115,72,0.6260869565217392,9.069565217391304,0.7735380854034888,1,1,True
ANXIETY,HEMIPARESIS,72,115,72,0.6260869565217392,9.069565217391304,0.7735380854034888,1,1,True
ANXIETY,HEMIPLEGIA,72,115,72,0.6260869565217392,9.069565217391304,0.7735380854034888,1,1,True
ANXIETY,INFLUENZA,72,115,72,0.6260869565217392,9.069565217391304,0.7735380854034888,1,1,True
ANXIETY,INFLUENZA LIKE ILLNESS,72,115,72,0.6260869565217392,9.069565217391304,0.7735380854034888,1,1,True
ANXIETY,NEUROLOGIC NEGLECT SYNDROME,72,115,72,0.6260869565217392,9.069565217391304,0.7735380854034888,1,1,True
ANXIETY,PALPITATIONS,72,115,72,0.6260869565217392,9.069565217391304,0.7735380854034888,1,1,True
ANXIETY,PERSONALITY DISORDER,72,115,72,0.6260869565217392,9.069565217391304,0.7735380854034888,1,1,True
ANXIETY,RESPIRATORY TRACT CONGESTION,72,115,72,0.6260869565217392,9.069565217391304,0.7735380854034888,1,1,True
ANXIETY,RHINORRHOEA,72,115,72,0.6260869565217392,9.069565217391304,0.7735380854034888,1,1,True
ANXIETY,SENSORY LOSS,72,115,72,0.6260869565217392,9.069565217391304,0.7735380854034888,1,1,True
ANXIETY,SINUS CONGESTION,72,115,72,0.6260869565217392,9.069565217391304,0.7735380854034888,1,1,True
ANXIETY,SINUS DISORDER,72,115,72,0.6260869565217392,9.069565217391304,0.7735380854034888,1,1,True
ANXIETY,SKIN HAEMORRHAGE,72,115,72,0.6260869565217392,9.069565217391304,0.7735380854034888,1,1,True
ADJUSTMENT DISORDER,PAIN,72,72,116,0.6206896551724138,8.991379310344827,0.7697815640685629,1,1,True
ANXIETY,MUSCLE SPASTICITY,72,115,73,0.6206896551724138,8.945324597974984,0.7672945960754889,1,1,True
ANXIETY,PSORIASIS,72,115,73,0.6206896551724138,8.945324597974984,0.7672945960754889,1,1,True
ANXIETY,SKIN EXFOLIATION,72,115,73,0.6206896551724138,8.945324597974984,0.7672945960754889,1,1,True
CAROTID ARTERY THROMBOSIS,PAIN,72,72,116,0.6206896551724138,8.991379310344827,0.7697815640685629,1,1,True
HEMIPARESIS,PAIN,72,72,116,0.6206896551724138,8.991379310344827,0.7697815640685629,1,1,True
HEMIPLEGIA,PAIN,72,72,116,0.6206896551724138,8.991379310344827,0.7697815640685629,1,1,True
INFLUENZA,PAIN,72,72,116,0.6206896551724138,8.991379310344827,0.7697815640685629,1,1,True
INFLUENZA LIKE ILLNESS,PAIN,72,72,116,0.6206896551724138,8.991379310344827,0.7697815640685629,1,1,True
NEUROLOGIC NEGLECT SYNDROME,PAIN,72,72,116,0.6206896551724138,8.991379310344827,0.7697815640685629,1,1,True
PAIN,PERSONALITY DISORDER,72,116,72,0.6206896551724138,8.991379310344827,0.7697815640685629,1,1,True
PAIN,RESPIRATORY TRACT CONGESTION,72,116,72,0.6206896551724138,8.991379310344827,0.7697815640685629,1,1,True
PAIN,RHINORRHOEA,72,116,72,0.6206896551724138,8.991379310344827,0.7697815640685629,1,1,True
PAIN,SENSORY LOSS,72,116,72,0.6206896551724138,8.991379310344827,0.7697815640685629,1,1,True
PAIN,SINUS CONGESTION,72,116,72,0.6206896551724138,8.991379310344827,0.7697815640685629,1,1,True
PAIN,SINUS DISORDER,72,116,72,0.6206896551724138,8.991379310344827,0.7697815640685629,1,1,True
PAIN,SKIN HAEMORRHAGE,72,116,72,0.6206896551724138,8.991379310344827,0.7697815640685629,1,1,True
ANXIETY,CYSTITIS,72,115,74,0.6153846153846154,8.824441833137485,0.761171063272421,1,1,True
ANXIETY,NASOPHARYNGITIS,72,115,74,0.6153846153846154,8.824441833137485,0.761171063272421,1,1,True
MUSCLE SPASTICITY,PAIN,72,73,116,0.6153846153846154,8.868209730751063,0.7635555147757678,1,1,True
PAIN,PSORIASIS,72,116,73,0.6153846153846154,8.868209730751063,0.7635555147757678,1,1,True
PAIN,SKIN EXFOLIATION,72,116,73,0.6153846153846154,8.868209730751063,0.7635555147757678,1,1,True
PAIN,SNEEZING,72,116,73,0.6153846153846154,8.868209730751063,0.7635555147757678,1,1,True
AFFECT LABILITY,MALAISE,72,82,108,0.6101694915254238,8.479674796747968,0.742564222375008,1,1,True
ANXIETY,CEREBROVASCULAR ACCIDENT,72,115,75,0.6101694915254238,8.706782608695653,0.7551635054438735,1,1,True
ANXIETY,DYSPHAGIA,72,115,75,0.6101694915254238,8.706782608695653,0.7551635054438735,1,1,True
ANXIETY,EATING DISORDER,72,115,75,0.6101694915254238,8.706782608695653,0.7551635054438735,1,1,True
CYSTITIS,PAIN,72,74,116,0.6101694915254238,8.748369058713886,0.7574490009139933,1,1,True
DYSARTHRIA,MOTOR DYSFUNCTION,72,95,95,0.6101694915254238,8.320886426592798,0.7336331334665779,1,1,True
NASOPHARYNGITIS,PAIN,72,74,116,0.6101694915254238,8.748369058713886,0.7574490009139933,1,1,True
CEREBROVASCULAR ACCIDENT,PAIN,72,75,116,0.6050420168067226,8.631724137931034,0.751458055245708,1,1,True
DYSPHAGIA,PAIN,72,75,116,0.6050420168067226,8.631724137931034,0.751458055245708,1,1,True
EATING DISORDER,PAIN,72,75,116,0.6050420168067226,8.631724137931034,0.751458055245708,1,1,True
APHASIA,PAIN,72,76,116,0.6,8.51814882032668,0.7455788930675998,1,1,True
COORDINATION ABNORMAL,PAIN,72,78,116,0.5901639344262295,8.29973474801061,0.7341416297275052,1,1,True
ANXIETY,PNEUMONIA,72,115,81,0.5806451612903226,8.061835748792271,0.7213524606467487,1,1,True
AFFECT LABILITY,PAIN,72,82,116,0.5714285714285714,7.8948696383515555,0.7124598896092285,1,1,True
ADJUSTMENT DISORDER,NAUSEA,72,72,128,0.5625,8.1484375,0.7280516584018958,1,1,True
CAROTID ARTERY THROMBOSIS,NAUSEA,72,72,128,0.5625,8.1484375,0.7280516584018958,1,1,True
HEMIPARESIS,NAUSEA,72,72,128,0.5625,8.1484375,0.7280516584018958,1,1,True
HEMIPLEGIA,NAUSEA,72,72,128,0.5625,8.1484375,0.7280516584018958,1,1,True
INFLUENZA,NAUSEA,72,72,128,0.5625,8.1484375,0.7280516584018958,1,1,True
INFLUENZA LIKE ILLNESS,NAUSEA,72,72,128,0.5625,8.1484375,0.7280516584018958,1,1,True
NAUSEA,NEUROLOGIC NEGLECT SYNDROME,72,128,72,0.5625,8.1484375,0.7280516584018958,1,1,True
NAUSEA,PERSONALITY DISORDER,72,128,72,0.5625,8.1484375,0.7280516584018958,1,1,True
NAUSEA,RESPIRATORY TRACT CONGESTION,72,128,72,0.5625,8.1484375,0.7280516584018958,1,1,True
NAUSEA,RHINORRHOEA,72,128,72,0.5625,8.1484375,0.7280516584018958,1,1,True
NAUSEA,SENSORY LOSS,72,128,72,0.5625,8.1484375,0.7280516584018958,1,1,True
NAUSEA,SINUS CONGESTION,72,128,72,0.5625,8.1484375,0.7280516584018958,1,1,True
NAUSEA,SINUS DISORDER,72,128,72,0.5625,8.1484375,0.7280516584018958,1,1,True
NAUSEA,SKIN HAEMORRHAGE,72,128,72,0.5625,8.1484375,0.7280516584018958,1,1,True
MUSCLE SPASTICITY,NAUSEA,72,73,128,0.5581395348837209,8.036815068493151,0.7220148639649568,1,1,True
NAUSEA,PSORIASIS,72,128,73,0.5581395348837209,8.036815068493151,0.7220148639649568,1,1,True
NAUSEA,SKIN EXFOLIATION,72,128,73,0.5581395348837209,8.036815068493151,0.7220148639649568,1,1,True
NAUSEA,SNEEZING,72,128,73,0.5581395348837209,8.036815068493151,0.7220148639649568,1,1,True
CYSTITIS,NAUSEA,72,74,128,0.5538461538461539,7.92820945945946,0.7160929833333899,1,1,True
NASOPHARYNGITIS,NAUSEA,72,74,128,0.5538461538461539,7.92820945945946,0.7160929833333899,1,1,True
CEREBROVASCULAR ACCIDENT,NAUSEA,72,75,128,0.549618320610687,7.8225,0.7102822065193393,1,1,True
EATING DISORDER,NAUSEA,72,75,128,0.549618320610687,7.8225,0.7102822065193393,1,1,True
APHASIA,NAUSEA,72,76,128,0.5454545454545454,7.719572368421052,0.7045788987241803,1,1,True
COORDINATION ABNORMAL,NAUSEA,72,78,128,0.5373134328358209,7.521634615384615,0.69348096619825,1,1,True
DYSARTHRIA,PAIN,72,95,116,0.5179856115107914,6.814519056261343,0.651119286711996,1,1,True
DYSARTHRIA,NAUSEA,72,95,128,0.4768211920529801,6.175657894736842,0.6127984159382428,1,1,True
ADJUSTMENT DISORDER,CONFUSIONAL STATE,72,72,216,0.3333333333333333,4.828703703703703,0.5328224466911149,1,1,True
CAROTID ARTERY THROMBOSIS,CONFUSIONAL STATE,72,72,216,0.3333333333333333,4.828703703703703,0.5328224466911149,1,1,True
CONFUSIONAL STATE,HEMIPARESIS,72,216,72,0.3333333333333333,4.828703703703703,0.5328224466911149,1,1,True
CONFUSIONAL STATE,HEMIPLEGIA,72,216,72,0.3333333333333333,4.828703703703703,0.5328224466911149,1,1,True
CONFUSIONAL STATE,INFLUENZA,72,216,72,0.3333333333333333,4.828703703703703,0.5328224466911149,1,1,True
CONFUSIONAL STATE,INFLUENZA LIKE ILLNESS,72,216,72,0.3333333333333333,4.828703703703703,0.5328224466911149,1,1,True
CONFUSIONAL STATE,NEUROLOGIC NEGLECT SYNDROME,72,216,72,0.3333333333333333,4.828703703703703,0.5328224466911149,1,1,True
CONFUSIONAL STATE,PERSONALITY DISORDER,72,216,72,0.3333333333333333,4.828703703703703,0.5328224466911149,1,1,True
CONFUSIONAL STATE,RESPIRATORY TRACT CONGESTION,72,216,72,0.3333333333333333,4.828703703703703,0.5328224466911149,1,1,True
CONFUSIONAL STATE,RHINORRHOEA,72,216,72,0.3333333333333333,4.828703703703703,0.5328224466911149,1,1,True
CONFUSIONAL STATE,SENSORY LOSS,72,216,72,0.3333333333333333,4.828703703703703,0.5328224466911149,1,1,True
CONFUSIONAL STATE,SINUS CONGESTION,72,216,72,0.3333333333333333,4.828703703703703,0.5328224466911149,1,1,True
CONFUSIONAL STATE,SINUS DISORDER,72,216,72,0.3333333333333333,4.828703703703703,0.5328224466911149,1,1,True
CONFUSIONAL STATE,SKIN HAEMORRHAGE,72,216,72,0.3333333333333333,4.828703703703703,0.5328224466911149,1,1,True
CONFUSIONAL STATE,MUSCLE SPASTICITY,72,216,73,0.3317972350230415,4.762557077625571,0.5275125308483527,1,1,True
CONFUSIONAL STATE,PSORIASIS,72,216,73,0.3317972350230415,4.762557077625571,0.5275125308483527,1,1,True
CONFUSIONAL STATE,SKIN EXFOLIATION,72,216,73,0.3317972350230415,4.762557077625571,0.5275125308483527,1,1,True
CONFUSIONAL STATE,SNEEZING,72,216,73,0.3317972350230415,4.762557077625571,0.5275125308483527,1,1,True
CONFUSIONAL STATE,NASOPHARYNGITIS,72,216,74,0.3302752293577982,4.698198198198198,0.5222978941465165,1,1,True
CONFUSIONAL STATE,MOTOR DYSFUNCTION,72,216,95,0.301255230125523,3.6596491228070174,0.43028489480493515,1,1,True
ADJUSTMENT DISORDER,FALL,72,72,1043,0.06903163950143816,1.0,0.0,1,1,True
CAROTID ARTERY THROMBOSIS,FALL,72,72,1043,0.06903163950143816,1.0,0.0,1,1,True
FALL,HEMIPARESIS,72,1043,72,0.06903163950143816,1.0,0.0,1,1,True
FALL,HEMIPLEGIA,72,1043,72,0.06903163950143816,1.0,0.0,1,1,True
FALL,HYPONATRAEMIA,72,1043,72,0.06903163950143816,1.0,0.0,1,1,True
FALL,INFLUENZA,72,1043,72,0.06903163950143816,1.0,0.0,1,1,True
FALL,INFLUENZA LIKE ILLNESS,72,1043,72,0.06903163950143816,1.0,0.0,1,1,True
FALL,NEUROLOGIC NEGLECT SYNDROME,72,1043,72,0.06903163950143816,1.0,0.0,1,1,True
FALL,PALPITATIONS,72,1043,72,0.06903163950143816,1.0,0.0,1,1,True
FALL,PERSONALITY DISORDER,72,1043,72,0.06903163950143816,1.0,0.0,1,1,True
FALL,RESPIRATORY TRACT CONGESTION,72,1043,72,0.06903163950143816,1.0,0.0,1,1,True
FALL,RHINORRHOEA,72,1043,72,0.06903163950143816,1.0,0.0,1,1,True
FALL,SENSORY LOSS,72,1043,72,0.06903163950143816,1.0,0.0,1,1,True
FALL,SINUS CONGESTION,72,1043,72,0.06903163950143816,1.0,0.0,1,1,True
FALL,SINUS DISORDER,72,1043,72,0.06903163950143816,1.0,0.0,1,1,True
FALL,SKIN HAEMORRHAGE,72,1043,72,0.06903163950143816,1.0,0.0,1,1,True
PALPITATIONS,PYREXIA,71,72,85,0.8255813953488372,12.10016339869281,0.9003527873092969,1,1,True
PALPITATIONS,VOMITING,71,72,86,0.8160919540229885,11.959463824289406,0.8946212245721356,1,1,True
ADJUSTMENT DISORDER,MUSCULAR WEAKNESS,71,72,94,0.7473684210526316,10.941637115839244,0.852011311427142,1,1,True
CAROTID ARTERY THROMBOSIS,MUSCULAR WEAKNESS,71,72,94,0.7473684210526316,10.941637115839244,0.852011311427142,1,1,True
HEMIPARESIS,MUSCULAR WEAKNESS,71,72,94,0.7473684210526316,10.941637115839244,0.852011311427142,1,1,True
HEMIPLEGIA,MUSCULAR WEAKNESS,71,72,94,0.7473684210526316,10.941637115839244,0.852011311427142,1,1,True
INFLUENZA,MUSCULAR WEAKNESS,71,72,94,0.7473684210526316,10.941637115839244,0.852011311427142,1,1,True
INFLUENZA LIKE ILLNESS,MUSCULAR WEAKNESS,71,72,94,0.7473684210526316,10.941637115839244,0.852011311427142,1,1,True
MUSCULAR WEAKNESS,NEUROLOGIC NEGLECT SYNDROME,71,94,72,0.7473684210526316,10.941637115839244,0.852011311427142,1,1,True
MUSCULAR WEAKNESS,PALPITATIONS,71,94,72,0.7473684210526316,10.941637115839244,0.852011311427142,1,1,True
MUSCULAR WEAKNESS,PERSONALITY DISORDER,71,94,72,0.7473684210526316,10.941637115839244,0.852011311427142,1,1,True
MUSCULAR WEAKNESS,RESPIRATORY TRACT CONGESTION,71,94,72,0.7473684210526316,10.941637115839244,0.852011311427142,1,1,True
MUSCULAR WEAKNESS,RHINORRHOEA,71,94,72,0.7473684210526316,10.941637115839244,0.852011311427142,1,1,True
MUSCULAR WEAKNESS,SENSORY LOSS,71,94,72,0.7473684210526316,10.941637115839244,0.852011311427142,1,1,True
MUSCULAR WEAKNESS,SINUS CONGESTION,71,94,72,0.7473684210526316,10.941637115839244,0.852011311427142,1,1,True
MUSCULAR WEAKNESS,SINUS DISORDER,71,94,72,0.7473684210526316,10.941637115839244,0.852011311427142,1,1,True
MUSCULAR WEAKNESS,SKIN HAEMORRHAGE,71,94,72,0.7473684210526316,10.941637115839244,0.852011311427142,1,1,True
HEADACHE,PALPITATIONS,71,95,72,0.7395833333333334,10.826461988304093,0.8470546789446672,1,1,True
MUSCLE SPASTICITY,MUSCULAR WEAKNESS,71,73,94,0.7395833333333334,10.79175167589624,0.8454088201525269,1,1,True
MUSCULAR WEAKNESS,PSORIASIS,71,94,73,0.7395833333333334,10.79175167589624,0.8454088201525269,1,1,True
MUSCULAR WEAKNESS,SKIN EXFOLIATION,71,94,73,0.7395833333333334,10.79175167589624,0.8454088201525269,1,1,True
MUSCULAR WEAKNESS,SNEEZING,71,94,73,0.7395833333333334,10.79175167589624,0.8454088201525269,1,1,True
CYSTITIS,MUSCULAR WEAKNESS,71,74,94,0.7319587628865979,10.645917193789534,0.8389350153377167,1,1,True
MUSCULAR WEAKNESS,NASOPHARYNGITIS,71,94,74,0.7319587628865979,10.645917193789534,0.8389350153377167,1,1,True
CEREBROVASCULAR ACCIDENT,MUSCULAR WEAKNESS,71,75,94,0.7244897959183674,10.503971631205674,0.8325856185119545,1,1,True
DYSPHAGIA,MUSCULAR WEAKNESS,71,75,94,0.7244897959183674,10.503971631205674,0.8325856185119545,1,1,True
EATING DISORDER,MUSCULAR WEAKNESS,71,75,94,0.7244897959183674,10.503971631205674,0.8325856185119545,1,1,True
APHASIA,MUSCULAR WEAKNESS,71,76,94,0.7171717171717171,10.365761478163494,0.8263565482725648,1,1,True
COORDINATION ABNORMAL,MUSCULAR WEAKNESS,71,78,94,0.7029702970297029,10.099972722313147,0.8142439788889605,1,1,True
AFFECT LABILITY,MUSCULAR WEAKNESS,71,82,94,0.6761904761904762,9.60729112610275,0.7913025137902344,1,1,True
MALAISE,PALPITATIONS,71,108,72,0.6513761467889908,9.523276748971194,0.7888043477411646,1,1,True
PAIN,PALPITATIONS,71,116,72,0.6068376068376068,8.866499042145595,0.757752285461894,1,1,True
DYSARTHRIA,MUSCULAR WEAKNESS,71,95,94,0.6016949152542372,8.292609182530795,0.7265598493667667,1,1,True
NAUSEA,PALPITATIONS,71,128,72,0.5503875968992248,8.035264756944445,0.716525278928411,1,1,True
BLOOD PRESSURE INCREASED,FALL,71,71,1043,0.06807286673058485,1.0,0.0,1,1,True
FALL,HEAD INJURY,71,1043,71,0.06807286673058485,1.0,0.0,1,1,True
COUGH,FALL,70,70,1043,0.06711409395973154,1.0,0.0,1,1,True
DRUG INTERACTION,FALL,70,70,1043,0.06711409395973154,1.0,0.0,1,1,True
COUGH,FATIGUE,68,70,88,0.7555555555555555,11.513636363636364,0.8560225436131529,1,1,True
FATIGUE,PALPITATIONS,68,88,72,0.7391304347826086,11.193813131313131,0.8426223058599192,1,1,True
GASTROINTESTINAL DISORDER,PNEUMONIA,68,84,81,0.7010309278350515,10.423868312757202,0.8093092824583957,1,1,True
BLOOD PRESSURE INCREASED,HEADACHE,68,71,95,0.6938775510204082,10.515048183839882,0.8140754683519165,1,1,True
GASTROINTESTINAL DISORDER,MUSCULAR WEAKNESS,68,84,94,0.6181818181818182,8.9822695035461,0.7435112543409754,1,1,True
COUGH,PALPITATIONS,67,70,72,0.8933333333333333,13.865277777777777,0.9396549388298193,1,1,True
COUGH,SNEEZING,67,70,73,0.881578947368421,13.675342465753424,0.9326696934440528,1,1,True
COUGH,CYSTITIS,67,70,74,0.8701298701298701,13.490540540540541,0.9258226564917708,1,1,True
CEREBROVASCULAR ACCIDENT,COUGH,67,75,70,0.8589743589743589,13.310666666666666,0.9191092249812031,1,1,True
COUGH,DYSPHAGIA,67,70,75,0.8589743589743589,13.310666666666666,0.9191092249812031,1,1,True
COUGH,EATING DISORDER,67,70,75,0.8589743589743589,13.310666666666666,0.9191092249812031,1,1,True
PALPITATIONS,SNEEZING,67,72,73,0.8589743589743589,13.29547184170472,0.9184962673715429,1,1,True
COORDINATION ABNORMAL,COUGH,67,78,70,0.8271604938271605,12.798717948717949,0.8997276430964961,1,1,True
BLOOD PRESSURE INCREASED,PYREXIA,67,71,85,0.7528089887640449,11.579287489643745,0.8516853351497525,1,1,True
BLOOD PRESSURE INCREASED,FATIGUE,67,71,88,0.7282608695652174,11.184539052496799,0.8355589009858655,1,1,True
COUGH,DYSARTHRIA,67,70,95,0.6836734693877551,10.50842105263158,0.8073440311335093,1,1,True
MOTOR DYSFUNCTION,PALPITATIONS,67,95,72,0.67,10.216520467836258,0.7944768722620739,1,1,True
ANXIETY,COUGH,67,115,70,0.5677966101694916,8.68086956521739,0.7252336088742799,1,1,True
BLOOD PRESSURE INCREASED,PAIN,67,71,116,0.5583333333333333,8.48482272948033,0.7155939965442367,1,1,True
CONFUSIONAL STATE,COUGH,67,216,70,0.3059360730593607,4.621759259259259,0.49646232838239396,1,1,True
CONFUSIONAL STATE,GASTROINTESTINAL DISORDER,67,216,84,0.2875536480686695,3.851466049382716,0.4312932540684248,1,1,True
BLOOD PRESSURE INCREASED,COUGH,66,71,70,0.88,13.850704225352112,0.9315701618543277,1,1,True
ADJUSTMENT DISORDER,COUGH,66,72,70,0.868421052631579,13.658333333333333,0.9245401179418086,1,1,True
CAROTID ARTERY THROMBOSIS,COUGH,66,72,70,0.868421052631579,13.658333333333333,0.9245401179418086,1,1,True
COUGH,HEMIPARESIS,66,70,72,0.868421052631579,13.658333333333333,0.9245401179418086,1,1,True
COUGH,HEMIPLEGIA,66,70,72,0.868421052631579,13.658333333333333,0.9245401179418086,1,1,True
COUGH,INFLUENZA,66,70,72,0.868421052631579,13.658333333333333,0.9245401179418086,1,1,True
COUGH,INFLUENZA LIKE ILLNESS,66,70,72,0.868421052631579,13.658333333333333,0.9245401179418086,1,1,True
COUGH,NEUROLOGIC NEGLECT SYNDROME,66,70,72,0.868421052631579,13.658333333333333,0.9245401179418086,1,1,True
COUGH,PERSONALITY DISORDER,66,70,72,0.868421052631579,13.658333333333333,0.9245401179418086,1,1,True
COUGH,RESPIRATORY TRACT CONGESTION,66,70,72,0.868421052631579,13.658333333333333,0.9245401179418086,1,1,True
COUGH,RHINORRHOEA,66,70,72,0.868421052631579,13.658333333333333,0.9245401179418086,1,1,True
COUGH,SENSORY LOSS,66,70,72,0.868421052631579,13.658333333333333,0.9245401179418086,1,1,True
COUGH,SINUS CONGESTION,66,70,72,0.868421052631579,13.658333333333333,0.9245401179418086,1,1,True
COUGH,SINUS DISORDER,66,70,72,0.868421052631579,13.658333333333333,0.9245401179418086,1,1,True
COUGH,SKIN HAEMORRHAGE,66,70,72,0.868421052631579,13.658333333333333,0.9245401179418086,1,1,True
ADJUSTMENT DISORDER,BLOOD PRESSURE INCREASED,66,72,71,0.8571428571428571,13.465962441314554,0.9174417279376275,1,1,True
BLOOD PRESSURE INCREASED,CAROTID ARTERY THROMBOSIS,66,71,72,0.8571428571428571,13.465962441314554,0.9174417279376275,1,1,True
BLOOD PRESSURE INCREASED,HEMIPARESIS,66,71,72,0.8571428571428571,13.465962441314554,0.9174417279376275,1,1,True
BLOOD PRESSURE INCREASED,HEMIPLEGIA,66,71,72,0.8571428571428571,13.465962441314554,0.9174417279376275,1,1,True
BLOOD PRESSURE INCREASED,INFLUENZA,66,71,72,0.8571428571428571,13.465962441314554,0.9174417279376275,1,1,True
BLOOD PRESSURE INCREASED,INFLUENZA LIKE ILLNESS,66,71,72,0.8571428571428571,13.465962441314554,0.9174417279376275,1,1,True
BLOOD PRESSURE INCREASED,NEUROLOGIC NEGLECT SYNDROME,66,71,72,0.8571428571428571,13.465962441314554,0.9174417279376275,1,1,True
BLOOD PRESSURE INCREASED,PALPITATIONS,66,71,72,0.8571428571428571,13.465962441314554,0.9174417279376275,1,1,True
BLOOD PRESSURE INCREASED,PERSONALITY DISORDER,66,71,72,0.8571428571428571,13.465962441314554,0.9174417279376275,1,1,True
BLOOD PRESSURE INCREASED,RESPIRATORY TRACT CONGESTION,66,71,72,0.8571428571428571,13.465962441314554,0.9174417279376275,1,1,True
BLOOD PRESSURE INCREASED,RHINORRHOEA,66,71,72,0.8571428571428571,13.465962441314554,0.9174417279376275,1,1,True
BLOOD PRESSURE INCREASED,SENSORY LOSS,66,71,72,0.8571428571428571,13.465962441314554,0.9174417279376275,1,1,True
BLOOD PRESSURE INCREASED,SINUS CONGESTION,66,71,72,0.8571428571428571,13.465962441314554,0.9174417279376275,1,1,True
BLOOD PRESSURE INCREASED,SINUS DISORDER,66,71,72,0.8571428571428571,13.465962441314554,0.9174417279376275,1,1,True
BLOOD PRESSURE INCREASED,SKIN HAEMORRHAGE,66,71,72,0.8571428571428571,13.465962441314554,0.9174417279376275,1,1,True
COUGH,MUSCLE SPASTICITY,66,70,73,0.8571428571428571,13.471232876712328,0.9176510201139799,1,1,True
COUGH,PSORIASIS,66,70,73,0.8571428571428571,13.471232876712328,0.9176510201139799,1,1,True
COUGH,SKIN EXFOLIATION,66,70,73,0.8571428571428571,13.471232876712328,0.9176510201139799,1,1,True
ADJUSTMENT DISORDER,PALPITATIONS,66,72,72,0.8461538461538461,13.278935185185185,0.9104874699622383,1,1,True
BLOOD PRESSURE INCREASED,MUSCLE SPASTICITY,66,71,73,0.8461538461538461,13.281497202392437,0.910590087720759,1,1,True
BLOOD PRESSURE INCREASED,PSORIASIS,66,71,73,0.8461538461538461,13.281497202392437,0.910590087720759,1,1,True
BLOOD PRESSURE INCREASED,SKIN EXFOLIATION,66,71,73,0.8461538461538461,13.281497202392437,0.910590087720759,1,1,True
BLOOD PRESSURE INCREASED,SNEEZING,66,71,73,0.8461538461538461,13.281497202392437,0.910590087720759,1,1,True
CAROTID ARTERY THROMBOSIS,PALPITATIONS,66,72,72,0.8461538461538461,13.278935185185185,0.9104874699622383,1,1,True
COUGH,NASOPHARYNGITIS,66,70,74,0.8461538461538461,13.28918918918919,0.9108981108012727,1,1,True
HEMIPARESIS,PALPITATIONS,66,72,72,0.8461538461538461,13.278935185185185,0.9104874699622383,1,1,True
HEMIPLEGIA,PALPITATIONS,66,72,72,0.8461538461538461,13.278935185185185,0.9104874699622383,1,1,True
INFLUENZA,PALPITATIONS,66,72,72,0.8461538461538461,13.278935185185185,0.9104874699622383,1,1,True
INFLUENZA LIKE ILLNESS,PALPITATIONS,66,72,72,0.8461538461538461,13.278935185185185,0.9104874699622383,1,1,True
NEUROLOGIC NEGLECT SYNDROME,PALPITATIONS,66,72,72,0.8461538461538461,13.278935185185185,0.9104874699622383,1,1,True
PALPITATIONS,PERSONALITY DISORDER,66,72,72,0.8461538461538461,13.278935185185185,0.9104874699622383,1,1,True
PALPITATIONS,RESPIRATORY TRACT CONGESTION,66,72,72,0.8461538461538461,13.278935185185185,0.9104874699622383,1,1,True
PALPITATIONS,RHINORRHOEA,66,72,72,0.8461538461538461,13.278935185185185,0.9104874699622383,1,1,True
PALPITATIONS,SENSORY LOSS,66,72,72,0.8461538461538461,13.278935185185185,0.9104874699622383,1,1,True
PALPITATIONS,SINUS CONGESTION,66,72,72,0.8461538461538461,13.278935185185185,0.9104874699622383,1,1,True
PALPITATIONS,SINUS DISORDER,66,72,72,0.8461538461538461,13.278935185185185,0.9104874699622383,1,1,True
PALPITATIONS,SKIN HAEMORRHAGE,66,72,72,0.8461538461538461,13.278935185185185,0.9104874699622383,1,1,True
BLOOD PRESSURE INCREASED,CYSTITIS,66,71,74,0.8354430379746836,13.102017510468215,0.9038737838733588,1,1,True
BLOOD PRESSURE INCREASED,NASOPHARYNGITIS,66,71,74,0.8354430379746836,13.102017510468215,0.9038737838733588,1,1,True
MUSCLE SPASTICITY,PALPITATIONS,66,73,72,0.8354430379746836,13.09703196347032,0.9036724127198056,1,1,True
PALPITATIONS,PSORIASIS,66,72,73,0.8354430379746836,13.09703196347032,0.9036724127198056,1,1,True
PALPITATIONS,SKIN EXFOLIATION,66,72,73,0.8354430379746836,13.09703196347032,0.9036724127198056,1,1,True
APHASIA,COUGH,66,76,70,0.825,12.939473684210526,0.8977829257355527,1,1,True
BLOOD PRESSURE INCREASED,CEREBROVASCULAR ACCIDENT,66,71,75,0.825,12.927323943661971,0.8972883099242022,1,1,True
BLOOD PRESSURE INCREASED,DYSPHAGIA,66,71,75,0.825,12.927323943661971,0.8972883099242022,1,1,True
BLOOD PRESSURE INCREASED,EATING DISORDER,66,71,75,0.825,12.927323943661971,0.8972883099242022,1,1,True
CYSTITIS,PALPITATIONS,66,74,72,0.825,12.920045045045045,0.8969918584336738,1,1,True
NASOPHARYNGITIS,PALPITATIONS,66,74,72,0.825,12.920045045045045,0.8969918584336738,1,1,True
APHASIA,BLOOD PRESSURE INCREASED,66,76,71,0.8148148148148148,12.75722757598221,0.890829367168076,1,1,True
CEREBROVASCULAR ACCIDENT,PALPITATIONS,66,75,72,0.8148148148148148,12.747777777777777,0.8904413288050098,1,1,True
DYSPHAGIA,PALPITATIONS,66,75,72,0.8148148148148148,12.747777777777777,0.8904413288050098,1,1,True
EATING DISORDER,PALPITATIONS,66,75,72,0.8148148148148148,12.747777777777777,0.8904413288050098,1,1,True
APHASIA,PALPITATIONS,66,76,72,0.8048780487804879,12.580043859649123,0.8840165519901974,1,1,True
BLOOD PRESSURE INCREASED,COORDINATION ABNORMAL,66,71,78,0.7951807228915663,12.43011917659805,0.8782748471007756,1,1,True
COORDINATION ABNORMAL,PALPITATIONS,66,78,72,0.7857142857142857,12.257478632478632,0.8715281300177975,1,1,True
COUGH,PNEUMONIA,66,70,81,0.7764705882352941,12.14074074074074,0.8670849356604204,1,1,True
AFFECT LABILITY,COUGH,66,82,70,0.7674418604651163,11.992682926829268,0.8612743898474395,1,1,True
BLOOD PRESSURE INCREASED,PNEUMONIA,66,71,81,0.7674418604651163,11.969744392279603,0.8602952469001065,1,1,True
AFFECT LABILITY,BLOOD PRESSURE INCREASED,66,82,71,0.7586206896551724,11.823771899690827,0.8545154229596967,1,1,True
PALPITATIONS,PNEUMONIA,66,72,81,0.7586206896551724,11.803497942386832,0.853642443417947,1,1,True
AFFECT LABILITY,PALPITATIONS,66,82,72,0.75,11.659552845528456,0.8478926149002153,1,1,True
COUGH,GASTROINTESTINAL DISORDER,66,70,84,0.75,11.707142857142857,0.8499561809967929,1,1,True
BLOOD PRESSURE INCREASED,GASTROINTESTINAL DISORDER,66,71,84,0.7415730337078652,11.54225352112676,0.8432567714335689,1,1,True
COUGH,PYREXIA,66,70,85,0.7415730337078652,11.569411764705883,0.8444425834338667,1,1,True
ADJUSTMENT DISORDER,GASTROINTESTINAL DISORDER,66,72,84,0.7333333333333333,11.381944444444445,0.8366921093468163,1,1,True
CAROTID ARTERY THROMBOSIS,GASTROINTESTINAL DISORDER,66,72,84,0.7333333333333333,11.381944444444445,0.8366921093468163,1,1,True
COUGH,VOMITING,66,70,86,0.7333333333333333,11.434883720930232,0.839022235586127,1,1,True
GASTROINTESTINAL DISORDER,HEMIPARESIS,66,84,72,0.7333333333333333,11.381944444444445,0.8366921093468163,1,1,True
GASTROINTESTINAL DISORDER,HEMIPLEGIA,66,84,72,0.7333333333333333,11.381944444444445,0.8366921093468163,1,1,True
GASTROINTESTINAL DISORDER,INFLUENZA,66,84,72,0.7333333333333333,11.381944444444445,0.8366921093468163,1,1,True
GASTROINTESTINAL DISORDER,INFLUENZA LIKE ILLNESS,66,84,72,0.7333333333333333,11.381944444444445,0.8366921093468163,1,1,True
GASTROINTESTINAL DISORDER,NEUROLOGIC NEGLECT SYNDROME,66,84,72,0.7333333333333333,11.381944444444445,0.8366921093468163,1,1,True
GASTROINTESTINAL DISORDER,PALPITATIONS,66,84,72,0.7333333333333333,11.381944444444445,0.8366921093468163,1,1,True
GASTROINTESTINAL DISORDER,PERSONALITY DISORDER,66,84,72,0.7333333333333333,11.381944444444445,0.8366921093468163,1,1,True
GASTROINTESTINAL DISORDER,RESPIRATORY TRACT CONGESTION,66,84,72,0.7333333333333333,11.381944444444445,0.8366921093468163,1,1,True
GASTROINTESTINAL DISORDER,RHINORRHOEA,66,84,72,0.7333333333333333,11.381944444444445,0.8366921093468163,1,1,True
GASTROINTESTINAL DISORDER,SENSORY LOSS,66,84,72,0.7333333333333333,11.381944444444445,0.8366921093468163,1,1,True
GASTROINTESTINAL DISORDER,SINUS CONGESTION,66,84,72,0.7333333333333333,11.381944444444445,0.8366921093468163,1,1,True
GASTROINTESTINAL DISORDER,SINUS DISORDER,66,84,72,0.7333333333333333,11.381944444444445,0.8366921093468163,1,1,True
GASTROINTESTINAL DISORDER,SKIN HAEMORRHAGE,66,84,72,0.7333333333333333,11.381944444444445,0.8366921093468163,1,1,True
BLOOD PRESSURE INCREASED,VOMITING,66,71,86,0.7252747252747253,11.273829020635441,0.8323799919356153,1,1,True
GASTROINTESTINAL DISORDER,MUSCLE SPASTICITY,66,84,73,0.7252747252747253,11.226027397260275,0.8302575896501201,1,1,True
GASTROINTESTINAL DISORDER,PSORIASIS,66,84,73,0.7252747252747253,11.226027397260275,0.8302575896501201,1,1,True
GASTROINTESTINAL DISORDER,SKIN EXFOLIATION,66,84,73,0.7252747252747253,11.226027397260275,0.8302575896501201,1,1,True
GASTROINTESTINAL DISORDER,SNEEZING,66,84,73,0.7252747252747253,11.226027397260275,0.8302575896501201,1,1,True
CYSTITIS,GASTROINTESTINAL DISORDER,66,74,84,0.717391304347826,11.074324324324325,0.823948825182162,1,1,True
GASTROINTESTINAL DISORDER,NASOPHARYNGITIS,66,84,74,0.717391304347826,11.074324324324325,0.823948825182162,1,1,True
CEREBROVASCULAR ACCIDENT,GASTROINTESTINAL DISORDER,66,75,84,0.7096774193548387,10.926666666666666,0.8177616336078486,1,1,True
DYSPHAGIA,GASTROINTESTINAL DISORDER,66,75,84,0.7096774193548387,10.926666666666666,0.8177616336078486,1,1,True
EATING DISORDER,GASTROINTESTINAL DISORDER,66,75,84,0.7096774193548387,10.926666666666666,0.8177616336078486,1,1,True
APHASIA,GASTROINTESTINAL DISORDER,66,76,84,0.7021276595744681,10.782894736842104,0.811692025269585,1,1,True
COORDINATION ABNORMAL,GASTROINTESTINAL DISORDER,66,78,84,0.6875,10.506410256410257,0.7998904961813893,1,1,True
COUGH,MUSCULAR WEAKNESS,66,70,94,0.673469387755102,10.461702127659574,0.7987165657106566,1,1,True
BLOOD PRESSURE INCREASED,MUSCULAR WEAKNESS,66,71,94,0.6666666666666666,10.314354210368595,0.7922816765753772,1,1,True
COUGH,HEADACHE,66,70,95,0.6666666666666666,10.351578947368422,0.7940268319041399,1,1,True
COUGH,MOTOR DYSFUNCTION,66,70,95,0.6666666666666666,10.351578947368422,0.7940268319041399,1,1,True
AFFECT LABILITY,GASTROINTESTINAL DISORDER,66,82,84,0.66,9.99390243902439,0.7775417971951248,1,1,True
BLOOD PRESSURE INCREASED,DYSARTHRIA,66,71,95,0.66,10.205782060785767,0.7876157007179224,1,1,True
BLOOD PRESSURE INCREASED,MOTOR DYSFUNCTION,66,71,95,0.66,10.205782060785767,0.7876157007179224,1,1,True
DYSARTHRIA,PALPITATIONS,66,95,72,0.6534653465346535,10.064035087719299,0.7813324205914255,1,1,True
GASTROINTESTINAL DISORDER,PYREXIA,66,84,85,0.6407766990291263,9.641176470588235,0.761780624092648,1,1,True
GASTROINTESTINAL DISORDER,VOMITING,66,84,86,0.6346153846153846,9.529069767441861,0.7567026643388861,1,1,True
FATIGUE,GASTROINTESTINAL DISORDER,66,88,84,0.6226415094339622,9.3125,0.7467954238291534,1,1,True
COUGH,MALAISE,66,70,108,0.5892857142857143,9.105555555555556,0.738892841327311,1,1,True
BLOOD PRESSURE INCREASED,MALAISE,66,71,108,0.584070796460177,8.977308294209703,0.732754493728026,1,1,True
DYSARTHRIA,GASTROINTESTINAL DISORDER,66,95,84,0.584070796460177,8.626315789473685,0.7145008634202616,1,1,True
GASTROINTESTINAL DISORDER,HEADACHE,66,84,95,0.584070796460177,8.626315789473685,0.7145008634202616,1,1,True
ANXIETY,BLOOD PRESSURE INCREASED,66,115,71,0.55,8.430863441518678,0.7069850890368229,1,1,True
COUGH,PAIN,66,70,116,0.55,8.477586206896552,0.7094848987220231,1,1,True
GASTROINTESTINAL DISORDER,MALAISE,66,84,108,0.5238095238095238,7.587962962962963,0.6626551242649886,1,1,True
COUGH,NAUSEA,66,70,128,0.5,7.6828125,0.6704190000362051,1,1,True
ANXIETY,GASTROINTESTINAL DISORDER,66,115,84,0.49624060150375937,7.126086956521739,0.6382464804467706,1,1,True
BLOOD PRESSURE INCREASED,NAUSEA,66,71,128,0.49624060150375937,7.574603873239437,0.6645995929372461,1,1,True
GASTROINTESTINAL DISORDER,PAIN,66,84,116,0.4925373134328358,7.064655172413793,0.6349296079845916,1,1,True
BLOOD PRESSURE INCREASED,CONFUSIONAL STATE,66,71,216,0.2986425339366516,4.488654147104851,0.48186799258743895,1,1,True
CONFUSIONAL STATE,PALPITATIONS,66,216,72,0.2972972972972973,4.426311728395062,0.47682347330348557,1,1,True
HYPONATRAEMIA,NAUSEA,38,72,128,0.2345679012345679,4.300564236111111,0.33615475630341324,1,1,True
DIZZINESS,NAUSEA,36,122,128,0.16822429906542055,2.4044569672131146,0.1911846300109785,1,1,True
DIZZINESS,HYPONATRAEMIA,35,122,72,0.22012578616352202,4.155851548269581,0.3127687102580579,1,1,True
DIZZINESS,SYNCOPE,34,122,78,0.20481927710843373,3.726565783942833,0.28213029651404464,1,1,True
DRUG INTERACTION,SYNCOPE,33,70,78,0.28695652173913044,6.303846153846154,0.4044521633695756,1,1,True
HYPONATRAEMIA,HYPOTENSION,31,72,90,0.2366412213740458,4.98966049382716,0.33386229772269954,1,1,True
HYPOTENSION,SYNCOPE,31,90,78,0.22627737226277372,4.605840455840456,0.3150394612269363,1,1,True
DIZZINESS,DRUG INTERACTION,31,122,70,0.19254658385093168,3.786065573770492,0.27197816167728867,1,1,True
DRUG INTERACTION,HYPONATRAEMIA,29,70,72,0.25663716814159293,6.001388888888889,0.36529174508541284,1,1,True
DIZZINESS,HYPOTENSION,29,122,90,0.15846994535519127,2.754735883424408,0.19626219961551641,1,1,True
DRUG INTERACTION,NAUSEA,27,70,128,0.15789473684210525,3.14296875,0.21498238451009008,1,1,True
HYPOTENSION,NAUSEA,27,90,128,0.14136125654450263,2.44453125,0.1660336761434661,1,1,True
HYPONATRAEMIA,SYNCOPE,22,72,78,0.171875,4.085826210826211,0.23889757510373652,1,1,True
NAUSEA,SYNCOPE,22,128,78,0.11956521739130435,2.2982772435897436,0.13805289783544838,1,1,True
DIZZINESS,MOTOR DYSFUNCTION,22,122,95,0.11282051282051282,1.9798101811906816,0.11288849472117032,1,1,True
DRUG INTERACTION,HYPOTENSION,21,70,90,0.1510791366906475,3.4766666666666666,0.20414322121948406,1,1,True
CONFUSIONAL STATE,DIZZINESS,21,216,122,0.06624605678233439,0.8311703096539163,-0.03140313780257879,1,1,True
ANXIETY,HYPONATRAEMIA,20,115,72,0.11976047904191617,2.5193236714975846,0.14564040221467744,1,1,True
CONFUSIONAL STATE,HYPONATRAEMIA,19,216,72,0.07063197026022305,1.274241255144033,0.038164848433723045,1,1,True
MOTOR DYSFUNCTION,SYNCOPE,18,95,78,0.11612903225806452,2.5336032388663967,0.13802390033767883,1,1,True
HYPOTENSION,MOTOR DYSFUNCTION,18,90,95,0.10778443113772455,2.1957894736842105,0.1163287775934219,1,1,True
ANXIETY,DIZZINESS,17,115,122,0.07727272727272727,1.263791874554526,0.03379764549999934,1,1,True
GASTROINTESTINAL DISORDER,HYPOTENSION,16,84,90,0.10126582278481013,2.2074074074074073,0.10981432078553326,1,1,True
DRUG INTERACTION,MOTOR DYSFUNCTION,15,70,95,0.1,2.3526315789473684,0.1148496712063057,1,1,True
HYPONATRAEMIA,MOTOR DYSFUNCTION,14,72,95,0.0915032679738562,2.134795321637427,0.09782093371771097,1,1,True
CONFUSIONAL STATE,DRUG INTERACTION,14,216,70,0.051470588235294115,0.9657407407407408,-0.004696179509177701,1,1,True
GASTROINTESTINAL DISORDER,HYPONATRAEMIA,13,84,72,0.09090909090909091,2.2418981481481484,0.10008591229979195,1,1,True
GASTROINTESTINAL DISORDER,SYNCOPE,13,84,78,0.087248322147651,2.0694444444444446,0.08998543343195894,1,1,True
DIZZINESS,GASTROINTESTINAL DISORDER,13,122,84,0.06735751295336788,1.3230874316939891,0.03480170358491407,1,1,True
DIZZINESS,MUSCULAR WEAKNESS,13,122,94,0.06403940886699508,1.1823334495988838,0.02088561506243603,1,1,True
DRUG INTERACTION,DYSARTHRIA,12,70,95,0.0784313725490196,1.8821052631578947,0.0748980735181978,1,1,True
DYSARTHRIA,SYNCOPE,12,95,78,0.07453416149068323,1.6890688259109312,0.062016018578334046,1,1,True
ANXIETY,DRUG INTERACTION,12,115,70,0.06936416184971098,1.5547826086956522,0.05238300039191561,1,1,True
DIZZINESS,HEADACHE,11,122,95,0.05339805825242718,0.9899050905953408,-0.0011630815324389686,1,1,True
AFFECT LABILITY,HYPONATRAEMIA,10,82,72,0.06944444444444445,1.76659891598916,0.060977563400361874,1,1,True
DRUG INTERACTION,GASTROINTESTINAL DISORDER,10,70,84,0.06944444444444445,1.7738095238095237,0.061426675299968356,1,1,True
DIZZINESS,MALAISE,10,122,108,0.045454545454545456,0.7915907710989678,-0.025779418644308657,1,1,True
AFFECT LABILITY,DRUG INTERACTION,9,82,70,0.06293706293706294,1.6353658536585365,0.04978078068676681,1,1,True
HYPOTENSION,MALAISE,9,90,108,0.047619047619047616,0.9657407407407408,-0.0035781524928771165,1,1,True
AFFECT LABILITY,DIZZINESS,9,82,122,0.046153846153846156,0.9383246701319472,-0.006557024608431035,1,1,True
DIZZINESS,PAIN,9,122,116,0.039301310043668124,0.6632984737139627,-0.04334952198277065,1,1,True
HYPONATRAEMIA,VOMITING,7,72,86,0.046357615894039736,1.1791020671834624,0.01462010489162403,1,1,True
HYPOTENSION,PYREXIA,7,90,85,0.041666666666666664,0.9543790849673203,-0.004176048217967116,1,1,True
DRUG INTERACTION,MUSCULAR WEAKNESS,6,70,94,0.0379746835443038,0.951063829787234,-0.004130982912378031,1,1,True
HYPONATRAEMIA,MUSCULAR WEAKNESS,6,72,94,0.0375,0.924645390070922,-0.006457988687342535,1,1,True
HYPONATRAEMIA,MALAISE,6,72,108,0.034482758620689655,0.8047839506172839,-0.018066674711756534,1,1,True
HYPOTENSION,MUSCULAR WEAKNESS,6,90,94,0.033707865168539325,0.7397163120567376,-0.02517402021380496,1,1,True
HYPONATRAEMIA,PAIN,6,72,116,0.03296703296703297,0.7492816091954023,-0.02415082397158652,1,1,True
HYPONATRAEMIA,PALPITATIONS,5,72,72,0.03597122302158273,1.005979938271605,0.00044341457832703973,1,1,True
HYPONATRAEMIA,PYREXIA,5,72,85,0.03289473684210526,0.8521241830065359,-0.011994454425903665,1,1,True
HYPOTENSION,PALPITATIONS,5,90,72,0.03184713375796178,0.8047839506172839,-0.016336046362867555,1,1,True
HEADACHE,HYPONATRAEMIA,5,95,72,0.030864197530864196,0.7624269005847953,-0.020479131318124236,1,1,True
HYPOTENSION,VOMITING,5,90,86,0.029239766081871343,0.6737726098191215,-0.03005304508666571,1,1,True
HEADACHE,HYPOTENSION,5,95,90,0.027777777777777776,0.6099415204678362,-0.03794566444386366,1,1,True
DIZZINESS,PALPITATIONS,5,122,72,0.026455026455026454,0.5936930783242259,-0.04026808293030586,1,1,True
ANXIETY,HYPOTENSION,5,115,90,0.025,0.503864734299517,-0.05367225405793913,1,1,True
HYPOTENSION,PAIN,5,90,116,0.024875621890547265,0.49952107279693486,-0.054406367164983496,1,1,True
DIZZINESS,PYREXIA,5,122,85,0.024752475247524754,0.5028929604628737,-0.05389230038486035,1,1,True
DIZZINESS,VOMITING,5,122,86,0.024630541871921183,0.4970453678993519,-0.05487470129670498,1,1,True
HEAD INJURY,PYREXIA,4,71,85,0.02631578947368421,0.6913007456503728,-0.02485182751282757,1,1,True
FATIGUE,HEAD INJURY,4,88,71,0.025806451612903226,0.6677336747759283,-0.02725975953430856,1,1,True
HEAD INJURY,MALAISE,4,71,108,0.022857142857142857,0.5440792905581638,-0.041878530489998025,1,1,True
DRUG INTERACTION,PAIN,4,70,116,0.02197802197802198,0.5137931034482759,-0.04613205935891412,1,1,True
HEAD INJURY,PAIN,4,71,116,0.02185792349726776,0.5065565808644973,-0.04717615381548833,1,1,True
DIZZINESS,HEAD INJURY,4,122,71,0.021164021164021163,0.48164396213345645,-0.05098874277578233,1,1,True
CONFUSIONAL STATE,HYPOTENSION,4,216,90,0.013245033112582781,0.21460905349794238,-0.12334876792785206,1,1,True
DRUG INTERACTION,HEAD INJURY,3,70,71,0.021739130434782608,0.6295774647887324,-0.026852581386199934,1,1,True
DRUG INTERACTION,PNEUMONIA,3,70,81,0.02027027027027027,0.5518518518518518,-0.034879413967723025,1,1,True
DRUG INTERACTION,VOMITING,3,70,86,0.0196078431372549,0.5197674418604651,-0.03861334781558619,1,1,True
FATIGUE,HYPONATRAEMIA,3,88,72,0.01910828025477707,0.49384469696969696,-0.04183888237587107,1,1,True
HEAD INJURY,HYPOTENSION,3,71,90,0.0189873417721519,0.4896713615023474,-0.04238583927233686,1,1,True
HEAD INJURY,MUSCULAR WEAKNESS,3,71,94,0.018518518518518517,0.4688342822894816,-0.045181110344567794,1,1,True
PAIN,SYNCOPE,3,116,78,0.015706806282722512,0.3458222811671088,-0.06579130793297455,1,1,True
DIZZINESS,FATIGUE,3,122,88,0.014492753623188406,0.2914493293591654,-0.07828177489996468,1,1,True
DIZZINESS,DYSARTHRIA,3,122,95,0.014018691588785047,0.26997411561691115,-0.08410968244415482,1,1,True
CONFUSIONAL STATE,HEAD INJURY,3,216,71,0.01056338028169014,0.20402973395931143,-0.10994285420198996,1,1,True
