dataset,metric,value,column,n_rows,missing_n,blank_n,missing_or_blank_rate
indi_v2_2004q1,n_rows,11429.0,,,,,
indi_v2_2004q1,unique_caseid,11429.0,,,,,
indi_v2_2004q1,duplicate_caseid_rows,0.0,,,,,
indi_v2_2004q1,,,caseid,11429.0,0.0,0.0,0.0
indi_v2_2004q1,,,indi_n,11429.0,0.0,0.0,0.0
indi_v2_2004q1,,,distinct_indi_n,11429.0,0.0,0.0,0.0
indi_v2_2004q1,,,indi_mapped_n,11429.0,0.0,0.0,0.0
indi_v2_2004q1,,,indi_unmapped_n,11429.0,0.0,0.0,0.0
indi_v2_2004q1,,,indi_insomnia,11429.0,0.0,0.0,0.0
indi_v2_2004q1,,,indi_anxiety,11429.0,0.0,0.0,0.0
indi_v2_2004q1,,,indi_depression,11429.0,0.0,0.0,0.0
indi_v2_2004q1,,,indi_pain,11429.0,0.0,0.0,0.0
indi_v2_2004q1,,,indi_epilepsy,11429.0,0.0,0.0,0.0
indi_v2_2004q1,,,indi_dizziness_vertigo,11429.0,0.0,0.0,0.0
indi_v2_2004q1,,,indi_soc_blood_and_lymphatic_system_disorders,11429.0,0.0,0.0,0.0
indi_v2_2004q1,,,indi_soc_cardiac_disorders,11429.0,0.0,0.0,0.0
indi_v2_2004q1,,,indi_soc_congenital_familial_and_genetic_disorders,11429.0,0.0,0.0,0.0
indi_v2_2004q1,,,indi_soc_ear_and_labyrinth_disorders,11429.0,0.0,0.0,0.0
indi_v2_2004q1,,,indi_soc_endocrine_disorders,11429.0,0.0,0.0,0.0
indi_v2_2004q1,,,indi_soc_eye_disorders,11429.0,0.0,0.0,0.0
indi_v2_2004q1,,,indi_soc_gastrointestinal_disorders,11429.0,0.0,0.0,0.0
indi_v2_2004q1,,,indi_soc_general_disorders_and_administration_site_conditions,11429.0,0.0,0.0,0.0
indi_v2_2004q1,,,indi_soc_hepatobiliary_disorders,11429.0,0.0,0.0,0.0
indi_v2_2004q1,,,indi_soc_immune_system_disorders,11429.0,0.0,0.0,0.0
indi_v2_2004q1,,,indi_soc_infections_and_infestations,11429.0,0.0,0.0,0.0
indi_v2_2004q1,,,indi_soc_injury_poisoning_and_procedural_complications,11429.0,0.0,0.0,0.0
indi_v2_2004q1,,,indi_soc_investigations,11429.0,0.0,0.0,0.0
indi_v2_2004q1,,,indi_soc_metabolism_and_nutrition_disorders,11429.0,0.0,0.0,0.0
indi_v2_2004q1,,,indi_soc_musculoskeletal_and_connective_tissue_disorders,11429.0,0.0,0.0,0.0
indi_v2_2004q1,,,indi_soc_neoplasms_benign_malignant_and_unspecified_incl_cysts_and_polyps,11429.0,0.0,0.0,0.0
indi_v2_2004q1,,,indi_soc_nervous_system_disorders,11429.0,0.0,0.0,0.0
indi_v2_2004q1,,,indi_soc_psychiatric_disorders,11429.0,0.0,0.0,0.0
indi_v2_2004q1,,,indi_soc_renal_and_urinary_disorders,11429.0,0.0,0.0,0.0
indi_v2_2004q1,,,indi_soc_reproductive_system_and_breast_disorders,11429.0,0.0,0.0,0.0
indi_v2_2004q1,,,indi_soc_respiratory_thoracic_and_mediastinal_disorders,11429.0,0.0,0.0,0.0
indi_v2_2004q1,,,indi_soc_skin_and_subcutaneous_tissue_disorders,11429.0,0.0,0.0,0.0
indi_v2_2004q1,,,indi_soc_social_circumstances,11429.0,0.0,0.0,0.0
indi_v2_2004q1,,,indi_soc_surgical_and_medical_procedures,11429.0,0.0,0.0,0.0
indi_v2_2004q1,,,indi_soc_vascular_disorders,11429.0,0.0,0.0,0.0
indi_v2_2004q2,n_rows,10492.0,,,,,
indi_v2_2004q2,unique_caseid,10492.0,,,,,
indi_v2_2004q2,duplicate_caseid_rows,0.0,,,,,
indi_v2_2004q2,,,caseid,10492.0,0.0,0.0,0.0
indi_v2_2004q2,,,indi_n,10492.0,0.0,0.0,0.0
indi_v2_2004q2,,,distinct_indi_n,10492.0,0.0,0.0,0.0
indi_v2_2004q2,,,indi_mapped_n,10492.0,0.0,0.0,0.0
indi_v2_2004q2,,,indi_unmapped_n,10492.0,0.0,0.0,0.0
indi_v2_2004q2,,,indi_insomnia,10492.0,0.0,0.0,0.0
indi_v2_2004q2,,,indi_anxiety,10492.0,0.0,0.0,0.0
indi_v2_2004q2,,,indi_depression,10492.0,0.0,0.0,0.0
indi_v2_2004q2,,,indi_pain,10492.0,0.0,0.0,0.0
indi_v2_2004q2,,,indi_epilepsy,10492.0,0.0,0.0,0.0
indi_v2_2004q2,,,indi_dizziness_vertigo,10492.0,0.0,0.0,0.0
indi_v2_2004q2,,,indi_soc_blood_and_lymphatic_system_disorders,10492.0,0.0,0.0,0.0
indi_v2_2004q2,,,indi_soc_cardiac_disorders,10492.0,0.0,0.0,0.0
indi_v2_2004q2,,,indi_soc_congenital_familial_and_genetic_disorders,10492.0,0.0,0.0,0.0
indi_v2_2004q2,,,indi_soc_ear_and_labyrinth_disorders,10492.0,0.0,0.0,0.0
indi_v2_2004q2,,,indi_soc_endocrine_disorders,10492.0,0.0,0.0,0.0
indi_v2_2004q2,,,indi_soc_eye_disorders,10492.0,0.0,0.0,0.0
indi_v2_2004q2,,,indi_soc_gastrointestinal_disorders,10492.0,0.0,0.0,0.0
indi_v2_2004q2,,,indi_soc_general_disorders_and_administration_site_conditions,10492.0,0.0,0.0,0.0
indi_v2_2004q2,,,indi_soc_hepatobiliary_disorders,10492.0,0.0,0.0,0.0
indi_v2_2004q2,,,indi_soc_immune_system_disorders,10492.0,0.0,0.0,0.0
indi_v2_2004q2,,,indi_soc_infections_and_infestations,10492.0,0.0,0.0,0.0
indi_v2_2004q2,,,indi_soc_injury_poisoning_and_procedural_complications,10492.0,0.0,0.0,0.0
indi_v2_2004q2,,,indi_soc_investigations,10492.0,0.0,0.0,0.0
indi_v2_2004q2,,,indi_soc_metabolism_and_nutrition_disorders,10492.0,0.0,0.0,0.0
indi_v2_2004q2,,,indi_soc_musculoskeletal_and_connective_tissue_disorders,10492.0,0.0,0.0,0.0
indi_v2_2004q2,,,indi_soc_neoplasms_benign_malignant_and_unspecified_incl_cysts_and_polyps,10492.0,0.0,0.0,0.0
indi_v2_2004q2,,,indi_soc_nervous_system_disorders,10492.0,0.0,0.0,0.0
indi_v2_2004q2,,,indi_soc_psychiatric_disorders,10492.0,0.0,0.0,0.0
indi_v2_2004q2,,,indi_soc_renal_and_urinary_disorders,10492.0,0.0,0.0,0.0
indi_v2_2004q2,,,indi_soc_reproductive_system_and_breast_disorders,10492.0,0.0,0.0,0.0
indi_v2_2004q2,,,indi_soc_respiratory_thoracic_and_mediastinal_disorders,10492.0,0.0,0.0,0.0
indi_v2_2004q2,,,indi_soc_skin_and_subcutaneous_tissue_disorders,10492.0,0.0,0.0,0.0
indi_v2_2004q2,,,indi_soc_social_circumstances,10492.0,0.0,0.0,0.0
indi_v2_2004q2,,,indi_soc_surgical_and_medical_procedures,10492.0,0.0,0.0,0.0
indi_v2_2004q2,,,indi_soc_vascular_disorders,10492.0,0.0,0.0,0.0
indi_v2_2004q3,n_rows,14365.0,,,,,
indi_v2_2004q3,unique_caseid,14365.0,,,,,
indi_v2_2004q3,duplicate_caseid_rows,0.0,,,,,
indi_v2_2004q3,,,caseid,14365.0,0.0,0.0,0.0
indi_v2_2004q3,,,indi_n,14365.0,0.0,0.0,0.0
indi_v2_2004q3,,,distinct_indi_n,14365.0,0.0,0.0,0.0
indi_v2_2004q3,,,indi_mapped_n,14365.0,0.0,0.0,0.0
indi_v2_2004q3,,,indi_unmapped_n,14365.0,0.0,0.0,0.0
indi_v2_2004q3,,,indi_insomnia,14365.0,0.0,0.0,0.0
indi_v2_2004q3,,,indi_anxiety,14365.0,0.0,0.0,0.0
indi_v2_2004q3,,,indi_depression,14365.0,0.0,0.0,0.0
indi_v2_2004q3,,,indi_pain,14365.0,0.0,0.0,0.0
indi_v2_2004q3,,,indi_epilepsy,14365.0,0.0,0.0,0.0
indi_v2_2004q3,,,indi_dizziness_vertigo,14365.0,0.0,0.0,0.0
indi_v2_2004q3,,,indi_soc_blood_and_lymphatic_system_disorders,14365.0,0.0,0.0,0.0
indi_v2_2004q3,,,indi_soc_cardiac_disorders,14365.0,0.0,0.0,0.0
indi_v2_2004q3,,,indi_soc_congenital_familial_and_genetic_disorders,14365.0,0.0,0.0,0.0
indi_v2_2004q3,,,indi_soc_ear_and_labyrinth_disorders,14365.0,0.0,0.0,0.0
indi_v2_2004q3,,,indi_soc_endocrine_disorders,14365.0,0.0,0.0,0.0
indi_v2_2004q3,,,indi_soc_eye_disorders,14365.0,0.0,0.0,0.0
indi_v2_2004q3,,,indi_soc_gastrointestinal_disorders,14365.0,0.0,0.0,0.0
indi_v2_2004q3,,,indi_soc_general_disorders_and_administration_site_conditions,14365.0,0.0,0.0,0.0
indi_v2_2004q3,,,indi_soc_hepatobiliary_disorders,14365.0,0.0,0.0,0.0
indi_v2_2004q3,,,indi_soc_immune_system_disorders,14365.0,0.0,0.0,0.0
indi_v2_2004q3,,,indi_soc_infections_and_infestations,14365.0,0.0,0.0,0.0
indi_v2_2004q3,,,indi_soc_injury_poisoning_and_procedural_complications,14365.0,0.0,0.0,0.0
indi_v2_2004q3,,,indi_soc_investigations,14365.0,0.0,0.0,0.0
indi_v2_2004q3,,,indi_soc_metabolism_and_nutrition_disorders,14365.0,0.0,0.0,0.0
indi_v2_2004q3,,,indi_soc_musculoskeletal_and_connective_tissue_disorders,14365.0,0.0,0.0,0.0
indi_v2_2004q3,,,indi_soc_neoplasms_benign_malignant_and_unspecified_incl_cysts_and_polyps,14365.0,0.0,0.0,0.0
indi_v2_2004q3,,,indi_soc_nervous_system_disorders,14365.0,0.0,0.0,0.0
indi_v2_2004q3,,,indi_soc_psychiatric_disorders,14365.0,0.0,0.0,0.0
indi_v2_2004q3,,,indi_soc_renal_and_urinary_disorders,14365.0,0.0,0.0,0.0
indi_v2_2004q3,,,indi_soc_reproductive_system_and_breast_disorders,14365.0,0.0,0.0,0.0
indi_v2_2004q3,,,indi_soc_respiratory_thoracic_and_mediastinal_disorders,14365.0,0.0,0.0,0.0
indi_v2_2004q3,,,indi_soc_skin_and_subcutaneous_tissue_disorders,14365.0,0.0,0.0,0.0
indi_v2_2004q3,,,indi_soc_social_circumstances,14365.0,0.0,0.0,0.0
indi_v2_2004q3,,,indi_soc_surgical_and_medical_procedures,14365.0,0.0,0.0,0.0
indi_v2_2004q3,,,indi_soc_vascular_disorders,14365.0,0.0,0.0,0.0
indi_v2_2004q4,n_rows,12133.0,,,,,
indi_v2_2004q4,unique_caseid,12133.0,,,,,
indi_v2_2004q4,duplicate_caseid_rows,0.0,,,,,
indi_v2_2004q4,,,caseid,12133.0,0.0,0.0,0.0
indi_v2_2004q4,,,indi_n,12133.0,0.0,0.0,0.0
indi_v2_2004q4,,,distinct_indi_n,12133.0,0.0,0.0,0.0
indi_v2_2004q4,,,indi_mapped_n,12133.0,0.0,0.0,0.0
indi_v2_2004q4,,,indi_unmapped_n,12133.0,0.0,0.0,0.0
indi_v2_2004q4,,,indi_insomnia,12133.0,0.0,0.0,0.0
indi_v2_2004q4,,,indi_anxiety,12133.0,0.0,0.0,0.0
indi_v2_2004q4,,,indi_depression,12133.0,0.0,0.0,0.0
indi_v2_2004q4,,,indi_pain,12133.0,0.0,0.0,0.0
indi_v2_2004q4,,,indi_epilepsy,12133.0,0.0,0.0,0.0
indi_v2_2004q4,,,indi_dizziness_vertigo,12133.0,0.0,0.0,0.0
indi_v2_2004q4,,,indi_soc_blood_and_lymphatic_system_disorders,12133.0,0.0,0.0,0.0
indi_v2_2004q4,,,indi_soc_cardiac_disorders,12133.0,0.0,0.0,0.0
indi_v2_2004q4,,,indi_soc_congenital_familial_and_genetic_disorders,12133.0,0.0,0.0,0.0
indi_v2_2004q4,,,indi_soc_ear_and_labyrinth_disorders,12133.0,0.0,0.0,0.0
indi_v2_2004q4,,,indi_soc_endocrine_disorders,12133.0,0.0,0.0,0.0
indi_v2_2004q4,,,indi_soc_eye_disorders,12133.0,0.0,0.0,0.0
indi_v2_2004q4,,,indi_soc_gastrointestinal_disorders,12133.0,0.0,0.0,0.0
indi_v2_2004q4,,,indi_soc_general_disorders_and_administration_site_conditions,12133.0,0.0,0.0,0.0
indi_v2_2004q4,,,indi_soc_hepatobiliary_disorders,12133.0,0.0,0.0,0.0
indi_v2_2004q4,,,indi_soc_immune_system_disorders,12133.0,0.0,0.0,0.0
indi_v2_2004q4,,,indi_soc_infections_and_infestations,12133.0,0.0,0.0,0.0
indi_v2_2004q4,,,indi_soc_injury_poisoning_and_procedural_complications,12133.0,0.0,0.0,0.0
indi_v2_2004q4,,,indi_soc_investigations,12133.0,0.0,0.0,0.0
indi_v2_2004q4,,,indi_soc_metabolism_and_nutrition_disorders,12133.0,0.0,0.0,0.0
indi_v2_2004q4,,,indi_soc_musculoskeletal_and_connective_tissue_disorders,12133.0,0.0,0.0,0.0
indi_v2_2004q4,,,indi_soc_neoplasms_benign_malignant_and_unspecified_incl_cysts_and_polyps,12133.0,0.0,0.0,0.0
indi_v2_2004q4,,,indi_soc_nervous_system_disorders,12133.0,0.0,0.0,0.0
indi_v2_2004q4,,,indi_soc_psychiatric_disorders,12133.0,0.0,0.0,0.0
indi_v2_2004q4,,,indi_soc_renal_and_urinary_disorders,12133.0,0.0,0.0,0.0
indi_v2_2004q4,,,indi_soc_reproductive_system_and_breast_disorders,12133.0,0.0,0.0,0.0
indi_v2_2004q4,,,indi_soc_respiratory_thoracic_and_mediastinal_disorders,12133.0,0.0,0.0,0.0
indi_v2_2004q4,,,indi_soc_skin_and_subcutaneous_tissue_disorders,12133.0,0.0,0.0,0.0
indi_v2_2004q4,,,indi_soc_social_circumstances,12133.0,0.0,0.0,0.0
indi_v2_2004q4,,,indi_soc_surgical_and_medical_procedures,12133.0,0.0,0.0,0.0
indi_v2_2004q4,,,indi_soc_vascular_disorders,12133.0,0.0,0.0,0.0
indi_v2_2005q1,n_rows,12164.0,,,,,
indi_v2_2005q1,unique_caseid,12164.0,,,,,
indi_v2_2005q1,duplicate_caseid_rows,0.0,,,,,
indi_v2_2005q1,,,caseid,12164.0,0.0,0.0,0.0
indi_v2_2005q1,,,indi_n,12164.0,0.0,0.0,0.0
indi_v2_2005q1,,,distinct_indi_n,12164.0,0.0,0.0,0.0
indi_v2_2005q1,,,indi_mapped_n,12164.0,0.0,0.0,0.0
indi_v2_2005q1,,,indi_unmapped_n,12164.0,0.0,0.0,0.0
indi_v2_2005q1,,,indi_insomnia,12164.0,0.0,0.0,0.0
indi_v2_2005q1,,,indi_anxiety,12164.0,0.0,0.0,0.0
indi_v2_2005q1,,,indi_depression,12164.0,0.0,0.0,0.0
indi_v2_2005q1,,,indi_pain,12164.0,0.0,0.0,0.0
indi_v2_2005q1,,,indi_epilepsy,12164.0,0.0,0.0,0.0
indi_v2_2005q1,,,indi_dizziness_vertigo,12164.0,0.0,0.0,0.0
indi_v2_2005q1,,,indi_soc_blood_and_lymphatic_system_disorders,12164.0,0.0,0.0,0.0
indi_v2_2005q1,,,indi_soc_cardiac_disorders,12164.0,0.0,0.0,0.0
indi_v2_2005q1,,,indi_soc_congenital_familial_and_genetic_disorders,12164.0,0.0,0.0,0.0
indi_v2_2005q1,,,indi_soc_ear_and_labyrinth_disorders,12164.0,0.0,0.0,0.0
indi_v2_2005q1,,,indi_soc_endocrine_disorders,12164.0,0.0,0.0,0.0
indi_v2_2005q1,,,indi_soc_eye_disorders,12164.0,0.0,0.0,0.0
indi_v2_2005q1,,,indi_soc_gastrointestinal_disorders,12164.0,0.0,0.0,0.0
indi_v2_2005q1,,,indi_soc_general_disorders_and_administration_site_conditions,12164.0,0.0,0.0,0.0
indi_v2_2005q1,,,indi_soc_hepatobiliary_disorders,12164.0,0.0,0.0,0.0
indi_v2_2005q1,,,indi_soc_immune_system_disorders,12164.0,0.0,0.0,0.0
indi_v2_2005q1,,,indi_soc_infections_and_infestations,12164.0,0.0,0.0,0.0
indi_v2_2005q1,,,indi_soc_injury_poisoning_and_procedural_complications,12164.0,0.0,0.0,0.0
indi_v2_2005q1,,,indi_soc_investigations,12164.0,0.0,0.0,0.0
indi_v2_2005q1,,,indi_soc_metabolism_and_nutrition_disorders,12164.0,0.0,0.0,0.0
indi_v2_2005q1,,,indi_soc_musculoskeletal_and_connective_tissue_disorders,12164.0,0.0,0.0,0.0
indi_v2_2005q1,,,indi_soc_neoplasms_benign_malignant_and_unspecified_incl_cysts_and_polyps,12164.0,0.0,0.0,0.0
indi_v2_2005q1,,,indi_soc_nervous_system_disorders,12164.0,0.0,0.0,0.0
indi_v2_2005q1,,,indi_soc_psychiatric_disorders,12164.0,0.0,0.0,0.0
indi_v2_2005q1,,,indi_soc_renal_and_urinary_disorders,12164.0,0.0,0.0,0.0
indi_v2_2005q1,,,indi_soc_reproductive_system_and_breast_disorders,12164.0,0.0,0.0,0.0
indi_v2_2005q1,,,indi_soc_respiratory_thoracic_and_mediastinal_disorders,12164.0,0.0,0.0,0.0
indi_v2_2005q1,,,indi_soc_skin_and_subcutaneous_tissue_disorders,12164.0,0.0,0.0,0.0
indi_v2_2005q1,,,indi_soc_social_circumstances,12164.0,0.0,0.0,0.0
indi_v2_2005q1,,,indi_soc_surgical_and_medical_procedures,12164.0,0.0,0.0,0.0
indi_v2_2005q1,,,indi_soc_vascular_disorders,12164.0,0.0,0.0,0.0
indi_v2_2005q2,n_rows,13684.0,,,,,
indi_v2_2005q2,unique_caseid,13684.0,,,,,
indi_v2_2005q2,duplicate_caseid_rows,0.0,,,,,
indi_v2_2005q2,,,caseid,13684.0,0.0,0.0,0.0
indi_v2_2005q2,,,indi_n,13684.0,0.0,0.0,0.0
indi_v2_2005q2,,,distinct_indi_n,13684.0,0.0,0.0,0.0
indi_v2_2005q2,,,indi_mapped_n,13684.0,0.0,0.0,0.0
indi_v2_2005q2,,,indi_unmapped_n,13684.0,0.0,0.0,0.0
indi_v2_2005q2,,,indi_insomnia,13684.0,0.0,0.0,0.0
indi_v2_2005q2,,,indi_anxiety,13684.0,0.0,0.0,0.0
indi_v2_2005q2,,,indi_depression,13684.0,0.0,0.0,0.0
indi_v2_2005q2,,,indi_pain,13684.0,0.0,0.0,0.0
indi_v2_2005q2,,,indi_epilepsy,13684.0,0.0,0.0,0.0
indi_v2_2005q2,,,indi_dizziness_vertigo,13684.0,0.0,0.0,0.0
indi_v2_2005q2,,,indi_soc_blood_and_lymphatic_system_disorders,13684.0,0.0,0.0,0.0
indi_v2_2005q2,,,indi_soc_cardiac_disorders,13684.0,0.0,0.0,0.0
indi_v2_2005q2,,,indi_soc_congenital_familial_and_genetic_disorders,13684.0,0.0,0.0,0.0
indi_v2_2005q2,,,indi_soc_ear_and_labyrinth_disorders,13684.0,0.0,0.0,0.0
indi_v2_2005q2,,,indi_soc_endocrine_disorders,13684.0,0.0,0.0,0.0
indi_v2_2005q2,,,indi_soc_eye_disorders,13684.0,0.0,0.0,0.0
indi_v2_2005q2,,,indi_soc_gastrointestinal_disorders,13684.0,0.0,0.0,0.0
indi_v2_2005q2,,,indi_soc_general_disorders_and_administration_site_conditions,13684.0,0.0,0.0,0.0
indi_v2_2005q2,,,indi_soc_hepatobiliary_disorders,13684.0,0.0,0.0,0.0
indi_v2_2005q2,,,indi_soc_immune_system_disorders,13684.0,0.0,0.0,0.0
indi_v2_2005q2,,,indi_soc_infections_and_infestations,13684.0,0.0,0.0,0.0
indi_v2_2005q2,,,indi_soc_injury_poisoning_and_procedural_complications,13684.0,0.0,0.0,0.0
indi_v2_2005q2,,,indi_soc_investigations,13684.0,0.0,0.0,0.0
indi_v2_2005q2,,,indi_soc_metabolism_and_nutrition_disorders,13684.0,0.0,0.0,0.0
indi_v2_2005q2,,,indi_soc_musculoskeletal_and_connective_tissue_disorders,13684.0,0.0,0.0,0.0
indi_v2_2005q2,,,indi_soc_neoplasms_benign_malignant_and_unspecified_incl_cysts_and_polyps,13684.0,0.0,0.0,0.0
indi_v2_2005q2,,,indi_soc_nervous_system_disorders,13684.0,0.0,0.0,0.0
indi_v2_2005q2,,,indi_soc_psychiatric_disorders,13684.0,0.0,0.0,0.0
indi_v2_2005q2,,,indi_soc_renal_and_urinary_disorders,13684.0,0.0,0.0,0.0
indi_v2_2005q2,,,indi_soc_reproductive_system_and_breast_disorders,13684.0,0.0,0.0,0.0
indi_v2_2005q2,,,indi_soc_respiratory_thoracic_and_mediastinal_disorders,13684.0,0.0,0.0,0.0
indi_v2_2005q2,,,indi_soc_skin_and_subcutaneous_tissue_disorders,13684.0,0.0,0.0,0.0
indi_v2_2005q2,,,indi_soc_social_circumstances,13684.0,0.0,0.0,0.0
indi_v2_2005q2,,,indi_soc_surgical_and_medical_procedures,13684.0,0.0,0.0,0.0
indi_v2_2005q2,,,indi_soc_vascular_disorders,13684.0,0.0,0.0,0.0
indi_v2_2005q3,n_rows,13179.0,,,,,
indi_v2_2005q3,unique_caseid,13179.0,,,,,
indi_v2_2005q3,duplicate_caseid_rows,0.0,,,,,
indi_v2_2005q3,,,caseid,13179.0,0.0,0.0,0.0
indi_v2_2005q3,,,indi_n,13179.0,0.0,0.0,0.0
indi_v2_2005q3,,,distinct_indi_n,13179.0,0.0,0.0,0.0
indi_v2_2005q3,,,indi_mapped_n,13179.0,0.0,0.0,0.0
indi_v2_2005q3,,,indi_unmapped_n,13179.0,0.0,0.0,0.0
indi_v2_2005q3,,,indi_insomnia,13179.0,0.0,0.0,0.0
indi_v2_2005q3,,,indi_anxiety,13179.0,0.0,0.0,0.0
indi_v2_2005q3,,,indi_depression,13179.0,0.0,0.0,0.0
indi_v2_2005q3,,,indi_pain,13179.0,0.0,0.0,0.0
indi_v2_2005q3,,,indi_epilepsy,13179.0,0.0,0.0,0.0
indi_v2_2005q3,,,indi_dizziness_vertigo,13179.0,0.0,0.0,0.0
indi_v2_2005q3,,,indi_soc_blood_and_lymphatic_system_disorders,13179.0,0.0,0.0,0.0
indi_v2_2005q3,,,indi_soc_cardiac_disorders,13179.0,0.0,0.0,0.0
indi_v2_2005q3,,,indi_soc_congenital_familial_and_genetic_disorders,13179.0,0.0,0.0,0.0
indi_v2_2005q3,,,indi_soc_ear_and_labyrinth_disorders,13179.0,0.0,0.0,0.0
indi_v2_2005q3,,,indi_soc_endocrine_disorders,13179.0,0.0,0.0,0.0
indi_v2_2005q3,,,indi_soc_eye_disorders,13179.0,0.0,0.0,0.0
indi_v2_2005q3,,,indi_soc_gastrointestinal_disorders,13179.0,0.0,0.0,0.0
indi_v2_2005q3,,,indi_soc_general_disorders_and_administration_site_conditions,13179.0,0.0,0.0,0.0
indi_v2_2005q3,,,indi_soc_hepatobiliary_disorders,13179.0,0.0,0.0,0.0
indi_v2_2005q3,,,indi_soc_immune_system_disorders,13179.0,0.0,0.0,0.0
indi_v2_2005q3,,,indi_soc_infections_and_infestations,13179.0,0.0,0.0,0.0
indi_v2_2005q3,,,indi_soc_injury_poisoning_and_procedural_complications,13179.0,0.0,0.0,0.0
indi_v2_2005q3,,,indi_soc_investigations,13179.0,0.0,0.0,0.0
indi_v2_2005q3,,,indi_soc_metabolism_and_nutrition_disorders,13179.0,0.0,0.0,0.0
indi_v2_2005q3,,,indi_soc_musculoskeletal_and_connective_tissue_disorders,13179.0,0.0,0.0,0.0
indi_v2_2005q3,,,indi_soc_neoplasms_benign_malignant_and_unspecified_incl_cysts_and_polyps,13179.0,0.0,0.0,0.0
indi_v2_2005q3,,,indi_soc_nervous_system_disorders,13179.0,0.0,0.0,0.0
indi_v2_2005q3,,,indi_soc_product_issues,13179.0,0.0,0.0,0.0
indi_v2_2005q3,,,indi_soc_psychiatric_disorders,13179.0,0.0,0.0,0.0
indi_v2_2005q3,,,indi_soc_renal_and_urinary_disorders,13179.0,0.0,0.0,0.0
indi_v2_2005q3,,,indi_soc_reproductive_system_and_breast_disorders,13179.0,0.0,0.0,0.0
indi_v2_2005q3,,,indi_soc_respiratory_thoracic_and_mediastinal_disorders,13179.0,0.0,0.0,0.0
indi_v2_2005q3,,,indi_soc_skin_and_subcutaneous_tissue_disorders,13179.0,0.0,0.0,0.0
indi_v2_2005q3,,,indi_soc_social_circumstances,13179.0,0.0,0.0,0.0
indi_v2_2005q3,,,indi_soc_surgical_and_medical_procedures,13179.0,0.0,0.0,0.0
indi_v2_2005q3,,,indi_soc_vascular_disorders,13179.0,0.0,0.0,0.0
indi_v2_2005q4,n_rows,13086.0,,,,,
indi_v2_2005q4,unique_caseid,13086.0,,,,,
indi_v2_2005q4,duplicate_caseid_rows,0.0,,,,,
indi_v2_2005q4,,,caseid,13086.0,0.0,0.0,0.0
indi_v2_2005q4,,,indi_n,13086.0,0.0,0.0,0.0
indi_v2_2005q4,,,distinct_indi_n,13086.0,0.0,0.0,0.0
indi_v2_2005q4,,,indi_mapped_n,13086.0,0.0,0.0,0.0
indi_v2_2005q4,,,indi_unmapped_n,13086.0,0.0,0.0,0.0
indi_v2_2005q4,,,indi_insomnia,13086.0,0.0,0.0,0.0
indi_v2_2005q4,,,indi_anxiety,13086.0,0.0,0.0,0.0
indi_v2_2005q4,,,indi_depression,13086.0,0.0,0.0,0.0
indi_v2_2005q4,,,indi_pain,13086.0,0.0,0.0,0.0
indi_v2_2005q4,,,indi_epilepsy,13086.0,0.0,0.0,0.0
indi_v2_2005q4,,,indi_dizziness_vertigo,13086.0,0.0,0.0,0.0
indi_v2_2005q4,,,indi_soc_blood_and_lymphatic_system_disorders,13086.0,0.0,0.0,0.0
indi_v2_2005q4,,,indi_soc_cardiac_disorders,13086.0,0.0,0.0,0.0
indi_v2_2005q4,,,indi_soc_congenital_familial_and_genetic_disorders,13086.0,0.0,0.0,0.0
indi_v2_2005q4,,,indi_soc_ear_and_labyrinth_disorders,13086.0,0.0,0.0,0.0
indi_v2_2005q4,,,indi_soc_endocrine_disorders,13086.0,0.0,0.0,0.0
indi_v2_2005q4,,,indi_soc_eye_disorders,13086.0,0.0,0.0,0.0
indi_v2_2005q4,,,indi_soc_gastrointestinal_disorders,13086.0,0.0,0.0,0.0
indi_v2_2005q4,,,indi_soc_general_disorders_and_administration_site_conditions,13086.0,0.0,0.0,0.0
indi_v2_2005q4,,,indi_soc_hepatobiliary_disorders,13086.0,0.0,0.0,0.0
indi_v2_2005q4,,,indi_soc_immune_system_disorders,13086.0,0.0,0.0,0.0
indi_v2_2005q4,,,indi_soc_infections_and_infestations,13086.0,0.0,0.0,0.0
indi_v2_2005q4,,,indi_soc_injury_poisoning_and_procedural_complications,13086.0,0.0,0.0,0.0
indi_v2_2005q4,,,indi_soc_investigations,13086.0,0.0,0.0,0.0
indi_v2_2005q4,,,indi_soc_metabolism_and_nutrition_disorders,13086.0,0.0,0.0,0.0
indi_v2_2005q4,,,indi_soc_musculoskeletal_and_connective_tissue_disorders,13086.0,0.0,0.0,0.0
indi_v2_2005q4,,,indi_soc_neoplasms_benign_malignant_and_unspecified_incl_cysts_and_polyps,13086.0,0.0,0.0,0.0
indi_v2_2005q4,,,indi_soc_nervous_system_disorders,13086.0,0.0,0.0,0.0
indi_v2_2005q4,,,indi_soc_psychiatric_disorders,13086.0,0.0,0.0,0.0
indi_v2_2005q4,,,indi_soc_renal_and_urinary_disorders,13086.0,0.0,0.0,0.0
indi_v2_2005q4,,,indi_soc_reproductive_system_and_breast_disorders,13086.0,0.0,0.0,0.0
indi_v2_2005q4,,,indi_soc_respiratory_thoracic_and_mediastinal_disorders,13086.0,0.0,0.0,0.0
indi_v2_2005q4,,,indi_soc_skin_and_subcutaneous_tissue_disorders,13086.0,0.0,0.0,0.0
indi_v2_2005q4,,,indi_soc_social_circumstances,13086.0,0.0,0.0,0.0
indi_v2_2005q4,,,indi_soc_surgical_and_medical_procedures,13086.0,0.0,0.0,0.0
indi_v2_2005q4,,,indi_soc_vascular_disorders,13086.0,0.0,0.0,0.0
indi_v2_2006q1,n_rows,14022.0,,,,,
indi_v2_2006q1,unique_caseid,14022.0,,,,,
indi_v2_2006q1,duplicate_caseid_rows,0.0,,,,,
indi_v2_2006q1,,,caseid,14022.0,0.0,0.0,0.0
indi_v2_2006q1,,,indi_n,14022.0,0.0,0.0,0.0
indi_v2_2006q1,,,distinct_indi_n,14022.0,0.0,0.0,0.0
indi_v2_2006q1,,,indi_mapped_n,14022.0,0.0,0.0,0.0
indi_v2_2006q1,,,indi_unmapped_n,14022.0,0.0,0.0,0.0
indi_v2_2006q1,,,indi_insomnia,14022.0,0.0,0.0,0.0
indi_v2_2006q1,,,indi_anxiety,14022.0,0.0,0.0,0.0
indi_v2_2006q1,,,indi_depression,14022.0,0.0,0.0,0.0
indi_v2_2006q1,,,indi_pain,14022.0,0.0,0.0,0.0
indi_v2_2006q1,,,indi_epilepsy,14022.0,0.0,0.0,0.0
indi_v2_2006q1,,,indi_dizziness_vertigo,14022.0,0.0,0.0,0.0
indi_v2_2006q1,,,indi_soc_blood_and_lymphatic_system_disorders,14022.0,0.0,0.0,0.0
indi_v2_2006q1,,,indi_soc_cardiac_disorders,14022.0,0.0,0.0,0.0
indi_v2_2006q1,,,indi_soc_congenital_familial_and_genetic_disorders,14022.0,0.0,0.0,0.0
indi_v2_2006q1,,,indi_soc_ear_and_labyrinth_disorders,14022.0,0.0,0.0,0.0
indi_v2_2006q1,,,indi_soc_endocrine_disorders,14022.0,0.0,0.0,0.0
indi_v2_2006q1,,,indi_soc_eye_disorders,14022.0,0.0,0.0,0.0
indi_v2_2006q1,,,indi_soc_gastrointestinal_disorders,14022.0,0.0,0.0,0.0
indi_v2_2006q1,,,indi_soc_general_disorders_and_administration_site_conditions,14022.0,0.0,0.0,0.0
indi_v2_2006q1,,,indi_soc_hepatobiliary_disorders,14022.0,0.0,0.0,0.0
indi_v2_2006q1,,,indi_soc_immune_system_disorders,14022.0,0.0,0.0,0.0
indi_v2_2006q1,,,indi_soc_infections_and_infestations,14022.0,0.0,0.0,0.0
indi_v2_2006q1,,,indi_soc_injury_poisoning_and_procedural_complications,14022.0,0.0,0.0,0.0
indi_v2_2006q1,,,indi_soc_investigations,14022.0,0.0,0.0,0.0
indi_v2_2006q1,,,indi_soc_metabolism_and_nutrition_disorders,14022.0,0.0,0.0,0.0
indi_v2_2006q1,,,indi_soc_musculoskeletal_and_connective_tissue_disorders,14022.0,0.0,0.0,0.0
indi_v2_2006q1,,,indi_soc_neoplasms_benign_malignant_and_unspecified_incl_cysts_and_polyps,14022.0,0.0,0.0,0.0
indi_v2_2006q1,,,indi_soc_nervous_system_disorders,14022.0,0.0,0.0,0.0
indi_v2_2006q1,,,indi_soc_pregnancy_puerperium_and_perinatal_conditions,14022.0,0.0,0.0,0.0
indi_v2_2006q1,,,indi_soc_product_issues,14022.0,0.0,0.0,0.0
indi_v2_2006q1,,,indi_soc_psychiatric_disorders,14022.0,0.0,0.0,0.0
indi_v2_2006q1,,,indi_soc_renal_and_urinary_disorders,14022.0,0.0,0.0,0.0
indi_v2_2006q1,,,indi_soc_reproductive_system_and_breast_disorders,14022.0,0.0,0.0,0.0
indi_v2_2006q1,,,indi_soc_respiratory_thoracic_and_mediastinal_disorders,14022.0,0.0,0.0,0.0
indi_v2_2006q1,,,indi_soc_skin_and_subcutaneous_tissue_disorders,14022.0,0.0,0.0,0.0
indi_v2_2006q1,,,indi_soc_social_circumstances,14022.0,0.0,0.0,0.0
indi_v2_2006q1,,,indi_soc_surgical_and_medical_procedures,14022.0,0.0,0.0,0.0
indi_v2_2006q1,,,indi_soc_vascular_disorders,14022.0,0.0,0.0,0.0
indi_v2_2006q2,n_rows,13967.0,,,,,
indi_v2_2006q2,unique_caseid,13967.0,,,,,
indi_v2_2006q2,duplicate_caseid_rows,0.0,,,,,
indi_v2_2006q2,,,caseid,13967.0,0.0,0.0,0.0
indi_v2_2006q2,,,indi_n,13967.0,0.0,0.0,0.0
indi_v2_2006q2,,,distinct_indi_n,13967.0,0.0,0.0,0.0
indi_v2_2006q2,,,indi_mapped_n,13967.0,0.0,0.0,0.0
indi_v2_2006q2,,,indi_unmapped_n,13967.0,0.0,0.0,0.0
indi_v2_2006q2,,,indi_insomnia,13967.0,0.0,0.0,0.0
indi_v2_2006q2,,,indi_anxiety,13967.0,0.0,0.0,0.0
indi_v2_2006q2,,,indi_depression,13967.0,0.0,0.0,0.0
indi_v2_2006q2,,,indi_pain,13967.0,0.0,0.0,0.0
indi_v2_2006q2,,,indi_epilepsy,13967.0,0.0,0.0,0.0
indi_v2_2006q2,,,indi_dizziness_vertigo,13967.0,0.0,0.0,0.0
indi_v2_2006q2,,,indi_soc_blood_and_lymphatic_system_disorders,13967.0,0.0,0.0,0.0
indi_v2_2006q2,,,indi_soc_cardiac_disorders,13967.0,0.0,0.0,0.0
indi_v2_2006q2,,,indi_soc_congenital_familial_and_genetic_disorders,13967.0,0.0,0.0,0.0
indi_v2_2006q2,,,indi_soc_ear_and_labyrinth_disorders,13967.0,0.0,0.0,0.0
indi_v2_2006q2,,,indi_soc_endocrine_disorders,13967.0,0.0,0.0,0.0
indi_v2_2006q2,,,indi_soc_eye_disorders,13967.0,0.0,0.0,0.0
indi_v2_2006q2,,,indi_soc_gastrointestinal_disorders,13967.0,0.0,0.0,0.0
indi_v2_2006q2,,,indi_soc_general_disorders_and_administration_site_conditions,13967.0,0.0,0.0,0.0
indi_v2_2006q2,,,indi_soc_hepatobiliary_disorders,13967.0,0.0,0.0,0.0
indi_v2_2006q2,,,indi_soc_immune_system_disorders,13967.0,0.0,0.0,0.0
indi_v2_2006q2,,,indi_soc_infections_and_infestations,13967.0,0.0,0.0,0.0
indi_v2_2006q2,,,indi_soc_injury_poisoning_and_procedural_complications,13967.0,0.0,0.0,0.0
indi_v2_2006q2,,,indi_soc_investigations,13967.0,0.0,0.0,0.0
indi_v2_2006q2,,,indi_soc_metabolism_and_nutrition_disorders,13967.0,0.0,0.0,0.0
indi_v2_2006q2,,,indi_soc_musculoskeletal_and_connective_tissue_disorders,13967.0,0.0,0.0,0.0
indi_v2_2006q2,,,indi_soc_neoplasms_benign_malignant_and_unspecified_incl_cysts_and_polyps,13967.0,0.0,0.0,0.0
indi_v2_2006q2,,,indi_soc_nervous_system_disorders,13967.0,0.0,0.0,0.0
indi_v2_2006q2,,,indi_soc_psychiatric_disorders,13967.0,0.0,0.0,0.0
indi_v2_2006q2,,,indi_soc_renal_and_urinary_disorders,13967.0,0.0,0.0,0.0
indi_v2_2006q2,,,indi_soc_reproductive_system_and_breast_disorders,13967.0,0.0,0.0,0.0
indi_v2_2006q2,,,indi_soc_respiratory_thoracic_and_mediastinal_disorders,13967.0,0.0,0.0,0.0
indi_v2_2006q2,,,indi_soc_skin_and_subcutaneous_tissue_disorders,13967.0,0.0,0.0,0.0
indi_v2_2006q2,,,indi_soc_social_circumstances,13967.0,0.0,0.0,0.0
indi_v2_2006q2,,,indi_soc_surgical_and_medical_procedures,13967.0,0.0,0.0,0.0
indi_v2_2006q2,,,indi_soc_vascular_disorders,13967.0,0.0,0.0,0.0
indi_v2_2006q3,n_rows,12070.0,,,,,
indi_v2_2006q3,unique_caseid,12070.0,,,,,
indi_v2_2006q3,duplicate_caseid_rows,0.0,,,,,
indi_v2_2006q3,,,caseid,12070.0,0.0,0.0,0.0
indi_v2_2006q3,,,indi_n,12070.0,0.0,0.0,0.0
indi_v2_2006q3,,,distinct_indi_n,12070.0,0.0,0.0,0.0
indi_v2_2006q3,,,indi_mapped_n,12070.0,0.0,0.0,0.0
indi_v2_2006q3,,,indi_unmapped_n,12070.0,0.0,0.0,0.0
indi_v2_2006q3,,,indi_insomnia,12070.0,0.0,0.0,0.0
indi_v2_2006q3,,,indi_anxiety,12070.0,0.0,0.0,0.0
indi_v2_2006q3,,,indi_depression,12070.0,0.0,0.0,0.0
indi_v2_2006q3,,,indi_pain,12070.0,0.0,0.0,0.0
indi_v2_2006q3,,,indi_epilepsy,12070.0,0.0,0.0,0.0
indi_v2_2006q3,,,indi_dizziness_vertigo,12070.0,0.0,0.0,0.0
indi_v2_2006q3,,,indi_soc_blood_and_lymphatic_system_disorders,12070.0,0.0,0.0,0.0
indi_v2_2006q3,,,indi_soc_cardiac_disorders,12070.0,0.0,0.0,0.0
indi_v2_2006q3,,,indi_soc_congenital_familial_and_genetic_disorders,12070.0,0.0,0.0,0.0
indi_v2_2006q3,,,indi_soc_ear_and_labyrinth_disorders,12070.0,0.0,0.0,0.0
indi_v2_2006q3,,,indi_soc_endocrine_disorders,12070.0,0.0,0.0,0.0
indi_v2_2006q3,,,indi_soc_eye_disorders,12070.0,0.0,0.0,0.0
indi_v2_2006q3,,,indi_soc_gastrointestinal_disorders,12070.0,0.0,0.0,0.0
indi_v2_2006q3,,,indi_soc_general_disorders_and_administration_site_conditions,12070.0,0.0,0.0,0.0
indi_v2_2006q3,,,indi_soc_hepatobiliary_disorders,12070.0,0.0,0.0,0.0
indi_v2_2006q3,,,indi_soc_immune_system_disorders,12070.0,0.0,0.0,0.0
indi_v2_2006q3,,,indi_soc_infections_and_infestations,12070.0,0.0,0.0,0.0
indi_v2_2006q3,,,indi_soc_injury_poisoning_and_procedural_complications,12070.0,0.0,0.0,0.0
indi_v2_2006q3,,,indi_soc_investigations,12070.0,0.0,0.0,0.0
indi_v2_2006q3,,,indi_soc_metabolism_and_nutrition_disorders,12070.0,0.0,0.0,0.0
indi_v2_2006q3,,,indi_soc_musculoskeletal_and_connective_tissue_disorders,12070.0,0.0,0.0,0.0
indi_v2_2006q3,,,indi_soc_neoplasms_benign_malignant_and_unspecified_incl_cysts_and_polyps,12070.0,0.0,0.0,0.0
indi_v2_2006q3,,,indi_soc_nervous_system_disorders,12070.0,0.0,0.0,0.0
indi_v2_2006q3,,,indi_soc_psychiatric_disorders,12070.0,0.0,0.0,0.0
indi_v2_2006q3,,,indi_soc_renal_and_urinary_disorders,12070.0,0.0,0.0,0.0
indi_v2_2006q3,,,indi_soc_reproductive_system_and_breast_disorders,12070.0,0.0,0.0,0.0
indi_v2_2006q3,,,indi_soc_respiratory_thoracic_and_mediastinal_disorders,12070.0,0.0,0.0,0.0
indi_v2_2006q3,,,indi_soc_skin_and_subcutaneous_tissue_disorders,12070.0,0.0,0.0,0.0
indi_v2_2006q3,,,indi_soc_social_circumstances,12070.0,0.0,0.0,0.0
indi_v2_2006q3,,,indi_soc_surgical_and_medical_procedures,12070.0,0.0,0.0,0.0
indi_v2_2006q3,,,indi_soc_vascular_disorders,12070.0,0.0,0.0,0.0
indi_v2_2006q4,n_rows,11799.0,,,,,
indi_v2_2006q4,unique_caseid,11799.0,,,,,
indi_v2_2006q4,duplicate_caseid_rows,0.0,,,,,
indi_v2_2006q4,,,caseid,11799.0,0.0,0.0,0.0
indi_v2_2006q4,,,indi_n,11799.0,0.0,0.0,0.0
indi_v2_2006q4,,,distinct_indi_n,11799.0,0.0,0.0,0.0
indi_v2_2006q4,,,indi_mapped_n,11799.0,0.0,0.0,0.0
indi_v2_2006q4,,,indi_unmapped_n,11799.0,0.0,0.0,0.0
indi_v2_2006q4,,,indi_insomnia,11799.0,0.0,0.0,0.0
indi_v2_2006q4,,,indi_anxiety,11799.0,0.0,0.0,0.0
indi_v2_2006q4,,,indi_depression,11799.0,0.0,0.0,0.0
indi_v2_2006q4,,,indi_pain,11799.0,0.0,0.0,0.0
indi_v2_2006q4,,,indi_epilepsy,11799.0,0.0,0.0,0.0
indi_v2_2006q4,,,indi_dizziness_vertigo,11799.0,0.0,0.0,0.0
indi_v2_2006q4,,,indi_soc_blood_and_lymphatic_system_disorders,11799.0,0.0,0.0,0.0
indi_v2_2006q4,,,indi_soc_cardiac_disorders,11799.0,0.0,0.0,0.0
indi_v2_2006q4,,,indi_soc_congenital_familial_and_genetic_disorders,11799.0,0.0,0.0,0.0
indi_v2_2006q4,,,indi_soc_ear_and_labyrinth_disorders,11799.0,0.0,0.0,0.0
indi_v2_2006q4,,,indi_soc_endocrine_disorders,11799.0,0.0,0.0,0.0
indi_v2_2006q4,,,indi_soc_eye_disorders,11799.0,0.0,0.0,0.0
indi_v2_2006q4,,,indi_soc_gastrointestinal_disorders,11799.0,0.0,0.0,0.0
indi_v2_2006q4,,,indi_soc_general_disorders_and_administration_site_conditions,11799.0,0.0,0.0,0.0
indi_v2_2006q4,,,indi_soc_hepatobiliary_disorders,11799.0,0.0,0.0,0.0
indi_v2_2006q4,,,indi_soc_immune_system_disorders,11799.0,0.0,0.0,0.0
indi_v2_2006q4,,,indi_soc_infections_and_infestations,11799.0,0.0,0.0,0.0
indi_v2_2006q4,,,indi_soc_injury_poisoning_and_procedural_complications,11799.0,0.0,0.0,0.0
indi_v2_2006q4,,,indi_soc_investigations,11799.0,0.0,0.0,0.0
indi_v2_2006q4,,,indi_soc_metabolism_and_nutrition_disorders,11799.0,0.0,0.0,0.0
indi_v2_2006q4,,,indi_soc_musculoskeletal_and_connective_tissue_disorders,11799.0,0.0,0.0,0.0
indi_v2_2006q4,,,indi_soc_neoplasms_benign_malignant_and_unspecified_incl_cysts_and_polyps,11799.0,0.0,0.0,0.0
indi_v2_2006q4,,,indi_soc_nervous_system_disorders,11799.0,0.0,0.0,0.0
indi_v2_2006q4,,,indi_soc_product_issues,11799.0,0.0,0.0,0.0
indi_v2_2006q4,,,indi_soc_psychiatric_disorders,11799.0,0.0,0.0,0.0
indi_v2_2006q4,,,indi_soc_renal_and_urinary_disorders,11799.0,0.0,0.0,0.0
indi_v2_2006q4,,,indi_soc_reproductive_system_and_breast_disorders,11799.0,0.0,0.0,0.0
indi_v2_2006q4,,,indi_soc_respiratory_thoracic_and_mediastinal_disorders,11799.0,0.0,0.0,0.0
indi_v2_2006q4,,,indi_soc_skin_and_subcutaneous_tissue_disorders,11799.0,0.0,0.0,0.0
indi_v2_2006q4,,,indi_soc_social_circumstances,11799.0,0.0,0.0,0.0
indi_v2_2006q4,,,indi_soc_surgical_and_medical_procedures,11799.0,0.0,0.0,0.0
indi_v2_2006q4,,,indi_soc_vascular_disorders,11799.0,0.0,0.0,0.0
indi_v2_2007q1,n_rows,13019.0,,,,,
indi_v2_2007q1,unique_caseid,13019.0,,,,,
indi_v2_2007q1,duplicate_caseid_rows,0.0,,,,,
indi_v2_2007q1,,,caseid,13019.0,0.0,0.0,0.0
indi_v2_2007q1,,,indi_n,13019.0,0.0,0.0,0.0
indi_v2_2007q1,,,distinct_indi_n,13019.0,0.0,0.0,0.0
indi_v2_2007q1,,,indi_mapped_n,13019.0,0.0,0.0,0.0
indi_v2_2007q1,,,indi_unmapped_n,13019.0,0.0,0.0,0.0
indi_v2_2007q1,,,indi_insomnia,13019.0,0.0,0.0,0.0
indi_v2_2007q1,,,indi_anxiety,13019.0,0.0,0.0,0.0
indi_v2_2007q1,,,indi_depression,13019.0,0.0,0.0,0.0
indi_v2_2007q1,,,indi_pain,13019.0,0.0,0.0,0.0
indi_v2_2007q1,,,indi_epilepsy,13019.0,0.0,0.0,0.0
indi_v2_2007q1,,,indi_dizziness_vertigo,13019.0,0.0,0.0,0.0
indi_v2_2007q1,,,indi_soc_blood_and_lymphatic_system_disorders,13019.0,0.0,0.0,0.0
indi_v2_2007q1,,,indi_soc_cardiac_disorders,13019.0,0.0,0.0,0.0
indi_v2_2007q1,,,indi_soc_congenital_familial_and_genetic_disorders,13019.0,0.0,0.0,0.0
indi_v2_2007q1,,,indi_soc_ear_and_labyrinth_disorders,13019.0,0.0,0.0,0.0
indi_v2_2007q1,,,indi_soc_endocrine_disorders,13019.0,0.0,0.0,0.0
indi_v2_2007q1,,,indi_soc_eye_disorders,13019.0,0.0,0.0,0.0
indi_v2_2007q1,,,indi_soc_gastrointestinal_disorders,13019.0,0.0,0.0,0.0
indi_v2_2007q1,,,indi_soc_general_disorders_and_administration_site_conditions,13019.0,0.0,0.0,0.0
indi_v2_2007q1,,,indi_soc_hepatobiliary_disorders,13019.0,0.0,0.0,0.0
indi_v2_2007q1,,,indi_soc_immune_system_disorders,13019.0,0.0,0.0,0.0
indi_v2_2007q1,,,indi_soc_infections_and_infestations,13019.0,0.0,0.0,0.0
indi_v2_2007q1,,,indi_soc_injury_poisoning_and_procedural_complications,13019.0,0.0,0.0,0.0
indi_v2_2007q1,,,indi_soc_investigations,13019.0,0.0,0.0,0.0
indi_v2_2007q1,,,indi_soc_metabolism_and_nutrition_disorders,13019.0,0.0,0.0,0.0
indi_v2_2007q1,,,indi_soc_musculoskeletal_and_connective_tissue_disorders,13019.0,0.0,0.0,0.0
indi_v2_2007q1,,,indi_soc_neoplasms_benign_malignant_and_unspecified_incl_cysts_and_polyps,13019.0,0.0,0.0,0.0
indi_v2_2007q1,,,indi_soc_nervous_system_disorders,13019.0,0.0,0.0,0.0
indi_v2_2007q1,,,indi_soc_product_issues,13019.0,0.0,0.0,0.0
indi_v2_2007q1,,,indi_soc_psychiatric_disorders,13019.0,0.0,0.0,0.0
indi_v2_2007q1,,,indi_soc_renal_and_urinary_disorders,13019.0,0.0,0.0,0.0
indi_v2_2007q1,,,indi_soc_reproductive_system_and_breast_disorders,13019.0,0.0,0.0,0.0
indi_v2_2007q1,,,indi_soc_respiratory_thoracic_and_mediastinal_disorders,13019.0,0.0,0.0,0.0
indi_v2_2007q1,,,indi_soc_skin_and_subcutaneous_tissue_disorders,13019.0,0.0,0.0,0.0
indi_v2_2007q1,,,indi_soc_social_circumstances,13019.0,0.0,0.0,0.0
indi_v2_2007q1,,,indi_soc_surgical_and_medical_procedures,13019.0,0.0,0.0,0.0
indi_v2_2007q1,,,indi_soc_vascular_disorders,13019.0,0.0,0.0,0.0
indi_v2_2007q2,n_rows,11972.0,,,,,
indi_v2_2007q2,unique_caseid,11972.0,,,,,
indi_v2_2007q2,duplicate_caseid_rows,0.0,,,,,
indi_v2_2007q2,,,caseid,11972.0,0.0,0.0,0.0
indi_v2_2007q2,,,indi_n,11972.0,0.0,0.0,0.0
indi_v2_2007q2,,,distinct_indi_n,11972.0,0.0,0.0,0.0
indi_v2_2007q2,,,indi_mapped_n,11972.0,0.0,0.0,0.0
indi_v2_2007q2,,,indi_unmapped_n,11972.0,0.0,0.0,0.0
indi_v2_2007q2,,,indi_insomnia,11972.0,0.0,0.0,0.0
indi_v2_2007q2,,,indi_anxiety,11972.0,0.0,0.0,0.0
indi_v2_2007q2,,,indi_depression,11972.0,0.0,0.0,0.0
indi_v2_2007q2,,,indi_pain,11972.0,0.0,0.0,0.0
indi_v2_2007q2,,,indi_epilepsy,11972.0,0.0,0.0,0.0
indi_v2_2007q2,,,indi_dizziness_vertigo,11972.0,0.0,0.0,0.0
indi_v2_2007q2,,,indi_soc_blood_and_lymphatic_system_disorders,11972.0,0.0,0.0,0.0
indi_v2_2007q2,,,indi_soc_cardiac_disorders,11972.0,0.0,0.0,0.0
indi_v2_2007q2,,,indi_soc_congenital_familial_and_genetic_disorders,11972.0,0.0,0.0,0.0
indi_v2_2007q2,,,indi_soc_ear_and_labyrinth_disorders,11972.0,0.0,0.0,0.0
indi_v2_2007q2,,,indi_soc_endocrine_disorders,11972.0,0.0,0.0,0.0
indi_v2_2007q2,,,indi_soc_eye_disorders,11972.0,0.0,0.0,0.0
indi_v2_2007q2,,,indi_soc_gastrointestinal_disorders,11972.0,0.0,0.0,0.0
indi_v2_2007q2,,,indi_soc_general_disorders_and_administration_site_conditions,11972.0,0.0,0.0,0.0
indi_v2_2007q2,,,indi_soc_hepatobiliary_disorders,11972.0,0.0,0.0,0.0
indi_v2_2007q2,,,indi_soc_immune_system_disorders,11972.0,0.0,0.0,0.0
indi_v2_2007q2,,,indi_soc_infections_and_infestations,11972.0,0.0,0.0,0.0
indi_v2_2007q2,,,indi_soc_injury_poisoning_and_procedural_complications,11972.0,0.0,0.0,0.0
indi_v2_2007q2,,,indi_soc_investigations,11972.0,0.0,0.0,0.0
indi_v2_2007q2,,,indi_soc_metabolism_and_nutrition_disorders,11972.0,0.0,0.0,0.0
indi_v2_2007q2,,,indi_soc_musculoskeletal_and_connective_tissue_disorders,11972.0,0.0,0.0,0.0
indi_v2_2007q2,,,indi_soc_neoplasms_benign_malignant_and_unspecified_incl_cysts_and_polyps,11972.0,0.0,0.0,0.0
indi_v2_2007q2,,,indi_soc_nervous_system_disorders,11972.0,0.0,0.0,0.0
indi_v2_2007q2,,,indi_soc_product_issues,11972.0,0.0,0.0,0.0
indi_v2_2007q2,,,indi_soc_psychiatric_disorders,11972.0,0.0,0.0,0.0
indi_v2_2007q2,,,indi_soc_renal_and_urinary_disorders,11972.0,0.0,0.0,0.0
indi_v2_2007q2,,,indi_soc_reproductive_system_and_breast_disorders,11972.0,0.0,0.0,0.0
indi_v2_2007q2,,,indi_soc_respiratory_thoracic_and_mediastinal_disorders,11972.0,0.0,0.0,0.0
indi_v2_2007q2,,,indi_soc_skin_and_subcutaneous_tissue_disorders,11972.0,0.0,0.0,0.0
indi_v2_2007q2,,,indi_soc_social_circumstances,11972.0,0.0,0.0,0.0
indi_v2_2007q2,,,indi_soc_surgical_and_medical_procedures,11972.0,0.0,0.0,0.0
indi_v2_2007q2,,,indi_soc_vascular_disorders,11972.0,0.0,0.0,0.0
indi_v2_2007q3,n_rows,11643.0,,,,,
indi_v2_2007q3,unique_caseid,11643.0,,,,,
indi_v2_2007q3,duplicate_caseid_rows,0.0,,,,,
indi_v2_2007q3,,,caseid,11643.0,0.0,0.0,0.0
indi_v2_2007q3,,,indi_n,11643.0,0.0,0.0,0.0
indi_v2_2007q3,,,distinct_indi_n,11643.0,0.0,0.0,0.0
indi_v2_2007q3,,,indi_mapped_n,11643.0,0.0,0.0,0.0
indi_v2_2007q3,,,indi_unmapped_n,11643.0,0.0,0.0,0.0
indi_v2_2007q3,,,indi_insomnia,11643.0,0.0,0.0,0.0
indi_v2_2007q3,,,indi_anxiety,11643.0,0.0,0.0,0.0
indi_v2_2007q3,,,indi_depression,11643.0,0.0,0.0,0.0
indi_v2_2007q3,,,indi_pain,11643.0,0.0,0.0,0.0
indi_v2_2007q3,,,indi_epilepsy,11643.0,0.0,0.0,0.0
indi_v2_2007q3,,,indi_dizziness_vertigo,11643.0,0.0,0.0,0.0
indi_v2_2007q3,,,indi_soc_blood_and_lymphatic_system_disorders,11643.0,0.0,0.0,0.0
indi_v2_2007q3,,,indi_soc_cardiac_disorders,11643.0,0.0,0.0,0.0
indi_v2_2007q3,,,indi_soc_congenital_familial_and_genetic_disorders,11643.0,0.0,0.0,0.0
indi_v2_2007q3,,,indi_soc_ear_and_labyrinth_disorders,11643.0,0.0,0.0,0.0
indi_v2_2007q3,,,indi_soc_endocrine_disorders,11643.0,0.0,0.0,0.0
indi_v2_2007q3,,,indi_soc_eye_disorders,11643.0,0.0,0.0,0.0
indi_v2_2007q3,,,indi_soc_gastrointestinal_disorders,11643.0,0.0,0.0,0.0
indi_v2_2007q3,,,indi_soc_general_disorders_and_administration_site_conditions,11643.0,0.0,0.0,0.0
indi_v2_2007q3,,,indi_soc_hepatobiliary_disorders,11643.0,0.0,0.0,0.0
indi_v2_2007q3,,,indi_soc_immune_system_disorders,11643.0,0.0,0.0,0.0
indi_v2_2007q3,,,indi_soc_infections_and_infestations,11643.0,0.0,0.0,0.0
indi_v2_2007q3,,,indi_soc_injury_poisoning_and_procedural_complications,11643.0,0.0,0.0,0.0
indi_v2_2007q3,,,indi_soc_investigations,11643.0,0.0,0.0,0.0
indi_v2_2007q3,,,indi_soc_metabolism_and_nutrition_disorders,11643.0,0.0,0.0,0.0
indi_v2_2007q3,,,indi_soc_musculoskeletal_and_connective_tissue_disorders,11643.0,0.0,0.0,0.0
indi_v2_2007q3,,,indi_soc_neoplasms_benign_malignant_and_unspecified_incl_cysts_and_polyps,11643.0,0.0,0.0,0.0
indi_v2_2007q3,,,indi_soc_nervous_system_disorders,11643.0,0.0,0.0,0.0
indi_v2_2007q3,,,indi_soc_product_issues,11643.0,0.0,0.0,0.0
indi_v2_2007q3,,,indi_soc_psychiatric_disorders,11643.0,0.0,0.0,0.0
indi_v2_2007q3,,,indi_soc_renal_and_urinary_disorders,11643.0,0.0,0.0,0.0
indi_v2_2007q3,,,indi_soc_reproductive_system_and_breast_disorders,11643.0,0.0,0.0,0.0
indi_v2_2007q3,,,indi_soc_respiratory_thoracic_and_mediastinal_disorders,11643.0,0.0,0.0,0.0
indi_v2_2007q3,,,indi_soc_skin_and_subcutaneous_tissue_disorders,11643.0,0.0,0.0,0.0
indi_v2_2007q3,,,indi_soc_social_circumstances,11643.0,0.0,0.0,0.0
indi_v2_2007q3,,,indi_soc_surgical_and_medical_procedures,11643.0,0.0,0.0,0.0
indi_v2_2007q3,,,indi_soc_vascular_disorders,11643.0,0.0,0.0,0.0
indi_v2_2007q4,n_rows,12876.0,,,,,
indi_v2_2007q4,unique_caseid,12876.0,,,,,
indi_v2_2007q4,duplicate_caseid_rows,0.0,,,,,
indi_v2_2007q4,,,caseid,12876.0,0.0,0.0,0.0
indi_v2_2007q4,,,indi_n,12876.0,0.0,0.0,0.0
indi_v2_2007q4,,,distinct_indi_n,12876.0,0.0,0.0,0.0
indi_v2_2007q4,,,indi_mapped_n,12876.0,0.0,0.0,0.0
indi_v2_2007q4,,,indi_unmapped_n,12876.0,0.0,0.0,0.0
indi_v2_2007q4,,,indi_insomnia,12876.0,0.0,0.0,0.0
indi_v2_2007q4,,,indi_anxiety,12876.0,0.0,0.0,0.0
indi_v2_2007q4,,,indi_depression,12876.0,0.0,0.0,0.0
indi_v2_2007q4,,,indi_pain,12876.0,0.0,0.0,0.0
indi_v2_2007q4,,,indi_epilepsy,12876.0,0.0,0.0,0.0
indi_v2_2007q4,,,indi_dizziness_vertigo,12876.0,0.0,0.0,0.0
indi_v2_2007q4,,,indi_soc_blood_and_lymphatic_system_disorders,12876.0,0.0,0.0,0.0
indi_v2_2007q4,,,indi_soc_cardiac_disorders,12876.0,0.0,0.0,0.0
indi_v2_2007q4,,,indi_soc_congenital_familial_and_genetic_disorders,12876.0,0.0,0.0,0.0
indi_v2_2007q4,,,indi_soc_ear_and_labyrinth_disorders,12876.0,0.0,0.0,0.0
indi_v2_2007q4,,,indi_soc_endocrine_disorders,12876.0,0.0,0.0,0.0
indi_v2_2007q4,,,indi_soc_eye_disorders,12876.0,0.0,0.0,0.0
indi_v2_2007q4,,,indi_soc_gastrointestinal_disorders,12876.0,0.0,0.0,0.0
indi_v2_2007q4,,,indi_soc_general_disorders_and_administration_site_conditions,12876.0,0.0,0.0,0.0
indi_v2_2007q4,,,indi_soc_hepatobiliary_disorders,12876.0,0.0,0.0,0.0
indi_v2_2007q4,,,indi_soc_immune_system_disorders,12876.0,0.0,0.0,0.0
indi_v2_2007q4,,,indi_soc_infections_and_infestations,12876.0,0.0,0.0,0.0
indi_v2_2007q4,,,indi_soc_injury_poisoning_and_procedural_complications,12876.0,0.0,0.0,0.0
indi_v2_2007q4,,,indi_soc_investigations,12876.0,0.0,0.0,0.0
indi_v2_2007q4,,,indi_soc_metabolism_and_nutrition_disorders,12876.0,0.0,0.0,0.0
indi_v2_2007q4,,,indi_soc_musculoskeletal_and_connective_tissue_disorders,12876.0,0.0,0.0,0.0
indi_v2_2007q4,,,indi_soc_neoplasms_benign_malignant_and_unspecified_incl_cysts_and_polyps,12876.0,0.0,0.0,0.0
indi_v2_2007q4,,,indi_soc_nervous_system_disorders,12876.0,0.0,0.0,0.0
indi_v2_2007q4,,,indi_soc_psychiatric_disorders,12876.0,0.0,0.0,0.0
indi_v2_2007q4,,,indi_soc_renal_and_urinary_disorders,12876.0,0.0,0.0,0.0
indi_v2_2007q4,,,indi_soc_reproductive_system_and_breast_disorders,12876.0,0.0,0.0,0.0
indi_v2_2007q4,,,indi_soc_respiratory_thoracic_and_mediastinal_disorders,12876.0,0.0,0.0,0.0
indi_v2_2007q4,,,indi_soc_skin_and_subcutaneous_tissue_disorders,12876.0,0.0,0.0,0.0
indi_v2_2007q4,,,indi_soc_social_circumstances,12876.0,0.0,0.0,0.0
indi_v2_2007q4,,,indi_soc_surgical_and_medical_procedures,12876.0,0.0,0.0,0.0
indi_v2_2007q4,,,indi_soc_vascular_disorders,12876.0,0.0,0.0,0.0
indi_v2_2008q1,n_rows,13156.0,,,,,
indi_v2_2008q1,unique_caseid,13156.0,,,,,
indi_v2_2008q1,duplicate_caseid_rows,0.0,,,,,
indi_v2_2008q1,,,caseid,13156.0,0.0,0.0,0.0
indi_v2_2008q1,,,indi_n,13156.0,0.0,0.0,0.0
indi_v2_2008q1,,,distinct_indi_n,13156.0,0.0,0.0,0.0
indi_v2_2008q1,,,indi_mapped_n,13156.0,0.0,0.0,0.0
indi_v2_2008q1,,,indi_unmapped_n,13156.0,0.0,0.0,0.0
indi_v2_2008q1,,,indi_insomnia,13156.0,0.0,0.0,0.0
indi_v2_2008q1,,,indi_anxiety,13156.0,0.0,0.0,0.0
indi_v2_2008q1,,,indi_depression,13156.0,0.0,0.0,0.0
indi_v2_2008q1,,,indi_pain,13156.0,0.0,0.0,0.0
indi_v2_2008q1,,,indi_epilepsy,13156.0,0.0,0.0,0.0
indi_v2_2008q1,,,indi_dizziness_vertigo,13156.0,0.0,0.0,0.0
indi_v2_2008q1,,,indi_soc_blood_and_lymphatic_system_disorders,13156.0,0.0,0.0,0.0
indi_v2_2008q1,,,indi_soc_cardiac_disorders,13156.0,0.0,0.0,0.0
indi_v2_2008q1,,,indi_soc_congenital_familial_and_genetic_disorders,13156.0,0.0,0.0,0.0
indi_v2_2008q1,,,indi_soc_ear_and_labyrinth_disorders,13156.0,0.0,0.0,0.0
indi_v2_2008q1,,,indi_soc_endocrine_disorders,13156.0,0.0,0.0,0.0
indi_v2_2008q1,,,indi_soc_eye_disorders,13156.0,0.0,0.0,0.0
indi_v2_2008q1,,,indi_soc_gastrointestinal_disorders,13156.0,0.0,0.0,0.0
indi_v2_2008q1,,,indi_soc_general_disorders_and_administration_site_conditions,13156.0,0.0,0.0,0.0
indi_v2_2008q1,,,indi_soc_hepatobiliary_disorders,13156.0,0.0,0.0,0.0
indi_v2_2008q1,,,indi_soc_immune_system_disorders,13156.0,0.0,0.0,0.0
indi_v2_2008q1,,,indi_soc_infections_and_infestations,13156.0,0.0,0.0,0.0
indi_v2_2008q1,,,indi_soc_injury_poisoning_and_procedural_complications,13156.0,0.0,0.0,0.0
indi_v2_2008q1,,,indi_soc_investigations,13156.0,0.0,0.0,0.0
indi_v2_2008q1,,,indi_soc_metabolism_and_nutrition_disorders,13156.0,0.0,0.0,0.0
indi_v2_2008q1,,,indi_soc_musculoskeletal_and_connective_tissue_disorders,13156.0,0.0,0.0,0.0
indi_v2_2008q1,,,indi_soc_neoplasms_benign_malignant_and_unspecified_incl_cysts_and_polyps,13156.0,0.0,0.0,0.0
indi_v2_2008q1,,,indi_soc_nervous_system_disorders,13156.0,0.0,0.0,0.0
indi_v2_2008q1,,,indi_soc_psychiatric_disorders,13156.0,0.0,0.0,0.0
indi_v2_2008q1,,,indi_soc_renal_and_urinary_disorders,13156.0,0.0,0.0,0.0
indi_v2_2008q1,,,indi_soc_reproductive_system_and_breast_disorders,13156.0,0.0,0.0,0.0
indi_v2_2008q1,,,indi_soc_respiratory_thoracic_and_mediastinal_disorders,13156.0,0.0,0.0,0.0
indi_v2_2008q1,,,indi_soc_skin_and_subcutaneous_tissue_disorders,13156.0,0.0,0.0,0.0
indi_v2_2008q1,,,indi_soc_social_circumstances,13156.0,0.0,0.0,0.0
indi_v2_2008q1,,,indi_soc_surgical_and_medical_procedures,13156.0,0.0,0.0,0.0
indi_v2_2008q1,,,indi_soc_vascular_disorders,13156.0,0.0,0.0,0.0
indi_v2_2008q2,n_rows,12777.0,,,,,
indi_v2_2008q2,unique_caseid,12777.0,,,,,
indi_v2_2008q2,duplicate_caseid_rows,0.0,,,,,
indi_v2_2008q2,,,caseid,12777.0,0.0,0.0,0.0
indi_v2_2008q2,,,indi_n,12777.0,0.0,0.0,0.0
indi_v2_2008q2,,,distinct_indi_n,12777.0,0.0,0.0,0.0
indi_v2_2008q2,,,indi_mapped_n,12777.0,0.0,0.0,0.0
indi_v2_2008q2,,,indi_unmapped_n,12777.0,0.0,0.0,0.0
indi_v2_2008q2,,,indi_insomnia,12777.0,0.0,0.0,0.0
indi_v2_2008q2,,,indi_anxiety,12777.0,0.0,0.0,0.0
indi_v2_2008q2,,,indi_depression,12777.0,0.0,0.0,0.0
indi_v2_2008q2,,,indi_pain,12777.0,0.0,0.0,0.0
indi_v2_2008q2,,,indi_epilepsy,12777.0,0.0,0.0,0.0
indi_v2_2008q2,,,indi_dizziness_vertigo,12777.0,0.0,0.0,0.0
indi_v2_2008q2,,,indi_soc_blood_and_lymphatic_system_disorders,12777.0,0.0,0.0,0.0
indi_v2_2008q2,,,indi_soc_cardiac_disorders,12777.0,0.0,0.0,0.0
indi_v2_2008q2,,,indi_soc_congenital_familial_and_genetic_disorders,12777.0,0.0,0.0,0.0
indi_v2_2008q2,,,indi_soc_ear_and_labyrinth_disorders,12777.0,0.0,0.0,0.0
indi_v2_2008q2,,,indi_soc_endocrine_disorders,12777.0,0.0,0.0,0.0
indi_v2_2008q2,,,indi_soc_eye_disorders,12777.0,0.0,0.0,0.0
indi_v2_2008q2,,,indi_soc_gastrointestinal_disorders,12777.0,0.0,0.0,0.0
indi_v2_2008q2,,,indi_soc_general_disorders_and_administration_site_conditions,12777.0,0.0,0.0,0.0
indi_v2_2008q2,,,indi_soc_hepatobiliary_disorders,12777.0,0.0,0.0,0.0
indi_v2_2008q2,,,indi_soc_immune_system_disorders,12777.0,0.0,0.0,0.0
indi_v2_2008q2,,,indi_soc_infections_and_infestations,12777.0,0.0,0.0,0.0
indi_v2_2008q2,,,indi_soc_injury_poisoning_and_procedural_complications,12777.0,0.0,0.0,0.0
indi_v2_2008q2,,,indi_soc_investigations,12777.0,0.0,0.0,0.0
indi_v2_2008q2,,,indi_soc_metabolism_and_nutrition_disorders,12777.0,0.0,0.0,0.0
indi_v2_2008q2,,,indi_soc_musculoskeletal_and_connective_tissue_disorders,12777.0,0.0,0.0,0.0
indi_v2_2008q2,,,indi_soc_neoplasms_benign_malignant_and_unspecified_incl_cysts_and_polyps,12777.0,0.0,0.0,0.0
indi_v2_2008q2,,,indi_soc_nervous_system_disorders,12777.0,0.0,0.0,0.0
indi_v2_2008q2,,,indi_soc_product_issues,12777.0,0.0,0.0,0.0
indi_v2_2008q2,,,indi_soc_psychiatric_disorders,12777.0,0.0,0.0,0.0
indi_v2_2008q2,,,indi_soc_renal_and_urinary_disorders,12777.0,0.0,0.0,0.0
indi_v2_2008q2,,,indi_soc_reproductive_system_and_breast_disorders,12777.0,0.0,0.0,0.0
indi_v2_2008q2,,,indi_soc_respiratory_thoracic_and_mediastinal_disorders,12777.0,0.0,0.0,0.0
indi_v2_2008q2,,,indi_soc_skin_and_subcutaneous_tissue_disorders,12777.0,0.0,0.0,0.0
indi_v2_2008q2,,,indi_soc_social_circumstances,12777.0,0.0,0.0,0.0
indi_v2_2008q2,,,indi_soc_surgical_and_medical_procedures,12777.0,0.0,0.0,0.0
indi_v2_2008q2,,,indi_soc_vascular_disorders,12777.0,0.0,0.0,0.0
indi_v2_2008q3,n_rows,12378.0,,,,,
indi_v2_2008q3,unique_caseid,12378.0,,,,,
indi_v2_2008q3,duplicate_caseid_rows,0.0,,,,,
indi_v2_2008q3,,,caseid,12378.0,0.0,0.0,0.0
indi_v2_2008q3,,,indi_n,12378.0,0.0,0.0,0.0
indi_v2_2008q3,,,distinct_indi_n,12378.0,0.0,0.0,0.0
indi_v2_2008q3,,,indi_mapped_n,12378.0,0.0,0.0,0.0
indi_v2_2008q3,,,indi_unmapped_n,12378.0,0.0,0.0,0.0
indi_v2_2008q3,,,indi_insomnia,12378.0,0.0,0.0,0.0
indi_v2_2008q3,,,indi_anxiety,12378.0,0.0,0.0,0.0
indi_v2_2008q3,,,indi_depression,12378.0,0.0,0.0,0.0
indi_v2_2008q3,,,indi_pain,12378.0,0.0,0.0,0.0
indi_v2_2008q3,,,indi_epilepsy,12378.0,0.0,0.0,0.0
indi_v2_2008q3,,,indi_dizziness_vertigo,12378.0,0.0,0.0,0.0
indi_v2_2008q3,,,indi_soc_blood_and_lymphatic_system_disorders,12378.0,0.0,0.0,0.0
indi_v2_2008q3,,,indi_soc_cardiac_disorders,12378.0,0.0,0.0,0.0
indi_v2_2008q3,,,indi_soc_congenital_familial_and_genetic_disorders,12378.0,0.0,0.0,0.0
indi_v2_2008q3,,,indi_soc_ear_and_labyrinth_disorders,12378.0,0.0,0.0,0.0
indi_v2_2008q3,,,indi_soc_endocrine_disorders,12378.0,0.0,0.0,0.0
indi_v2_2008q3,,,indi_soc_eye_disorders,12378.0,0.0,0.0,0.0
indi_v2_2008q3,,,indi_soc_gastrointestinal_disorders,12378.0,0.0,0.0,0.0
indi_v2_2008q3,,,indi_soc_general_disorders_and_administration_site_conditions,12378.0,0.0,0.0,0.0
indi_v2_2008q3,,,indi_soc_hepatobiliary_disorders,12378.0,0.0,0.0,0.0
indi_v2_2008q3,,,indi_soc_immune_system_disorders,12378.0,0.0,0.0,0.0
indi_v2_2008q3,,,indi_soc_infections_and_infestations,12378.0,0.0,0.0,0.0
indi_v2_2008q3,,,indi_soc_injury_poisoning_and_procedural_complications,12378.0,0.0,0.0,0.0
indi_v2_2008q3,,,indi_soc_investigations,12378.0,0.0,0.0,0.0
indi_v2_2008q3,,,indi_soc_metabolism_and_nutrition_disorders,12378.0,0.0,0.0,0.0
indi_v2_2008q3,,,indi_soc_musculoskeletal_and_connective_tissue_disorders,12378.0,0.0,0.0,0.0
indi_v2_2008q3,,,indi_soc_neoplasms_benign_malignant_and_unspecified_incl_cysts_and_polyps,12378.0,0.0,0.0,0.0
indi_v2_2008q3,,,indi_soc_nervous_system_disorders,12378.0,0.0,0.0,0.0
indi_v2_2008q3,,,indi_soc_product_issues,12378.0,0.0,0.0,0.0
indi_v2_2008q3,,,indi_soc_psychiatric_disorders,12378.0,0.0,0.0,0.0
indi_v2_2008q3,,,indi_soc_renal_and_urinary_disorders,12378.0,0.0,0.0,0.0
indi_v2_2008q3,,,indi_soc_reproductive_system_and_breast_disorders,12378.0,0.0,0.0,0.0
indi_v2_2008q3,,,indi_soc_respiratory_thoracic_and_mediastinal_disorders,12378.0,0.0,0.0,0.0
indi_v2_2008q3,,,indi_soc_skin_and_subcutaneous_tissue_disorders,12378.0,0.0,0.0,0.0
indi_v2_2008q3,,,indi_soc_social_circumstances,12378.0,0.0,0.0,0.0
indi_v2_2008q3,,,indi_soc_surgical_and_medical_procedures,12378.0,0.0,0.0,0.0
indi_v2_2008q3,,,indi_soc_vascular_disorders,12378.0,0.0,0.0,0.0
indi_v2_2008q4,n_rows,12194.0,,,,,
indi_v2_2008q4,unique_caseid,12194.0,,,,,
indi_v2_2008q4,duplicate_caseid_rows,0.0,,,,,
indi_v2_2008q4,,,caseid,12194.0,0.0,0.0,0.0
indi_v2_2008q4,,,indi_n,12194.0,0.0,0.0,0.0
indi_v2_2008q4,,,distinct_indi_n,12194.0,0.0,0.0,0.0
indi_v2_2008q4,,,indi_mapped_n,12194.0,0.0,0.0,0.0
indi_v2_2008q4,,,indi_unmapped_n,12194.0,0.0,0.0,0.0
indi_v2_2008q4,,,indi_insomnia,12194.0,0.0,0.0,0.0
indi_v2_2008q4,,,indi_anxiety,12194.0,0.0,0.0,0.0
indi_v2_2008q4,,,indi_depression,12194.0,0.0,0.0,0.0
indi_v2_2008q4,,,indi_pain,12194.0,0.0,0.0,0.0
indi_v2_2008q4,,,indi_epilepsy,12194.0,0.0,0.0,0.0
indi_v2_2008q4,,,indi_dizziness_vertigo,12194.0,0.0,0.0,0.0
indi_v2_2008q4,,,indi_soc_blood_and_lymphatic_system_disorders,12194.0,0.0,0.0,0.0
indi_v2_2008q4,,,indi_soc_cardiac_disorders,12194.0,0.0,0.0,0.0
indi_v2_2008q4,,,indi_soc_congenital_familial_and_genetic_disorders,12194.0,0.0,0.0,0.0
indi_v2_2008q4,,,indi_soc_ear_and_labyrinth_disorders,12194.0,0.0,0.0,0.0
indi_v2_2008q4,,,indi_soc_endocrine_disorders,12194.0,0.0,0.0,0.0
indi_v2_2008q4,,,indi_soc_eye_disorders,12194.0,0.0,0.0,0.0
indi_v2_2008q4,,,indi_soc_gastrointestinal_disorders,12194.0,0.0,0.0,0.0
indi_v2_2008q4,,,indi_soc_general_disorders_and_administration_site_conditions,12194.0,0.0,0.0,0.0
indi_v2_2008q4,,,indi_soc_hepatobiliary_disorders,12194.0,0.0,0.0,0.0
indi_v2_2008q4,,,indi_soc_immune_system_disorders,12194.0,0.0,0.0,0.0
indi_v2_2008q4,,,indi_soc_infections_and_infestations,12194.0,0.0,0.0,0.0
indi_v2_2008q4,,,indi_soc_injury_poisoning_and_procedural_complications,12194.0,0.0,0.0,0.0
indi_v2_2008q4,,,indi_soc_investigations,12194.0,0.0,0.0,0.0
indi_v2_2008q4,,,indi_soc_metabolism_and_nutrition_disorders,12194.0,0.0,0.0,0.0
indi_v2_2008q4,,,indi_soc_musculoskeletal_and_connective_tissue_disorders,12194.0,0.0,0.0,0.0
indi_v2_2008q4,,,indi_soc_neoplasms_benign_malignant_and_unspecified_incl_cysts_and_polyps,12194.0,0.0,0.0,0.0
indi_v2_2008q4,,,indi_soc_nervous_system_disorders,12194.0,0.0,0.0,0.0
indi_v2_2008q4,,,indi_soc_pregnancy_puerperium_and_perinatal_conditions,12194.0,0.0,0.0,0.0
indi_v2_2008q4,,,indi_soc_product_issues,12194.0,0.0,0.0,0.0
indi_v2_2008q4,,,indi_soc_psychiatric_disorders,12194.0,0.0,0.0,0.0
indi_v2_2008q4,,,indi_soc_renal_and_urinary_disorders,12194.0,0.0,0.0,0.0
indi_v2_2008q4,,,indi_soc_reproductive_system_and_breast_disorders,12194.0,0.0,0.0,0.0
indi_v2_2008q4,,,indi_soc_respiratory_thoracic_and_mediastinal_disorders,12194.0,0.0,0.0,0.0
indi_v2_2008q4,,,indi_soc_skin_and_subcutaneous_tissue_disorders,12194.0,0.0,0.0,0.0
indi_v2_2008q4,,,indi_soc_social_circumstances,12194.0,0.0,0.0,0.0
indi_v2_2008q4,,,indi_soc_surgical_and_medical_procedures,12194.0,0.0,0.0,0.0
indi_v2_2008q4,,,indi_soc_vascular_disorders,12194.0,0.0,0.0,0.0
indi_v2_2009q1,n_rows,10877.0,,,,,
indi_v2_2009q1,unique_caseid,10877.0,,,,,
indi_v2_2009q1,duplicate_caseid_rows,0.0,,,,,
indi_v2_2009q1,,,caseid,10877.0,0.0,0.0,0.0
indi_v2_2009q1,,,indi_n,10877.0,0.0,0.0,0.0
indi_v2_2009q1,,,distinct_indi_n,10877.0,0.0,0.0,0.0
indi_v2_2009q1,,,indi_mapped_n,10877.0,0.0,0.0,0.0
indi_v2_2009q1,,,indi_unmapped_n,10877.0,0.0,0.0,0.0
indi_v2_2009q1,,,indi_insomnia,10877.0,0.0,0.0,0.0
indi_v2_2009q1,,,indi_anxiety,10877.0,0.0,0.0,0.0
indi_v2_2009q1,,,indi_depression,10877.0,0.0,0.0,0.0
indi_v2_2009q1,,,indi_pain,10877.0,0.0,0.0,0.0
indi_v2_2009q1,,,indi_epilepsy,10877.0,0.0,0.0,0.0
indi_v2_2009q1,,,indi_dizziness_vertigo,10877.0,0.0,0.0,0.0
indi_v2_2009q1,,,indi_soc_blood_and_lymphatic_system_disorders,10877.0,0.0,0.0,0.0
indi_v2_2009q1,,,indi_soc_cardiac_disorders,10877.0,0.0,0.0,0.0
indi_v2_2009q1,,,indi_soc_congenital_familial_and_genetic_disorders,10877.0,0.0,0.0,0.0
indi_v2_2009q1,,,indi_soc_ear_and_labyrinth_disorders,10877.0,0.0,0.0,0.0
indi_v2_2009q1,,,indi_soc_endocrine_disorders,10877.0,0.0,0.0,0.0
indi_v2_2009q1,,,indi_soc_eye_disorders,10877.0,0.0,0.0,0.0
indi_v2_2009q1,,,indi_soc_gastrointestinal_disorders,10877.0,0.0,0.0,0.0
indi_v2_2009q1,,,indi_soc_general_disorders_and_administration_site_conditions,10877.0,0.0,0.0,0.0
indi_v2_2009q1,,,indi_soc_hepatobiliary_disorders,10877.0,0.0,0.0,0.0
indi_v2_2009q1,,,indi_soc_immune_system_disorders,10877.0,0.0,0.0,0.0
indi_v2_2009q1,,,indi_soc_infections_and_infestations,10877.0,0.0,0.0,0.0
indi_v2_2009q1,,,indi_soc_injury_poisoning_and_procedural_complications,10877.0,0.0,0.0,0.0
indi_v2_2009q1,,,indi_soc_investigations,10877.0,0.0,0.0,0.0
indi_v2_2009q1,,,indi_soc_metabolism_and_nutrition_disorders,10877.0,0.0,0.0,0.0
indi_v2_2009q1,,,indi_soc_musculoskeletal_and_connective_tissue_disorders,10877.0,0.0,0.0,0.0
indi_v2_2009q1,,,indi_soc_neoplasms_benign_malignant_and_unspecified_incl_cysts_and_polyps,10877.0,0.0,0.0,0.0
indi_v2_2009q1,,,indi_soc_nervous_system_disorders,10877.0,0.0,0.0,0.0
indi_v2_2009q1,,,indi_soc_product_issues,10877.0,0.0,0.0,0.0
indi_v2_2009q1,,,indi_soc_psychiatric_disorders,10877.0,0.0,0.0,0.0
indi_v2_2009q1,,,indi_soc_renal_and_urinary_disorders,10877.0,0.0,0.0,0.0
indi_v2_2009q1,,,indi_soc_reproductive_system_and_breast_disorders,10877.0,0.0,0.0,0.0
indi_v2_2009q1,,,indi_soc_respiratory_thoracic_and_mediastinal_disorders,10877.0,0.0,0.0,0.0
indi_v2_2009q1,,,indi_soc_skin_and_subcutaneous_tissue_disorders,10877.0,0.0,0.0,0.0
indi_v2_2009q1,,,indi_soc_social_circumstances,10877.0,0.0,0.0,0.0
indi_v2_2009q1,,,indi_soc_surgical_and_medical_procedures,10877.0,0.0,0.0,0.0
indi_v2_2009q1,,,indi_soc_vascular_disorders,10877.0,0.0,0.0,0.0
indi_v2_2009q2,n_rows,11254.0,,,,,
indi_v2_2009q2,unique_caseid,11254.0,,,,,
indi_v2_2009q2,duplicate_caseid_rows,0.0,,,,,
indi_v2_2009q2,,,caseid,11254.0,0.0,0.0,0.0
indi_v2_2009q2,,,indi_n,11254.0,0.0,0.0,0.0
indi_v2_2009q2,,,distinct_indi_n,11254.0,0.0,0.0,0.0
indi_v2_2009q2,,,indi_mapped_n,11254.0,0.0,0.0,0.0
indi_v2_2009q2,,,indi_unmapped_n,11254.0,0.0,0.0,0.0
indi_v2_2009q2,,,indi_insomnia,11254.0,0.0,0.0,0.0
indi_v2_2009q2,,,indi_anxiety,11254.0,0.0,0.0,0.0
indi_v2_2009q2,,,indi_depression,11254.0,0.0,0.0,0.0
indi_v2_2009q2,,,indi_pain,11254.0,0.0,0.0,0.0
indi_v2_2009q2,,,indi_epilepsy,11254.0,0.0,0.0,0.0
indi_v2_2009q2,,,indi_dizziness_vertigo,11254.0,0.0,0.0,0.0
indi_v2_2009q2,,,indi_soc_blood_and_lymphatic_system_disorders,11254.0,0.0,0.0,0.0
indi_v2_2009q2,,,indi_soc_cardiac_disorders,11254.0,0.0,0.0,0.0
indi_v2_2009q2,,,indi_soc_congenital_familial_and_genetic_disorders,11254.0,0.0,0.0,0.0
indi_v2_2009q2,,,indi_soc_ear_and_labyrinth_disorders,11254.0,0.0,0.0,0.0
indi_v2_2009q2,,,indi_soc_endocrine_disorders,11254.0,0.0,0.0,0.0
indi_v2_2009q2,,,indi_soc_eye_disorders,11254.0,0.0,0.0,0.0
indi_v2_2009q2,,,indi_soc_gastrointestinal_disorders,11254.0,0.0,0.0,0.0
indi_v2_2009q2,,,indi_soc_general_disorders_and_administration_site_conditions,11254.0,0.0,0.0,0.0
indi_v2_2009q2,,,indi_soc_hepatobiliary_disorders,11254.0,0.0,0.0,0.0
indi_v2_2009q2,,,indi_soc_immune_system_disorders,11254.0,0.0,0.0,0.0
indi_v2_2009q2,,,indi_soc_infections_and_infestations,11254.0,0.0,0.0,0.0
indi_v2_2009q2,,,indi_soc_injury_poisoning_and_procedural_complications,11254.0,0.0,0.0,0.0
indi_v2_2009q2,,,indi_soc_investigations,11254.0,0.0,0.0,0.0
indi_v2_2009q2,,,indi_soc_metabolism_and_nutrition_disorders,11254.0,0.0,0.0,0.0
indi_v2_2009q2,,,indi_soc_musculoskeletal_and_connective_tissue_disorders,11254.0,0.0,0.0,0.0
indi_v2_2009q2,,,indi_soc_neoplasms_benign_malignant_and_unspecified_incl_cysts_and_polyps,11254.0,0.0,0.0,0.0
indi_v2_2009q2,,,indi_soc_nervous_system_disorders,11254.0,0.0,0.0,0.0
indi_v2_2009q2,,,indi_soc_product_issues,11254.0,0.0,0.0,0.0
indi_v2_2009q2,,,indi_soc_psychiatric_disorders,11254.0,0.0,0.0,0.0
indi_v2_2009q2,,,indi_soc_renal_and_urinary_disorders,11254.0,0.0,0.0,0.0
indi_v2_2009q2,,,indi_soc_reproductive_system_and_breast_disorders,11254.0,0.0,0.0,0.0
indi_v2_2009q2,,,indi_soc_respiratory_thoracic_and_mediastinal_disorders,11254.0,0.0,0.0,0.0
indi_v2_2009q2,,,indi_soc_skin_and_subcutaneous_tissue_disorders,11254.0,0.0,0.0,0.0
indi_v2_2009q2,,,indi_soc_social_circumstances,11254.0,0.0,0.0,0.0
indi_v2_2009q2,,,indi_soc_surgical_and_medical_procedures,11254.0,0.0,0.0,0.0
indi_v2_2009q2,,,indi_soc_vascular_disorders,11254.0,0.0,0.0,0.0
indi_v2_2009q3,n_rows,10977.0,,,,,
indi_v2_2009q3,unique_caseid,10977.0,,,,,
indi_v2_2009q3,duplicate_caseid_rows,0.0,,,,,
indi_v2_2009q3,,,caseid,10977.0,0.0,0.0,0.0
indi_v2_2009q3,,,indi_n,10977.0,0.0,0.0,0.0
indi_v2_2009q3,,,distinct_indi_n,10977.0,0.0,0.0,0.0
indi_v2_2009q3,,,indi_mapped_n,10977.0,0.0,0.0,0.0
indi_v2_2009q3,,,indi_unmapped_n,10977.0,0.0,0.0,0.0
indi_v2_2009q3,,,indi_insomnia,10977.0,0.0,0.0,0.0
indi_v2_2009q3,,,indi_anxiety,10977.0,0.0,0.0,0.0
indi_v2_2009q3,,,indi_depression,10977.0,0.0,0.0,0.0
indi_v2_2009q3,,,indi_pain,10977.0,0.0,0.0,0.0
indi_v2_2009q3,,,indi_epilepsy,10977.0,0.0,0.0,0.0
indi_v2_2009q3,,,indi_dizziness_vertigo,10977.0,0.0,0.0,0.0
indi_v2_2009q3,,,indi_soc_blood_and_lymphatic_system_disorders,10977.0,0.0,0.0,0.0
indi_v2_2009q3,,,indi_soc_cardiac_disorders,10977.0,0.0,0.0,0.0
indi_v2_2009q3,,,indi_soc_congenital_familial_and_genetic_disorders,10977.0,0.0,0.0,0.0
indi_v2_2009q3,,,indi_soc_ear_and_labyrinth_disorders,10977.0,0.0,0.0,0.0
indi_v2_2009q3,,,indi_soc_endocrine_disorders,10977.0,0.0,0.0,0.0
indi_v2_2009q3,,,indi_soc_eye_disorders,10977.0,0.0,0.0,0.0
indi_v2_2009q3,,,indi_soc_gastrointestinal_disorders,10977.0,0.0,0.0,0.0
indi_v2_2009q3,,,indi_soc_general_disorders_and_administration_site_conditions,10977.0,0.0,0.0,0.0
indi_v2_2009q3,,,indi_soc_hepatobiliary_disorders,10977.0,0.0,0.0,0.0
indi_v2_2009q3,,,indi_soc_immune_system_disorders,10977.0,0.0,0.0,0.0
indi_v2_2009q3,,,indi_soc_infections_and_infestations,10977.0,0.0,0.0,0.0
indi_v2_2009q3,,,indi_soc_injury_poisoning_and_procedural_complications,10977.0,0.0,0.0,0.0
indi_v2_2009q3,,,indi_soc_investigations,10977.0,0.0,0.0,0.0
indi_v2_2009q3,,,indi_soc_metabolism_and_nutrition_disorders,10977.0,0.0,0.0,0.0
indi_v2_2009q3,,,indi_soc_musculoskeletal_and_connective_tissue_disorders,10977.0,0.0,0.0,0.0
indi_v2_2009q3,,,indi_soc_neoplasms_benign_malignant_and_unspecified_incl_cysts_and_polyps,10977.0,0.0,0.0,0.0
indi_v2_2009q3,,,indi_soc_nervous_system_disorders,10977.0,0.0,0.0,0.0
indi_v2_2009q3,,,indi_soc_product_issues,10977.0,0.0,0.0,0.0
indi_v2_2009q3,,,indi_soc_psychiatric_disorders,10977.0,0.0,0.0,0.0
indi_v2_2009q3,,,indi_soc_renal_and_urinary_disorders,10977.0,0.0,0.0,0.0
indi_v2_2009q3,,,indi_soc_reproductive_system_and_breast_disorders,10977.0,0.0,0.0,0.0
indi_v2_2009q3,,,indi_soc_respiratory_thoracic_and_mediastinal_disorders,10977.0,0.0,0.0,0.0
indi_v2_2009q3,,,indi_soc_skin_and_subcutaneous_tissue_disorders,10977.0,0.0,0.0,0.0
indi_v2_2009q3,,,indi_soc_social_circumstances,10977.0,0.0,0.0,0.0
indi_v2_2009q3,,,indi_soc_surgical_and_medical_procedures,10977.0,0.0,0.0,0.0
indi_v2_2009q3,,,indi_soc_vascular_disorders,10977.0,0.0,0.0,0.0
indi_v2_2009q4,n_rows,13423.0,,,,,
indi_v2_2009q4,unique_caseid,13423.0,,,,,
indi_v2_2009q4,duplicate_caseid_rows,0.0,,,,,
indi_v2_2009q4,,,caseid,13423.0,0.0,0.0,0.0
indi_v2_2009q4,,,indi_n,13423.0,0.0,0.0,0.0
indi_v2_2009q4,,,distinct_indi_n,13423.0,0.0,0.0,0.0
indi_v2_2009q4,,,indi_mapped_n,13423.0,0.0,0.0,0.0
indi_v2_2009q4,,,indi_unmapped_n,13423.0,0.0,0.0,0.0
indi_v2_2009q4,,,indi_insomnia,13423.0,0.0,0.0,0.0
indi_v2_2009q4,,,indi_anxiety,13423.0,0.0,0.0,0.0
indi_v2_2009q4,,,indi_depression,13423.0,0.0,0.0,0.0
indi_v2_2009q4,,,indi_pain,13423.0,0.0,0.0,0.0
indi_v2_2009q4,,,indi_epilepsy,13423.0,0.0,0.0,0.0
indi_v2_2009q4,,,indi_dizziness_vertigo,13423.0,0.0,0.0,0.0
indi_v2_2009q4,,,indi_soc_blood_and_lymphatic_system_disorders,13423.0,0.0,0.0,0.0
indi_v2_2009q4,,,indi_soc_cardiac_disorders,13423.0,0.0,0.0,0.0
indi_v2_2009q4,,,indi_soc_congenital_familial_and_genetic_disorders,13423.0,0.0,0.0,0.0
indi_v2_2009q4,,,indi_soc_ear_and_labyrinth_disorders,13423.0,0.0,0.0,0.0
indi_v2_2009q4,,,indi_soc_endocrine_disorders,13423.0,0.0,0.0,0.0
indi_v2_2009q4,,,indi_soc_eye_disorders,13423.0,0.0,0.0,0.0
indi_v2_2009q4,,,indi_soc_gastrointestinal_disorders,13423.0,0.0,0.0,0.0
indi_v2_2009q4,,,indi_soc_general_disorders_and_administration_site_conditions,13423.0,0.0,0.0,0.0
indi_v2_2009q4,,,indi_soc_hepatobiliary_disorders,13423.0,0.0,0.0,0.0
indi_v2_2009q4,,,indi_soc_immune_system_disorders,13423.0,0.0,0.0,0.0
indi_v2_2009q4,,,indi_soc_infections_and_infestations,13423.0,0.0,0.0,0.0
indi_v2_2009q4,,,indi_soc_injury_poisoning_and_procedural_complications,13423.0,0.0,0.0,0.0
indi_v2_2009q4,,,indi_soc_investigations,13423.0,0.0,0.0,0.0
indi_v2_2009q4,,,indi_soc_metabolism_and_nutrition_disorders,13423.0,0.0,0.0,0.0
indi_v2_2009q4,,,indi_soc_musculoskeletal_and_connective_tissue_disorders,13423.0,0.0,0.0,0.0
indi_v2_2009q4,,,indi_soc_neoplasms_benign_malignant_and_unspecified_incl_cysts_and_polyps,13423.0,0.0,0.0,0.0
indi_v2_2009q4,,,indi_soc_nervous_system_disorders,13423.0,0.0,0.0,0.0
indi_v2_2009q4,,,indi_soc_product_issues,13423.0,0.0,0.0,0.0
indi_v2_2009q4,,,indi_soc_psychiatric_disorders,13423.0,0.0,0.0,0.0
indi_v2_2009q4,,,indi_soc_renal_and_urinary_disorders,13423.0,0.0,0.0,0.0
indi_v2_2009q4,,,indi_soc_reproductive_system_and_breast_disorders,13423.0,0.0,0.0,0.0
indi_v2_2009q4,,,indi_soc_respiratory_thoracic_and_mediastinal_disorders,13423.0,0.0,0.0,0.0
indi_v2_2009q4,,,indi_soc_skin_and_subcutaneous_tissue_disorders,13423.0,0.0,0.0,0.0
indi_v2_2009q4,,,indi_soc_social_circumstances,13423.0,0.0,0.0,0.0
indi_v2_2009q4,,,indi_soc_surgical_and_medical_procedures,13423.0,0.0,0.0,0.0
indi_v2_2009q4,,,indi_soc_vascular_disorders,13423.0,0.0,0.0,0.0
indi_v2_2010q1,n_rows,12780.0,,,,,
indi_v2_2010q1,unique_caseid,12780.0,,,,,
indi_v2_2010q1,duplicate_caseid_rows,0.0,,,,,
indi_v2_2010q1,,,caseid,12780.0,0.0,0.0,0.0
indi_v2_2010q1,,,indi_n,12780.0,0.0,0.0,0.0
indi_v2_2010q1,,,distinct_indi_n,12780.0,0.0,0.0,0.0
indi_v2_2010q1,,,indi_mapped_n,12780.0,0.0,0.0,0.0
indi_v2_2010q1,,,indi_unmapped_n,12780.0,0.0,0.0,0.0
indi_v2_2010q1,,,indi_insomnia,12780.0,0.0,0.0,0.0
indi_v2_2010q1,,,indi_anxiety,12780.0,0.0,0.0,0.0
indi_v2_2010q1,,,indi_depression,12780.0,0.0,0.0,0.0
indi_v2_2010q1,,,indi_pain,12780.0,0.0,0.0,0.0
indi_v2_2010q1,,,indi_epilepsy,12780.0,0.0,0.0,0.0
indi_v2_2010q1,,,indi_dizziness_vertigo,12780.0,0.0,0.0,0.0
indi_v2_2010q1,,,indi_soc_blood_and_lymphatic_system_disorders,12780.0,0.0,0.0,0.0
indi_v2_2010q1,,,indi_soc_cardiac_disorders,12780.0,0.0,0.0,0.0
indi_v2_2010q1,,,indi_soc_congenital_familial_and_genetic_disorders,12780.0,0.0,0.0,0.0
indi_v2_2010q1,,,indi_soc_ear_and_labyrinth_disorders,12780.0,0.0,0.0,0.0
indi_v2_2010q1,,,indi_soc_endocrine_disorders,12780.0,0.0,0.0,0.0
indi_v2_2010q1,,,indi_soc_eye_disorders,12780.0,0.0,0.0,0.0
indi_v2_2010q1,,,indi_soc_gastrointestinal_disorders,12780.0,0.0,0.0,0.0
indi_v2_2010q1,,,indi_soc_general_disorders_and_administration_site_conditions,12780.0,0.0,0.0,0.0
indi_v2_2010q1,,,indi_soc_hepatobiliary_disorders,12780.0,0.0,0.0,0.0
indi_v2_2010q1,,,indi_soc_immune_system_disorders,12780.0,0.0,0.0,0.0
indi_v2_2010q1,,,indi_soc_infections_and_infestations,12780.0,0.0,0.0,0.0
indi_v2_2010q1,,,indi_soc_injury_poisoning_and_procedural_complications,12780.0,0.0,0.0,0.0
indi_v2_2010q1,,,indi_soc_investigations,12780.0,0.0,0.0,0.0
indi_v2_2010q1,,,indi_soc_metabolism_and_nutrition_disorders,12780.0,0.0,0.0,0.0
indi_v2_2010q1,,,indi_soc_musculoskeletal_and_connective_tissue_disorders,12780.0,0.0,0.0,0.0
indi_v2_2010q1,,,indi_soc_neoplasms_benign_malignant_and_unspecified_incl_cysts_and_polyps,12780.0,0.0,0.0,0.0
indi_v2_2010q1,,,indi_soc_nervous_system_disorders,12780.0,0.0,0.0,0.0
indi_v2_2010q1,,,indi_soc_product_issues,12780.0,0.0,0.0,0.0
indi_v2_2010q1,,,indi_soc_psychiatric_disorders,12780.0,0.0,0.0,0.0
indi_v2_2010q1,,,indi_soc_renal_and_urinary_disorders,12780.0,0.0,0.0,0.0
indi_v2_2010q1,,,indi_soc_reproductive_system_and_breast_disorders,12780.0,0.0,0.0,0.0
indi_v2_2010q1,,,indi_soc_respiratory_thoracic_and_mediastinal_disorders,12780.0,0.0,0.0,0.0
indi_v2_2010q1,,,indi_soc_skin_and_subcutaneous_tissue_disorders,12780.0,0.0,0.0,0.0
indi_v2_2010q1,,,indi_soc_social_circumstances,12780.0,0.0,0.0,0.0
indi_v2_2010q1,,,indi_soc_surgical_and_medical_procedures,12780.0,0.0,0.0,0.0
indi_v2_2010q1,,,indi_soc_vascular_disorders,12780.0,0.0,0.0,0.0
indi_v2_2010q2,n_rows,22396.0,,,,,
indi_v2_2010q2,unique_caseid,22396.0,,,,,
indi_v2_2010q2,duplicate_caseid_rows,0.0,,,,,
indi_v2_2010q2,,,caseid,22396.0,0.0,0.0,0.0
indi_v2_2010q2,,,indi_n,22396.0,0.0,0.0,0.0
indi_v2_2010q2,,,distinct_indi_n,22396.0,0.0,0.0,0.0
indi_v2_2010q2,,,indi_mapped_n,22396.0,0.0,0.0,0.0
indi_v2_2010q2,,,indi_unmapped_n,22396.0,0.0,0.0,0.0
indi_v2_2010q2,,,indi_insomnia,22396.0,0.0,0.0,0.0
indi_v2_2010q2,,,indi_anxiety,22396.0,0.0,0.0,0.0
indi_v2_2010q2,,,indi_depression,22396.0,0.0,0.0,0.0
indi_v2_2010q2,,,indi_pain,22396.0,0.0,0.0,0.0
indi_v2_2010q2,,,indi_epilepsy,22396.0,0.0,0.0,0.0
indi_v2_2010q2,,,indi_dizziness_vertigo,22396.0,0.0,0.0,0.0
indi_v2_2010q2,,,indi_soc_blood_and_lymphatic_system_disorders,22396.0,0.0,0.0,0.0
indi_v2_2010q2,,,indi_soc_cardiac_disorders,22396.0,0.0,0.0,0.0
indi_v2_2010q2,,,indi_soc_congenital_familial_and_genetic_disorders,22396.0,0.0,0.0,0.0
indi_v2_2010q2,,,indi_soc_ear_and_labyrinth_disorders,22396.0,0.0,0.0,0.0
indi_v2_2010q2,,,indi_soc_endocrine_disorders,22396.0,0.0,0.0,0.0
indi_v2_2010q2,,,indi_soc_eye_disorders,22396.0,0.0,0.0,0.0
indi_v2_2010q2,,,indi_soc_gastrointestinal_disorders,22396.0,0.0,0.0,0.0
indi_v2_2010q2,,,indi_soc_general_disorders_and_administration_site_conditions,22396.0,0.0,0.0,0.0
indi_v2_2010q2,,,indi_soc_hepatobiliary_disorders,22396.0,0.0,0.0,0.0
indi_v2_2010q2,,,indi_soc_immune_system_disorders,22396.0,0.0,0.0,0.0
indi_v2_2010q2,,,indi_soc_infections_and_infestations,22396.0,0.0,0.0,0.0
indi_v2_2010q2,,,indi_soc_injury_poisoning_and_procedural_complications,22396.0,0.0,0.0,0.0
indi_v2_2010q2,,,indi_soc_investigations,22396.0,0.0,0.0,0.0
indi_v2_2010q2,,,indi_soc_metabolism_and_nutrition_disorders,22396.0,0.0,0.0,0.0
indi_v2_2010q2,,,indi_soc_musculoskeletal_and_connective_tissue_disorders,22396.0,0.0,0.0,0.0
indi_v2_2010q2,,,indi_soc_neoplasms_benign_malignant_and_unspecified_incl_cysts_and_polyps,22396.0,0.0,0.0,0.0
indi_v2_2010q2,,,indi_soc_nervous_system_disorders,22396.0,0.0,0.0,0.0
indi_v2_2010q2,,,indi_soc_pregnancy_puerperium_and_perinatal_conditions,22396.0,0.0,0.0,0.0
indi_v2_2010q2,,,indi_soc_product_issues,22396.0,0.0,0.0,0.0
indi_v2_2010q2,,,indi_soc_psychiatric_disorders,22396.0,0.0,0.0,0.0
indi_v2_2010q2,,,indi_soc_renal_and_urinary_disorders,22396.0,0.0,0.0,0.0
indi_v2_2010q2,,,indi_soc_reproductive_system_and_breast_disorders,22396.0,0.0,0.0,0.0
indi_v2_2010q2,,,indi_soc_respiratory_thoracic_and_mediastinal_disorders,22396.0,0.0,0.0,0.0
indi_v2_2010q2,,,indi_soc_skin_and_subcutaneous_tissue_disorders,22396.0,0.0,0.0,0.0
indi_v2_2010q2,,,indi_soc_social_circumstances,22396.0,0.0,0.0,0.0
indi_v2_2010q2,,,indi_soc_surgical_and_medical_procedures,22396.0,0.0,0.0,0.0
indi_v2_2010q2,,,indi_soc_vascular_disorders,22396.0,0.0,0.0,0.0
indi_v2_2010q3,n_rows,29205.0,,,,,
indi_v2_2010q3,unique_caseid,29205.0,,,,,
indi_v2_2010q3,duplicate_caseid_rows,0.0,,,,,
indi_v2_2010q3,,,caseid,29205.0,0.0,0.0,0.0
indi_v2_2010q3,,,indi_n,29205.0,0.0,0.0,0.0
indi_v2_2010q3,,,distinct_indi_n,29205.0,0.0,0.0,0.0
indi_v2_2010q3,,,indi_mapped_n,29205.0,0.0,0.0,0.0
indi_v2_2010q3,,,indi_unmapped_n,29205.0,0.0,0.0,0.0
indi_v2_2010q3,,,indi_insomnia,29205.0,0.0,0.0,0.0
indi_v2_2010q3,,,indi_anxiety,29205.0,0.0,0.0,0.0
indi_v2_2010q3,,,indi_depression,29205.0,0.0,0.0,0.0
indi_v2_2010q3,,,indi_pain,29205.0,0.0,0.0,0.0
indi_v2_2010q3,,,indi_epilepsy,29205.0,0.0,0.0,0.0
indi_v2_2010q3,,,indi_dizziness_vertigo,29205.0,0.0,0.0,0.0
indi_v2_2010q3,,,indi_soc_blood_and_lymphatic_system_disorders,29205.0,0.0,0.0,0.0
indi_v2_2010q3,,,indi_soc_cardiac_disorders,29205.0,0.0,0.0,0.0
indi_v2_2010q3,,,indi_soc_congenital_familial_and_genetic_disorders,29205.0,0.0,0.0,0.0
indi_v2_2010q3,,,indi_soc_ear_and_labyrinth_disorders,29205.0,0.0,0.0,0.0
indi_v2_2010q3,,,indi_soc_endocrine_disorders,29205.0,0.0,0.0,0.0
indi_v2_2010q3,,,indi_soc_eye_disorders,29205.0,0.0,0.0,0.0
indi_v2_2010q3,,,indi_soc_gastrointestinal_disorders,29205.0,0.0,0.0,0.0
indi_v2_2010q3,,,indi_soc_general_disorders_and_administration_site_conditions,29205.0,0.0,0.0,0.0
indi_v2_2010q3,,,indi_soc_hepatobiliary_disorders,29205.0,0.0,0.0,0.0
indi_v2_2010q3,,,indi_soc_immune_system_disorders,29205.0,0.0,0.0,0.0
indi_v2_2010q3,,,indi_soc_infections_and_infestations,29205.0,0.0,0.0,0.0
indi_v2_2010q3,,,indi_soc_injury_poisoning_and_procedural_complications,29205.0,0.0,0.0,0.0
indi_v2_2010q3,,,indi_soc_investigations,29205.0,0.0,0.0,0.0
indi_v2_2010q3,,,indi_soc_metabolism_and_nutrition_disorders,29205.0,0.0,0.0,0.0
indi_v2_2010q3,,,indi_soc_musculoskeletal_and_connective_tissue_disorders,29205.0,0.0,0.0,0.0
indi_v2_2010q3,,,indi_soc_neoplasms_benign_malignant_and_unspecified_incl_cysts_and_polyps,29205.0,0.0,0.0,0.0
indi_v2_2010q3,,,indi_soc_nervous_system_disorders,29205.0,0.0,0.0,0.0
indi_v2_2010q3,,,indi_soc_product_issues,29205.0,0.0,0.0,0.0
indi_v2_2010q3,,,indi_soc_psychiatric_disorders,29205.0,0.0,0.0,0.0
indi_v2_2010q3,,,indi_soc_renal_and_urinary_disorders,29205.0,0.0,0.0,0.0
indi_v2_2010q3,,,indi_soc_reproductive_system_and_breast_disorders,29205.0,0.0,0.0,0.0
indi_v2_2010q3,,,indi_soc_respiratory_thoracic_and_mediastinal_disorders,29205.0,0.0,0.0,0.0
indi_v2_2010q3,,,indi_soc_skin_and_subcutaneous_tissue_disorders,29205.0,0.0,0.0,0.0
indi_v2_2010q3,,,indi_soc_social_circumstances,29205.0,0.0,0.0,0.0
indi_v2_2010q3,,,indi_soc_surgical_and_medical_procedures,29205.0,0.0,0.0,0.0
indi_v2_2010q3,,,indi_soc_vascular_disorders,29205.0,0.0,0.0,0.0
indi_v2_2010q4,n_rows,23996.0,,,,,
indi_v2_2010q4,unique_caseid,23996.0,,,,,
indi_v2_2010q4,duplicate_caseid_rows,0.0,,,,,
indi_v2_2010q4,,,caseid,23996.0,0.0,0.0,0.0
indi_v2_2010q4,,,indi_n,23996.0,0.0,0.0,0.0
indi_v2_2010q4,,,distinct_indi_n,23996.0,0.0,0.0,0.0
indi_v2_2010q4,,,indi_mapped_n,23996.0,0.0,0.0,0.0
indi_v2_2010q4,,,indi_unmapped_n,23996.0,0.0,0.0,0.0
indi_v2_2010q4,,,indi_insomnia,23996.0,0.0,0.0,0.0
indi_v2_2010q4,,,indi_anxiety,23996.0,0.0,0.0,0.0
indi_v2_2010q4,,,indi_depression,23996.0,0.0,0.0,0.0
indi_v2_2010q4,,,indi_pain,23996.0,0.0,0.0,0.0
indi_v2_2010q4,,,indi_epilepsy,23996.0,0.0,0.0,0.0
indi_v2_2010q4,,,indi_dizziness_vertigo,23996.0,0.0,0.0,0.0
indi_v2_2010q4,,,indi_soc_blood_and_lymphatic_system_disorders,23996.0,0.0,0.0,0.0
indi_v2_2010q4,,,indi_soc_cardiac_disorders,23996.0,0.0,0.0,0.0
indi_v2_2010q4,,,indi_soc_congenital_familial_and_genetic_disorders,23996.0,0.0,0.0,0.0
indi_v2_2010q4,,,indi_soc_ear_and_labyrinth_disorders,23996.0,0.0,0.0,0.0
indi_v2_2010q4,,,indi_soc_endocrine_disorders,23996.0,0.0,0.0,0.0
indi_v2_2010q4,,,indi_soc_eye_disorders,23996.0,0.0,0.0,0.0
indi_v2_2010q4,,,indi_soc_gastrointestinal_disorders,23996.0,0.0,0.0,0.0
indi_v2_2010q4,,,indi_soc_general_disorders_and_administration_site_conditions,23996.0,0.0,0.0,0.0
indi_v2_2010q4,,,indi_soc_hepatobiliary_disorders,23996.0,0.0,0.0,0.0
indi_v2_2010q4,,,indi_soc_immune_system_disorders,23996.0,0.0,0.0,0.0
indi_v2_2010q4,,,indi_soc_infections_and_infestations,23996.0,0.0,0.0,0.0
indi_v2_2010q4,,,indi_soc_injury_poisoning_and_procedural_complications,23996.0,0.0,0.0,0.0
indi_v2_2010q4,,,indi_soc_investigations,23996.0,0.0,0.0,0.0
indi_v2_2010q4,,,indi_soc_metabolism_and_nutrition_disorders,23996.0,0.0,0.0,0.0
indi_v2_2010q4,,,indi_soc_musculoskeletal_and_connective_tissue_disorders,23996.0,0.0,0.0,0.0
indi_v2_2010q4,,,indi_soc_neoplasms_benign_malignant_and_unspecified_incl_cysts_and_polyps,23996.0,0.0,0.0,0.0
indi_v2_2010q4,,,indi_soc_nervous_system_disorders,23996.0,0.0,0.0,0.0
indi_v2_2010q4,,,indi_soc_product_issues,23996.0,0.0,0.0,0.0
indi_v2_2010q4,,,indi_soc_psychiatric_disorders,23996.0,0.0,0.0,0.0
indi_v2_2010q4,,,indi_soc_renal_and_urinary_disorders,23996.0,0.0,0.0,0.0
indi_v2_2010q4,,,indi_soc_reproductive_system_and_breast_disorders,23996.0,0.0,0.0,0.0
indi_v2_2010q4,,,indi_soc_respiratory_thoracic_and_mediastinal_disorders,23996.0,0.0,0.0,0.0
indi_v2_2010q4,,,indi_soc_skin_and_subcutaneous_tissue_disorders,23996.0,0.0,0.0,0.0
indi_v2_2010q4,,,indi_soc_social_circumstances,23996.0,0.0,0.0,0.0
indi_v2_2010q4,,,indi_soc_surgical_and_medical_procedures,23996.0,0.0,0.0,0.0
indi_v2_2010q4,,,indi_soc_vascular_disorders,23996.0,0.0,0.0,0.0
indi_v2_2011q1,n_rows,25802.0,,,,,
indi_v2_2011q1,unique_caseid,25802.0,,,,,
indi_v2_2011q1,duplicate_caseid_rows,0.0,,,,,
indi_v2_2011q1,,,caseid,25802.0,0.0,0.0,0.0
indi_v2_2011q1,,,indi_n,25802.0,0.0,0.0,0.0
indi_v2_2011q1,,,distinct_indi_n,25802.0,0.0,0.0,0.0
indi_v2_2011q1,,,indi_mapped_n,25802.0,0.0,0.0,0.0
indi_v2_2011q1,,,indi_unmapped_n,25802.0,0.0,0.0,0.0
indi_v2_2011q1,,,indi_insomnia,25802.0,0.0,0.0,0.0
indi_v2_2011q1,,,indi_anxiety,25802.0,0.0,0.0,0.0
indi_v2_2011q1,,,indi_depression,25802.0,0.0,0.0,0.0
indi_v2_2011q1,,,indi_pain,25802.0,0.0,0.0,0.0
indi_v2_2011q1,,,indi_epilepsy,25802.0,0.0,0.0,0.0
indi_v2_2011q1,,,indi_dizziness_vertigo,25802.0,0.0,0.0,0.0
indi_v2_2011q1,,,indi_soc_blood_and_lymphatic_system_disorders,25802.0,0.0,0.0,0.0
indi_v2_2011q1,,,indi_soc_cardiac_disorders,25802.0,0.0,0.0,0.0
indi_v2_2011q1,,,indi_soc_congenital_familial_and_genetic_disorders,25802.0,0.0,0.0,0.0
indi_v2_2011q1,,,indi_soc_ear_and_labyrinth_disorders,25802.0,0.0,0.0,0.0
indi_v2_2011q1,,,indi_soc_endocrine_disorders,25802.0,0.0,0.0,0.0
indi_v2_2011q1,,,indi_soc_eye_disorders,25802.0,0.0,0.0,0.0
indi_v2_2011q1,,,indi_soc_gastrointestinal_disorders,25802.0,0.0,0.0,0.0
indi_v2_2011q1,,,indi_soc_general_disorders_and_administration_site_conditions,25802.0,0.0,0.0,0.0
indi_v2_2011q1,,,indi_soc_hepatobiliary_disorders,25802.0,0.0,0.0,0.0
indi_v2_2011q1,,,indi_soc_immune_system_disorders,25802.0,0.0,0.0,0.0
indi_v2_2011q1,,,indi_soc_infections_and_infestations,25802.0,0.0,0.0,0.0
indi_v2_2011q1,,,indi_soc_injury_poisoning_and_procedural_complications,25802.0,0.0,0.0,0.0
indi_v2_2011q1,,,indi_soc_investigations,25802.0,0.0,0.0,0.0
indi_v2_2011q1,,,indi_soc_metabolism_and_nutrition_disorders,25802.0,0.0,0.0,0.0
indi_v2_2011q1,,,indi_soc_musculoskeletal_and_connective_tissue_disorders,25802.0,0.0,0.0,0.0
indi_v2_2011q1,,,indi_soc_neoplasms_benign_malignant_and_unspecified_incl_cysts_and_polyps,25802.0,0.0,0.0,0.0
indi_v2_2011q1,,,indi_soc_nervous_system_disorders,25802.0,0.0,0.0,0.0
indi_v2_2011q1,,,indi_soc_product_issues,25802.0,0.0,0.0,0.0
indi_v2_2011q1,,,indi_soc_psychiatric_disorders,25802.0,0.0,0.0,0.0
indi_v2_2011q1,,,indi_soc_renal_and_urinary_disorders,25802.0,0.0,0.0,0.0
indi_v2_2011q1,,,indi_soc_reproductive_system_and_breast_disorders,25802.0,0.0,0.0,0.0
indi_v2_2011q1,,,indi_soc_respiratory_thoracic_and_mediastinal_disorders,25802.0,0.0,0.0,0.0
indi_v2_2011q1,,,indi_soc_skin_and_subcutaneous_tissue_disorders,25802.0,0.0,0.0,0.0
indi_v2_2011q1,,,indi_soc_social_circumstances,25802.0,0.0,0.0,0.0
indi_v2_2011q1,,,indi_soc_surgical_and_medical_procedures,25802.0,0.0,0.0,0.0
indi_v2_2011q1,,,indi_soc_vascular_disorders,25802.0,0.0,0.0,0.0
indi_v2_2011q2,n_rows,28210.0,,,,,
indi_v2_2011q2,unique_caseid,28210.0,,,,,
indi_v2_2011q2,duplicate_caseid_rows,0.0,,,,,
indi_v2_2011q2,,,caseid,28210.0,0.0,0.0,0.0
indi_v2_2011q2,,,indi_n,28210.0,0.0,0.0,0.0
indi_v2_2011q2,,,distinct_indi_n,28210.0,0.0,0.0,0.0
indi_v2_2011q2,,,indi_mapped_n,28210.0,0.0,0.0,0.0
indi_v2_2011q2,,,indi_unmapped_n,28210.0,0.0,0.0,0.0
indi_v2_2011q2,,,indi_insomnia,28210.0,0.0,0.0,0.0
indi_v2_2011q2,,,indi_anxiety,28210.0,0.0,0.0,0.0
indi_v2_2011q2,,,indi_depression,28210.0,0.0,0.0,0.0
indi_v2_2011q2,,,indi_pain,28210.0,0.0,0.0,0.0
indi_v2_2011q2,,,indi_epilepsy,28210.0,0.0,0.0,0.0
indi_v2_2011q2,,,indi_dizziness_vertigo,28210.0,0.0,0.0,0.0
indi_v2_2011q2,,,indi_soc_blood_and_lymphatic_system_disorders,28210.0,0.0,0.0,0.0
indi_v2_2011q2,,,indi_soc_cardiac_disorders,28210.0,0.0,0.0,0.0
indi_v2_2011q2,,,indi_soc_congenital_familial_and_genetic_disorders,28210.0,0.0,0.0,0.0
indi_v2_2011q2,,,indi_soc_ear_and_labyrinth_disorders,28210.0,0.0,0.0,0.0
indi_v2_2011q2,,,indi_soc_endocrine_disorders,28210.0,0.0,0.0,0.0
indi_v2_2011q2,,,indi_soc_eye_disorders,28210.0,0.0,0.0,0.0
indi_v2_2011q2,,,indi_soc_gastrointestinal_disorders,28210.0,0.0,0.0,0.0
indi_v2_2011q2,,,indi_soc_general_disorders_and_administration_site_conditions,28210.0,0.0,0.0,0.0
indi_v2_2011q2,,,indi_soc_hepatobiliary_disorders,28210.0,0.0,0.0,0.0
indi_v2_2011q2,,,indi_soc_immune_system_disorders,28210.0,0.0,0.0,0.0
indi_v2_2011q2,,,indi_soc_infections_and_infestations,28210.0,0.0,0.0,0.0
indi_v2_2011q2,,,indi_soc_injury_poisoning_and_procedural_complications,28210.0,0.0,0.0,0.0
indi_v2_2011q2,,,indi_soc_investigations,28210.0,0.0,0.0,0.0
indi_v2_2011q2,,,indi_soc_metabolism_and_nutrition_disorders,28210.0,0.0,0.0,0.0
indi_v2_2011q2,,,indi_soc_musculoskeletal_and_connective_tissue_disorders,28210.0,0.0,0.0,0.0
indi_v2_2011q2,,,indi_soc_neoplasms_benign_malignant_and_unspecified_incl_cysts_and_polyps,28210.0,0.0,0.0,0.0
indi_v2_2011q2,,,indi_soc_nervous_system_disorders,28210.0,0.0,0.0,0.0
indi_v2_2011q2,,,indi_soc_pregnancy_puerperium_and_perinatal_conditions,28210.0,0.0,0.0,0.0
indi_v2_2011q2,,,indi_soc_product_issues,28210.0,0.0,0.0,0.0
indi_v2_2011q2,,,indi_soc_psychiatric_disorders,28210.0,0.0,0.0,0.0
indi_v2_2011q2,,,indi_soc_renal_and_urinary_disorders,28210.0,0.0,0.0,0.0
indi_v2_2011q2,,,indi_soc_reproductive_system_and_breast_disorders,28210.0,0.0,0.0,0.0
indi_v2_2011q2,,,indi_soc_respiratory_thoracic_and_mediastinal_disorders,28210.0,0.0,0.0,0.0
indi_v2_2011q2,,,indi_soc_skin_and_subcutaneous_tissue_disorders,28210.0,0.0,0.0,0.0
indi_v2_2011q2,,,indi_soc_social_circumstances,28210.0,0.0,0.0,0.0
indi_v2_2011q2,,,indi_soc_surgical_and_medical_procedures,28210.0,0.0,0.0,0.0
indi_v2_2011q2,,,indi_soc_vascular_disorders,28210.0,0.0,0.0,0.0
indi_v2_2011q3,n_rows,28389.0,,,,,
indi_v2_2011q3,unique_caseid,28389.0,,,,,
indi_v2_2011q3,duplicate_caseid_rows,0.0,,,,,
indi_v2_2011q3,,,caseid,28389.0,0.0,0.0,0.0
indi_v2_2011q3,,,indi_n,28389.0,0.0,0.0,0.0
indi_v2_2011q3,,,distinct_indi_n,28389.0,0.0,0.0,0.0
indi_v2_2011q3,,,indi_mapped_n,28389.0,0.0,0.0,0.0
indi_v2_2011q3,,,indi_unmapped_n,28389.0,0.0,0.0,0.0
indi_v2_2011q3,,,indi_insomnia,28389.0,0.0,0.0,0.0
indi_v2_2011q3,,,indi_anxiety,28389.0,0.0,0.0,0.0
indi_v2_2011q3,,,indi_depression,28389.0,0.0,0.0,0.0
indi_v2_2011q3,,,indi_pain,28389.0,0.0,0.0,0.0
indi_v2_2011q3,,,indi_epilepsy,28389.0,0.0,0.0,0.0
indi_v2_2011q3,,,indi_dizziness_vertigo,28389.0,0.0,0.0,0.0
indi_v2_2011q3,,,indi_soc_blood_and_lymphatic_system_disorders,28389.0,0.0,0.0,0.0
indi_v2_2011q3,,,indi_soc_cardiac_disorders,28389.0,0.0,0.0,0.0
indi_v2_2011q3,,,indi_soc_congenital_familial_and_genetic_disorders,28389.0,0.0,0.0,0.0
indi_v2_2011q3,,,indi_soc_ear_and_labyrinth_disorders,28389.0,0.0,0.0,0.0
indi_v2_2011q3,,,indi_soc_endocrine_disorders,28389.0,0.0,0.0,0.0
indi_v2_2011q3,,,indi_soc_eye_disorders,28389.0,0.0,0.0,0.0
indi_v2_2011q3,,,indi_soc_gastrointestinal_disorders,28389.0,0.0,0.0,0.0
indi_v2_2011q3,,,indi_soc_general_disorders_and_administration_site_conditions,28389.0,0.0,0.0,0.0
indi_v2_2011q3,,,indi_soc_hepatobiliary_disorders,28389.0,0.0,0.0,0.0
indi_v2_2011q3,,,indi_soc_immune_system_disorders,28389.0,0.0,0.0,0.0
indi_v2_2011q3,,,indi_soc_infections_and_infestations,28389.0,0.0,0.0,0.0
indi_v2_2011q3,,,indi_soc_injury_poisoning_and_procedural_complications,28389.0,0.0,0.0,0.0
indi_v2_2011q3,,,indi_soc_investigations,28389.0,0.0,0.0,0.0
indi_v2_2011q3,,,indi_soc_metabolism_and_nutrition_disorders,28389.0,0.0,0.0,0.0
indi_v2_2011q3,,,indi_soc_musculoskeletal_and_connective_tissue_disorders,28389.0,0.0,0.0,0.0
indi_v2_2011q3,,,indi_soc_neoplasms_benign_malignant_and_unspecified_incl_cysts_and_polyps,28389.0,0.0,0.0,0.0
indi_v2_2011q3,,,indi_soc_nervous_system_disorders,28389.0,0.0,0.0,0.0
indi_v2_2011q3,,,indi_soc_product_issues,28389.0,0.0,0.0,0.0
indi_v2_2011q3,,,indi_soc_psychiatric_disorders,28389.0,0.0,0.0,0.0
indi_v2_2011q3,,,indi_soc_renal_and_urinary_disorders,28389.0,0.0,0.0,0.0
indi_v2_2011q3,,,indi_soc_reproductive_system_and_breast_disorders,28389.0,0.0,0.0,0.0
indi_v2_2011q3,,,indi_soc_respiratory_thoracic_and_mediastinal_disorders,28389.0,0.0,0.0,0.0
indi_v2_2011q3,,,indi_soc_skin_and_subcutaneous_tissue_disorders,28389.0,0.0,0.0,0.0
indi_v2_2011q3,,,indi_soc_social_circumstances,28389.0,0.0,0.0,0.0
indi_v2_2011q3,,,indi_soc_surgical_and_medical_procedures,28389.0,0.0,0.0,0.0
indi_v2_2011q3,,,indi_soc_vascular_disorders,28389.0,0.0,0.0,0.0
indi_v2_2011q4,n_rows,31189.0,,,,,
indi_v2_2011q4,unique_caseid,31189.0,,,,,
indi_v2_2011q4,duplicate_caseid_rows,0.0,,,,,
indi_v2_2011q4,,,caseid,31189.0,0.0,0.0,0.0
indi_v2_2011q4,,,indi_n,31189.0,0.0,0.0,0.0
indi_v2_2011q4,,,distinct_indi_n,31189.0,0.0,0.0,0.0
indi_v2_2011q4,,,indi_mapped_n,31189.0,0.0,0.0,0.0
indi_v2_2011q4,,,indi_unmapped_n,31189.0,0.0,0.0,0.0
indi_v2_2011q4,,,indi_insomnia,31189.0,0.0,0.0,0.0
indi_v2_2011q4,,,indi_anxiety,31189.0,0.0,0.0,0.0
indi_v2_2011q4,,,indi_depression,31189.0,0.0,0.0,0.0
indi_v2_2011q4,,,indi_pain,31189.0,0.0,0.0,0.0
indi_v2_2011q4,,,indi_epilepsy,31189.0,0.0,0.0,0.0
indi_v2_2011q4,,,indi_dizziness_vertigo,31189.0,0.0,0.0,0.0
indi_v2_2011q4,,,indi_soc_blood_and_lymphatic_system_disorders,31189.0,0.0,0.0,0.0
indi_v2_2011q4,,,indi_soc_cardiac_disorders,31189.0,0.0,0.0,0.0
indi_v2_2011q4,,,indi_soc_congenital_familial_and_genetic_disorders,31189.0,0.0,0.0,0.0
indi_v2_2011q4,,,indi_soc_ear_and_labyrinth_disorders,31189.0,0.0,0.0,0.0
indi_v2_2011q4,,,indi_soc_endocrine_disorders,31189.0,0.0,0.0,0.0
indi_v2_2011q4,,,indi_soc_eye_disorders,31189.0,0.0,0.0,0.0
indi_v2_2011q4,,,indi_soc_gastrointestinal_disorders,31189.0,0.0,0.0,0.0
indi_v2_2011q4,,,indi_soc_general_disorders_and_administration_site_conditions,31189.0,0.0,0.0,0.0
indi_v2_2011q4,,,indi_soc_hepatobiliary_disorders,31189.0,0.0,0.0,0.0
indi_v2_2011q4,,,indi_soc_immune_system_disorders,31189.0,0.0,0.0,0.0
indi_v2_2011q4,,,indi_soc_infections_and_infestations,31189.0,0.0,0.0,0.0
indi_v2_2011q4,,,indi_soc_injury_poisoning_and_procedural_complications,31189.0,0.0,0.0,0.0
indi_v2_2011q4,,,indi_soc_investigations,31189.0,0.0,0.0,0.0
indi_v2_2011q4,,,indi_soc_metabolism_and_nutrition_disorders,31189.0,0.0,0.0,0.0
indi_v2_2011q4,,,indi_soc_musculoskeletal_and_connective_tissue_disorders,31189.0,0.0,0.0,0.0
indi_v2_2011q4,,,indi_soc_neoplasms_benign_malignant_and_unspecified_incl_cysts_and_polyps,31189.0,0.0,0.0,0.0
indi_v2_2011q4,,,indi_soc_nervous_system_disorders,31189.0,0.0,0.0,0.0
indi_v2_2011q4,,,indi_soc_pregnancy_puerperium_and_perinatal_conditions,31189.0,0.0,0.0,0.0
indi_v2_2011q4,,,indi_soc_product_issues,31189.0,0.0,0.0,0.0
indi_v2_2011q4,,,indi_soc_psychiatric_disorders,31189.0,0.0,0.0,0.0
indi_v2_2011q4,,,indi_soc_renal_and_urinary_disorders,31189.0,0.0,0.0,0.0
indi_v2_2011q4,,,indi_soc_reproductive_system_and_breast_disorders,31189.0,0.0,0.0,0.0
indi_v2_2011q4,,,indi_soc_respiratory_thoracic_and_mediastinal_disorders,31189.0,0.0,0.0,0.0
indi_v2_2011q4,,,indi_soc_skin_and_subcutaneous_tissue_disorders,31189.0,0.0,0.0,0.0
indi_v2_2011q4,,,indi_soc_social_circumstances,31189.0,0.0,0.0,0.0
indi_v2_2011q4,,,indi_soc_surgical_and_medical_procedures,31189.0,0.0,0.0,0.0
indi_v2_2011q4,,,indi_soc_vascular_disorders,31189.0,0.0,0.0,0.0
indi_v2_2012q1,n_rows,33481.0,,,,,
indi_v2_2012q1,unique_caseid,33481.0,,,,,
indi_v2_2012q1,duplicate_caseid_rows,0.0,,,,,
indi_v2_2012q1,,,caseid,33481.0,0.0,0.0,0.0
indi_v2_2012q1,,,indi_n,33481.0,0.0,0.0,0.0
indi_v2_2012q1,,,distinct_indi_n,33481.0,0.0,0.0,0.0
indi_v2_2012q1,,,indi_mapped_n,33481.0,0.0,0.0,0.0
indi_v2_2012q1,,,indi_unmapped_n,33481.0,0.0,0.0,0.0
indi_v2_2012q1,,,indi_insomnia,33481.0,0.0,0.0,0.0
indi_v2_2012q1,,,indi_anxiety,33481.0,0.0,0.0,0.0
indi_v2_2012q1,,,indi_depression,33481.0,0.0,0.0,0.0
indi_v2_2012q1,,,indi_pain,33481.0,0.0,0.0,0.0
indi_v2_2012q1,,,indi_epilepsy,33481.0,0.0,0.0,0.0
indi_v2_2012q1,,,indi_dizziness_vertigo,33481.0,0.0,0.0,0.0
indi_v2_2012q1,,,indi_soc_blood_and_lymphatic_system_disorders,33481.0,0.0,0.0,0.0
indi_v2_2012q1,,,indi_soc_cardiac_disorders,33481.0,0.0,0.0,0.0
indi_v2_2012q1,,,indi_soc_congenital_familial_and_genetic_disorders,33481.0,0.0,0.0,0.0
indi_v2_2012q1,,,indi_soc_ear_and_labyrinth_disorders,33481.0,0.0,0.0,0.0
indi_v2_2012q1,,,indi_soc_endocrine_disorders,33481.0,0.0,0.0,0.0
indi_v2_2012q1,,,indi_soc_eye_disorders,33481.0,0.0,0.0,0.0
indi_v2_2012q1,,,indi_soc_gastrointestinal_disorders,33481.0,0.0,0.0,0.0
indi_v2_2012q1,,,indi_soc_general_disorders_and_administration_site_conditions,33481.0,0.0,0.0,0.0
indi_v2_2012q1,,,indi_soc_hepatobiliary_disorders,33481.0,0.0,0.0,0.0
indi_v2_2012q1,,,indi_soc_immune_system_disorders,33481.0,0.0,0.0,0.0
indi_v2_2012q1,,,indi_soc_infections_and_infestations,33481.0,0.0,0.0,0.0
indi_v2_2012q1,,,indi_soc_injury_poisoning_and_procedural_complications,33481.0,0.0,0.0,0.0
indi_v2_2012q1,,,indi_soc_investigations,33481.0,0.0,0.0,0.0
indi_v2_2012q1,,,indi_soc_metabolism_and_nutrition_disorders,33481.0,0.0,0.0,0.0
indi_v2_2012q1,,,indi_soc_musculoskeletal_and_connective_tissue_disorders,33481.0,0.0,0.0,0.0
indi_v2_2012q1,,,indi_soc_neoplasms_benign_malignant_and_unspecified_incl_cysts_and_polyps,33481.0,0.0,0.0,0.0
indi_v2_2012q1,,,indi_soc_nervous_system_disorders,33481.0,0.0,0.0,0.0
indi_v2_2012q1,,,indi_soc_pregnancy_puerperium_and_perinatal_conditions,33481.0,0.0,0.0,0.0
indi_v2_2012q1,,,indi_soc_product_issues,33481.0,0.0,0.0,0.0
indi_v2_2012q1,,,indi_soc_psychiatric_disorders,33481.0,0.0,0.0,0.0
indi_v2_2012q1,,,indi_soc_renal_and_urinary_disorders,33481.0,0.0,0.0,0.0
indi_v2_2012q1,,,indi_soc_reproductive_system_and_breast_disorders,33481.0,0.0,0.0,0.0
indi_v2_2012q1,,,indi_soc_respiratory_thoracic_and_mediastinal_disorders,33481.0,0.0,0.0,0.0
indi_v2_2012q1,,,indi_soc_skin_and_subcutaneous_tissue_disorders,33481.0,0.0,0.0,0.0
indi_v2_2012q1,,,indi_soc_social_circumstances,33481.0,0.0,0.0,0.0
indi_v2_2012q1,,,indi_soc_surgical_and_medical_procedures,33481.0,0.0,0.0,0.0
indi_v2_2012q1,,,indi_soc_vascular_disorders,33481.0,0.0,0.0,0.0
indi_v2_2012q2,n_rows,33738.0,,,,,
indi_v2_2012q2,unique_caseid,33738.0,,,,,
indi_v2_2012q2,duplicate_caseid_rows,0.0,,,,,
indi_v2_2012q2,,,caseid,33738.0,0.0,0.0,0.0
indi_v2_2012q2,,,indi_n,33738.0,0.0,0.0,0.0
indi_v2_2012q2,,,distinct_indi_n,33738.0,0.0,0.0,0.0
indi_v2_2012q2,,,indi_mapped_n,33738.0,0.0,0.0,0.0
indi_v2_2012q2,,,indi_unmapped_n,33738.0,0.0,0.0,0.0
indi_v2_2012q2,,,indi_insomnia,33738.0,0.0,0.0,0.0
indi_v2_2012q2,,,indi_anxiety,33738.0,0.0,0.0,0.0
indi_v2_2012q2,,,indi_depression,33738.0,0.0,0.0,0.0
indi_v2_2012q2,,,indi_pain,33738.0,0.0,0.0,0.0
indi_v2_2012q2,,,indi_epilepsy,33738.0,0.0,0.0,0.0
indi_v2_2012q2,,,indi_dizziness_vertigo,33738.0,0.0,0.0,0.0
indi_v2_2012q2,,,indi_soc_blood_and_lymphatic_system_disorders,33738.0,0.0,0.0,0.0
indi_v2_2012q2,,,indi_soc_cardiac_disorders,33738.0,0.0,0.0,0.0
indi_v2_2012q2,,,indi_soc_congenital_familial_and_genetic_disorders,33738.0,0.0,0.0,0.0
indi_v2_2012q2,,,indi_soc_ear_and_labyrinth_disorders,33738.0,0.0,0.0,0.0
indi_v2_2012q2,,,indi_soc_endocrine_disorders,33738.0,0.0,0.0,0.0
indi_v2_2012q2,,,indi_soc_eye_disorders,33738.0,0.0,0.0,0.0
indi_v2_2012q2,,,indi_soc_gastrointestinal_disorders,33738.0,0.0,0.0,0.0
indi_v2_2012q2,,,indi_soc_general_disorders_and_administration_site_conditions,33738.0,0.0,0.0,0.0
indi_v2_2012q2,,,indi_soc_hepatobiliary_disorders,33738.0,0.0,0.0,0.0
indi_v2_2012q2,,,indi_soc_immune_system_disorders,33738.0,0.0,0.0,0.0
indi_v2_2012q2,,,indi_soc_infections_and_infestations,33738.0,0.0,0.0,0.0
indi_v2_2012q2,,,indi_soc_injury_poisoning_and_procedural_complications,33738.0,0.0,0.0,0.0
indi_v2_2012q2,,,indi_soc_investigations,33738.0,0.0,0.0,0.0
indi_v2_2012q2,,,indi_soc_metabolism_and_nutrition_disorders,33738.0,0.0,0.0,0.0
indi_v2_2012q2,,,indi_soc_musculoskeletal_and_connective_tissue_disorders,33738.0,0.0,0.0,0.0
indi_v2_2012q2,,,indi_soc_neoplasms_benign_malignant_and_unspecified_incl_cysts_and_polyps,33738.0,0.0,0.0,0.0
indi_v2_2012q2,,,indi_soc_nervous_system_disorders,33738.0,0.0,0.0,0.0
indi_v2_2012q2,,,indi_soc_product_issues,33738.0,0.0,0.0,0.0
indi_v2_2012q2,,,indi_soc_psychiatric_disorders,33738.0,0.0,0.0,0.0
indi_v2_2012q2,,,indi_soc_renal_and_urinary_disorders,33738.0,0.0,0.0,0.0
indi_v2_2012q2,,,indi_soc_reproductive_system_and_breast_disorders,33738.0,0.0,0.0,0.0
indi_v2_2012q2,,,indi_soc_respiratory_thoracic_and_mediastinal_disorders,33738.0,0.0,0.0,0.0
indi_v2_2012q2,,,indi_soc_skin_and_subcutaneous_tissue_disorders,33738.0,0.0,0.0,0.0
indi_v2_2012q2,,,indi_soc_social_circumstances,33738.0,0.0,0.0,0.0
indi_v2_2012q2,,,indi_soc_surgical_and_medical_procedures,33738.0,0.0,0.0,0.0
indi_v2_2012q2,,,indi_soc_vascular_disorders,33738.0,0.0,0.0,0.0
indi_v2_2012q3,n_rows,19741.0,,,,,
indi_v2_2012q3,unique_caseid,19741.0,,,,,
indi_v2_2012q3,duplicate_caseid_rows,0.0,,,,,
indi_v2_2012q3,,,caseid,19741.0,0.0,0.0,0.0
indi_v2_2012q3,,,indi_n,19741.0,0.0,0.0,0.0
indi_v2_2012q3,,,distinct_indi_n,19741.0,0.0,0.0,0.0
indi_v2_2012q3,,,indi_mapped_n,19741.0,0.0,0.0,0.0
indi_v2_2012q3,,,indi_unmapped_n,19741.0,0.0,0.0,0.0
indi_v2_2012q3,,,indi_insomnia,19741.0,0.0,0.0,0.0
indi_v2_2012q3,,,indi_anxiety,19741.0,0.0,0.0,0.0
indi_v2_2012q3,,,indi_depression,19741.0,0.0,0.0,0.0
indi_v2_2012q3,,,indi_pain,19741.0,0.0,0.0,0.0
indi_v2_2012q3,,,indi_epilepsy,19741.0,0.0,0.0,0.0
indi_v2_2012q3,,,indi_dizziness_vertigo,19741.0,0.0,0.0,0.0
indi_v2_2012q3,,,indi_soc_blood_and_lymphatic_system_disorders,19741.0,0.0,0.0,0.0
indi_v2_2012q3,,,indi_soc_cardiac_disorders,19741.0,0.0,0.0,0.0
indi_v2_2012q3,,,indi_soc_congenital_familial_and_genetic_disorders,19741.0,0.0,0.0,0.0
indi_v2_2012q3,,,indi_soc_ear_and_labyrinth_disorders,19741.0,0.0,0.0,0.0
indi_v2_2012q3,,,indi_soc_endocrine_disorders,19741.0,0.0,0.0,0.0
indi_v2_2012q3,,,indi_soc_eye_disorders,19741.0,0.0,0.0,0.0
indi_v2_2012q3,,,indi_soc_gastrointestinal_disorders,19741.0,0.0,0.0,0.0
indi_v2_2012q3,,,indi_soc_general_disorders_and_administration_site_conditions,19741.0,0.0,0.0,0.0
indi_v2_2012q3,,,indi_soc_hepatobiliary_disorders,19741.0,0.0,0.0,0.0
indi_v2_2012q3,,,indi_soc_immune_system_disorders,19741.0,0.0,0.0,0.0
indi_v2_2012q3,,,indi_soc_infections_and_infestations,19741.0,0.0,0.0,0.0
indi_v2_2012q3,,,indi_soc_injury_poisoning_and_procedural_complications,19741.0,0.0,0.0,0.0
indi_v2_2012q3,,,indi_soc_investigations,19741.0,0.0,0.0,0.0
indi_v2_2012q3,,,indi_soc_metabolism_and_nutrition_disorders,19741.0,0.0,0.0,0.0
indi_v2_2012q3,,,indi_soc_musculoskeletal_and_connective_tissue_disorders,19741.0,0.0,0.0,0.0
indi_v2_2012q3,,,indi_soc_neoplasms_benign_malignant_and_unspecified_incl_cysts_and_polyps,19741.0,0.0,0.0,0.0
indi_v2_2012q3,,,indi_soc_nervous_system_disorders,19741.0,0.0,0.0,0.0
indi_v2_2012q3,,,indi_soc_product_issues,19741.0,0.0,0.0,0.0
indi_v2_2012q3,,,indi_soc_psychiatric_disorders,19741.0,0.0,0.0,0.0
indi_v2_2012q3,,,indi_soc_renal_and_urinary_disorders,19741.0,0.0,0.0,0.0
indi_v2_2012q3,,,indi_soc_reproductive_system_and_breast_disorders,19741.0,0.0,0.0,0.0
indi_v2_2012q3,,,indi_soc_respiratory_thoracic_and_mediastinal_disorders,19741.0,0.0,0.0,0.0
indi_v2_2012q3,,,indi_soc_skin_and_subcutaneous_tissue_disorders,19741.0,0.0,0.0,0.0
indi_v2_2012q3,,,indi_soc_social_circumstances,19741.0,0.0,0.0,0.0
indi_v2_2012q3,,,indi_soc_surgical_and_medical_procedures,19741.0,0.0,0.0,0.0
indi_v2_2012q3,,,indi_soc_vascular_disorders,19741.0,0.0,0.0,0.0
indi_v2_2012q4,n_rows,35418.0,,,,,
indi_v2_2012q4,unique_caseid,35418.0,,,,,
indi_v2_2012q4,duplicate_caseid_rows,0.0,,,,,
indi_v2_2012q4,,,caseid,35418.0,0.0,0.0,0.0
indi_v2_2012q4,,,indi_n,35418.0,0.0,0.0,0.0
indi_v2_2012q4,,,distinct_indi_n,35418.0,0.0,0.0,0.0
indi_v2_2012q4,,,indi_mapped_n,35418.0,0.0,0.0,0.0
indi_v2_2012q4,,,indi_unmapped_n,35418.0,0.0,0.0,0.0
indi_v2_2012q4,,,indi_insomnia,35418.0,0.0,0.0,0.0
indi_v2_2012q4,,,indi_anxiety,35418.0,0.0,0.0,0.0
indi_v2_2012q4,,,indi_depression,35418.0,0.0,0.0,0.0
indi_v2_2012q4,,,indi_pain,35418.0,0.0,0.0,0.0
indi_v2_2012q4,,,indi_epilepsy,35418.0,0.0,0.0,0.0
indi_v2_2012q4,,,indi_dizziness_vertigo,35418.0,0.0,0.0,0.0
indi_v2_2012q4,,,indi_soc_blood_and_lymphatic_system_disorders,35418.0,0.0,0.0,0.0
indi_v2_2012q4,,,indi_soc_cardiac_disorders,35418.0,0.0,0.0,0.0
indi_v2_2012q4,,,indi_soc_congenital_familial_and_genetic_disorders,35418.0,0.0,0.0,0.0
indi_v2_2012q4,,,indi_soc_ear_and_labyrinth_disorders,35418.0,0.0,0.0,0.0
indi_v2_2012q4,,,indi_soc_endocrine_disorders,35418.0,0.0,0.0,0.0
indi_v2_2012q4,,,indi_soc_eye_disorders,35418.0,0.0,0.0,0.0
indi_v2_2012q4,,,indi_soc_gastrointestinal_disorders,35418.0,0.0,0.0,0.0
indi_v2_2012q4,,,indi_soc_general_disorders_and_administration_site_conditions,35418.0,0.0,0.0,0.0
indi_v2_2012q4,,,indi_soc_hepatobiliary_disorders,35418.0,0.0,0.0,0.0
indi_v2_2012q4,,,indi_soc_immune_system_disorders,35418.0,0.0,0.0,0.0
indi_v2_2012q4,,,indi_soc_infections_and_infestations,35418.0,0.0,0.0,0.0
indi_v2_2012q4,,,indi_soc_injury_poisoning_and_procedural_complications,35418.0,0.0,0.0,0.0
indi_v2_2012q4,,,indi_soc_investigations,35418.0,0.0,0.0,0.0
indi_v2_2012q4,,,indi_soc_metabolism_and_nutrition_disorders,35418.0,0.0,0.0,0.0
indi_v2_2012q4,,,indi_soc_musculoskeletal_and_connective_tissue_disorders,35418.0,0.0,0.0,0.0
indi_v2_2012q4,,,indi_soc_neoplasms_benign_malignant_and_unspecified_incl_cysts_and_polyps,35418.0,0.0,0.0,0.0
indi_v2_2012q4,,,indi_soc_nervous_system_disorders,35418.0,0.0,0.0,0.0
indi_v2_2012q4,,,indi_soc_pregnancy_puerperium_and_perinatal_conditions,35418.0,0.0,0.0,0.0
indi_v2_2012q4,,,indi_soc_product_issues,35418.0,0.0,0.0,0.0
indi_v2_2012q4,,,indi_soc_psychiatric_disorders,35418.0,0.0,0.0,0.0
indi_v2_2012q4,,,indi_soc_renal_and_urinary_disorders,35418.0,0.0,0.0,0.0
indi_v2_2012q4,,,indi_soc_reproductive_system_and_breast_disorders,35418.0,0.0,0.0,0.0
indi_v2_2012q4,,,indi_soc_respiratory_thoracic_and_mediastinal_disorders,35418.0,0.0,0.0,0.0
indi_v2_2012q4,,,indi_soc_skin_and_subcutaneous_tissue_disorders,35418.0,0.0,0.0,0.0
indi_v2_2012q4,,,indi_soc_social_circumstances,35418.0,0.0,0.0,0.0
indi_v2_2012q4,,,indi_soc_surgical_and_medical_procedures,35418.0,0.0,0.0,0.0
indi_v2_2012q4,,,indi_soc_vascular_disorders,35418.0,0.0,0.0,0.0
indi_v2_2013q1,n_rows,34291.0,,,,,
indi_v2_2013q1,unique_caseid,34291.0,,,,,
indi_v2_2013q1,duplicate_caseid_rows,0.0,,,,,
indi_v2_2013q1,,,caseid,34291.0,0.0,0.0,0.0
indi_v2_2013q1,,,indi_n,34291.0,0.0,0.0,0.0
indi_v2_2013q1,,,distinct_indi_n,34291.0,0.0,0.0,0.0
indi_v2_2013q1,,,indi_mapped_n,34291.0,0.0,0.0,0.0
indi_v2_2013q1,,,indi_unmapped_n,34291.0,0.0,0.0,0.0
indi_v2_2013q1,,,indi_insomnia,34291.0,0.0,0.0,0.0
indi_v2_2013q1,,,indi_anxiety,34291.0,0.0,0.0,0.0
indi_v2_2013q1,,,indi_depression,34291.0,0.0,0.0,0.0
indi_v2_2013q1,,,indi_pain,34291.0,0.0,0.0,0.0
indi_v2_2013q1,,,indi_epilepsy,34291.0,0.0,0.0,0.0
indi_v2_2013q1,,,indi_dizziness_vertigo,34291.0,0.0,0.0,0.0
indi_v2_2013q1,,,indi_soc_blood_and_lymphatic_system_disorders,34291.0,0.0,0.0,0.0
indi_v2_2013q1,,,indi_soc_cardiac_disorders,34291.0,0.0,0.0,0.0
indi_v2_2013q1,,,indi_soc_congenital_familial_and_genetic_disorders,34291.0,0.0,0.0,0.0
indi_v2_2013q1,,,indi_soc_ear_and_labyrinth_disorders,34291.0,0.0,0.0,0.0
indi_v2_2013q1,,,indi_soc_endocrine_disorders,34291.0,0.0,0.0,0.0
indi_v2_2013q1,,,indi_soc_eye_disorders,34291.0,0.0,0.0,0.0
indi_v2_2013q1,,,indi_soc_gastrointestinal_disorders,34291.0,0.0,0.0,0.0
indi_v2_2013q1,,,indi_soc_general_disorders_and_administration_site_conditions,34291.0,0.0,0.0,0.0
indi_v2_2013q1,,,indi_soc_hepatobiliary_disorders,34291.0,0.0,0.0,0.0
indi_v2_2013q1,,,indi_soc_immune_system_disorders,34291.0,0.0,0.0,0.0
indi_v2_2013q1,,,indi_soc_infections_and_infestations,34291.0,0.0,0.0,0.0
indi_v2_2013q1,,,indi_soc_injury_poisoning_and_procedural_complications,34291.0,0.0,0.0,0.0
indi_v2_2013q1,,,indi_soc_investigations,34291.0,0.0,0.0,0.0
indi_v2_2013q1,,,indi_soc_metabolism_and_nutrition_disorders,34291.0,0.0,0.0,0.0
indi_v2_2013q1,,,indi_soc_musculoskeletal_and_connective_tissue_disorders,34291.0,0.0,0.0,0.0
indi_v2_2013q1,,,indi_soc_neoplasms_benign_malignant_and_unspecified_incl_cysts_and_polyps,34291.0,0.0,0.0,0.0
indi_v2_2013q1,,,indi_soc_nervous_system_disorders,34291.0,0.0,0.0,0.0
indi_v2_2013q1,,,indi_soc_pregnancy_puerperium_and_perinatal_conditions,34291.0,0.0,0.0,0.0
indi_v2_2013q1,,,indi_soc_product_issues,34291.0,0.0,0.0,0.0
indi_v2_2013q1,,,indi_soc_psychiatric_disorders,34291.0,0.0,0.0,0.0
indi_v2_2013q1,,,indi_soc_renal_and_urinary_disorders,34291.0,0.0,0.0,0.0
indi_v2_2013q1,,,indi_soc_reproductive_system_and_breast_disorders,34291.0,0.0,0.0,0.0
indi_v2_2013q1,,,indi_soc_respiratory_thoracic_and_mediastinal_disorders,34291.0,0.0,0.0,0.0
indi_v2_2013q1,,,indi_soc_skin_and_subcutaneous_tissue_disorders,34291.0,0.0,0.0,0.0
indi_v2_2013q1,,,indi_soc_social_circumstances,34291.0,0.0,0.0,0.0
indi_v2_2013q1,,,indi_soc_surgical_and_medical_procedures,34291.0,0.0,0.0,0.0
indi_v2_2013q1,,,indi_soc_vascular_disorders,34291.0,0.0,0.0,0.0
indi_v2_2013q2,n_rows,32714.0,,,,,
indi_v2_2013q2,unique_caseid,32714.0,,,,,
indi_v2_2013q2,duplicate_caseid_rows,0.0,,,,,
indi_v2_2013q2,,,caseid,32714.0,0.0,0.0,0.0
indi_v2_2013q2,,,indi_n,32714.0,0.0,0.0,0.0
indi_v2_2013q2,,,distinct_indi_n,32714.0,0.0,0.0,0.0
indi_v2_2013q2,,,indi_mapped_n,32714.0,0.0,0.0,0.0
indi_v2_2013q2,,,indi_unmapped_n,32714.0,0.0,0.0,0.0
indi_v2_2013q2,,,indi_insomnia,32714.0,0.0,0.0,0.0
indi_v2_2013q2,,,indi_anxiety,32714.0,0.0,0.0,0.0
indi_v2_2013q2,,,indi_depression,32714.0,0.0,0.0,0.0
indi_v2_2013q2,,,indi_pain,32714.0,0.0,0.0,0.0
indi_v2_2013q2,,,indi_epilepsy,32714.0,0.0,0.0,0.0
indi_v2_2013q2,,,indi_dizziness_vertigo,32714.0,0.0,0.0,0.0
indi_v2_2013q2,,,indi_soc_blood_and_lymphatic_system_disorders,32714.0,0.0,0.0,0.0
indi_v2_2013q2,,,indi_soc_cardiac_disorders,32714.0,0.0,0.0,0.0
indi_v2_2013q2,,,indi_soc_congenital_familial_and_genetic_disorders,32714.0,0.0,0.0,0.0
indi_v2_2013q2,,,indi_soc_ear_and_labyrinth_disorders,32714.0,0.0,0.0,0.0
indi_v2_2013q2,,,indi_soc_endocrine_disorders,32714.0,0.0,0.0,0.0
indi_v2_2013q2,,,indi_soc_eye_disorders,32714.0,0.0,0.0,0.0
indi_v2_2013q2,,,indi_soc_gastrointestinal_disorders,32714.0,0.0,0.0,0.0
indi_v2_2013q2,,,indi_soc_general_disorders_and_administration_site_conditions,32714.0,0.0,0.0,0.0
indi_v2_2013q2,,,indi_soc_hepatobiliary_disorders,32714.0,0.0,0.0,0.0
indi_v2_2013q2,,,indi_soc_immune_system_disorders,32714.0,0.0,0.0,0.0
indi_v2_2013q2,,,indi_soc_infections_and_infestations,32714.0,0.0,0.0,0.0
indi_v2_2013q2,,,indi_soc_injury_poisoning_and_procedural_complications,32714.0,0.0,0.0,0.0
indi_v2_2013q2,,,indi_soc_investigations,32714.0,0.0,0.0,0.0
indi_v2_2013q2,,,indi_soc_metabolism_and_nutrition_disorders,32714.0,0.0,0.0,0.0
indi_v2_2013q2,,,indi_soc_musculoskeletal_and_connective_tissue_disorders,32714.0,0.0,0.0,0.0
indi_v2_2013q2,,,indi_soc_neoplasms_benign_malignant_and_unspecified_incl_cysts_and_polyps,32714.0,0.0,0.0,0.0
indi_v2_2013q2,,,indi_soc_nervous_system_disorders,32714.0,0.0,0.0,0.0
indi_v2_2013q2,,,indi_soc_product_issues,32714.0,0.0,0.0,0.0
indi_v2_2013q2,,,indi_soc_psychiatric_disorders,32714.0,0.0,0.0,0.0
indi_v2_2013q2,,,indi_soc_renal_and_urinary_disorders,32714.0,0.0,0.0,0.0
indi_v2_2013q2,,,indi_soc_reproductive_system_and_breast_disorders,32714.0,0.0,0.0,0.0
indi_v2_2013q2,,,indi_soc_respiratory_thoracic_and_mediastinal_disorders,32714.0,0.0,0.0,0.0
indi_v2_2013q2,,,indi_soc_skin_and_subcutaneous_tissue_disorders,32714.0,0.0,0.0,0.0
indi_v2_2013q2,,,indi_soc_social_circumstances,32714.0,0.0,0.0,0.0
indi_v2_2013q2,,,indi_soc_surgical_and_medical_procedures,32714.0,0.0,0.0,0.0
indi_v2_2013q2,,,indi_soc_vascular_disorders,32714.0,0.0,0.0,0.0
indi_v2_2013q3,n_rows,34278.0,,,,,
indi_v2_2013q3,unique_caseid,34278.0,,,,,
indi_v2_2013q3,duplicate_caseid_rows,0.0,,,,,
indi_v2_2013q3,,,caseid,34278.0,0.0,0.0,0.0
indi_v2_2013q3,,,indi_n,34278.0,0.0,0.0,0.0
indi_v2_2013q3,,,distinct_indi_n,34278.0,0.0,0.0,0.0
indi_v2_2013q3,,,indi_mapped_n,34278.0,0.0,0.0,0.0
indi_v2_2013q3,,,indi_unmapped_n,34278.0,0.0,0.0,0.0
indi_v2_2013q3,,,indi_insomnia,34278.0,0.0,0.0,0.0
indi_v2_2013q3,,,indi_anxiety,34278.0,0.0,0.0,0.0
indi_v2_2013q3,,,indi_depression,34278.0,0.0,0.0,0.0
indi_v2_2013q3,,,indi_pain,34278.0,0.0,0.0,0.0
indi_v2_2013q3,,,indi_epilepsy,34278.0,0.0,0.0,0.0
indi_v2_2013q3,,,indi_dizziness_vertigo,34278.0,0.0,0.0,0.0
indi_v2_2013q3,,,indi_soc_blood_and_lymphatic_system_disorders,34278.0,0.0,0.0,0.0
indi_v2_2013q3,,,indi_soc_cardiac_disorders,34278.0,0.0,0.0,0.0
indi_v2_2013q3,,,indi_soc_congenital_familial_and_genetic_disorders,34278.0,0.0,0.0,0.0
indi_v2_2013q3,,,indi_soc_ear_and_labyrinth_disorders,34278.0,0.0,0.0,0.0
indi_v2_2013q3,,,indi_soc_endocrine_disorders,34278.0,0.0,0.0,0.0
indi_v2_2013q3,,,indi_soc_eye_disorders,34278.0,0.0,0.0,0.0
indi_v2_2013q3,,,indi_soc_gastrointestinal_disorders,34278.0,0.0,0.0,0.0
indi_v2_2013q3,,,indi_soc_general_disorders_and_administration_site_conditions,34278.0,0.0,0.0,0.0
indi_v2_2013q3,,,indi_soc_hepatobiliary_disorders,34278.0,0.0,0.0,0.0
indi_v2_2013q3,,,indi_soc_immune_system_disorders,34278.0,0.0,0.0,0.0
indi_v2_2013q3,,,indi_soc_infections_and_infestations,34278.0,0.0,0.0,0.0
indi_v2_2013q3,,,indi_soc_injury_poisoning_and_procedural_complications,34278.0,0.0,0.0,0.0
indi_v2_2013q3,,,indi_soc_investigations,34278.0,0.0,0.0,0.0
indi_v2_2013q3,,,indi_soc_metabolism_and_nutrition_disorders,34278.0,0.0,0.0,0.0
indi_v2_2013q3,,,indi_soc_musculoskeletal_and_connective_tissue_disorders,34278.0,0.0,0.0,0.0
indi_v2_2013q3,,,indi_soc_neoplasms_benign_malignant_and_unspecified_incl_cysts_and_polyps,34278.0,0.0,0.0,0.0
indi_v2_2013q3,,,indi_soc_nervous_system_disorders,34278.0,0.0,0.0,0.0
indi_v2_2013q3,,,indi_soc_product_issues,34278.0,0.0,0.0,0.0
indi_v2_2013q3,,,indi_soc_psychiatric_disorders,34278.0,0.0,0.0,0.0
indi_v2_2013q3,,,indi_soc_renal_and_urinary_disorders,34278.0,0.0,0.0,0.0
indi_v2_2013q3,,,indi_soc_reproductive_system_and_breast_disorders,34278.0,0.0,0.0,0.0
indi_v2_2013q3,,,indi_soc_respiratory_thoracic_and_mediastinal_disorders,34278.0,0.0,0.0,0.0
indi_v2_2013q3,,,indi_soc_skin_and_subcutaneous_tissue_disorders,34278.0,0.0,0.0,0.0
indi_v2_2013q3,,,indi_soc_social_circumstances,34278.0,0.0,0.0,0.0
indi_v2_2013q3,,,indi_soc_surgical_and_medical_procedures,34278.0,0.0,0.0,0.0
indi_v2_2013q3,,,indi_soc_vascular_disorders,34278.0,0.0,0.0,0.0
indi_v2_2013q4,n_rows,40452.0,,,,,
indi_v2_2013q4,unique_caseid,40452.0,,,,,
indi_v2_2013q4,duplicate_caseid_rows,0.0,,,,,
indi_v2_2013q4,,,caseid,40452.0,0.0,0.0,0.0
indi_v2_2013q4,,,indi_n,40452.0,0.0,0.0,0.0
indi_v2_2013q4,,,distinct_indi_n,40452.0,0.0,0.0,0.0
indi_v2_2013q4,,,indi_mapped_n,40452.0,0.0,0.0,0.0
indi_v2_2013q4,,,indi_unmapped_n,40452.0,0.0,0.0,0.0
indi_v2_2013q4,,,indi_insomnia,40452.0,0.0,0.0,0.0
indi_v2_2013q4,,,indi_anxiety,40452.0,0.0,0.0,0.0
indi_v2_2013q4,,,indi_depression,40452.0,0.0,0.0,0.0
indi_v2_2013q4,,,indi_pain,40452.0,0.0,0.0,0.0
indi_v2_2013q4,,,indi_epilepsy,40452.0,0.0,0.0,0.0
indi_v2_2013q4,,,indi_dizziness_vertigo,40452.0,0.0,0.0,0.0
indi_v2_2013q4,,,indi_soc_blood_and_lymphatic_system_disorders,40452.0,0.0,0.0,0.0
indi_v2_2013q4,,,indi_soc_cardiac_disorders,40452.0,0.0,0.0,0.0
indi_v2_2013q4,,,indi_soc_congenital_familial_and_genetic_disorders,40452.0,0.0,0.0,0.0
indi_v2_2013q4,,,indi_soc_ear_and_labyrinth_disorders,40452.0,0.0,0.0,0.0
indi_v2_2013q4,,,indi_soc_endocrine_disorders,40452.0,0.0,0.0,0.0
indi_v2_2013q4,,,indi_soc_eye_disorders,40452.0,0.0,0.0,0.0
indi_v2_2013q4,,,indi_soc_gastrointestinal_disorders,40452.0,0.0,0.0,0.0
indi_v2_2013q4,,,indi_soc_general_disorders_and_administration_site_conditions,40452.0,0.0,0.0,0.0
indi_v2_2013q4,,,indi_soc_hepatobiliary_disorders,40452.0,0.0,0.0,0.0
indi_v2_2013q4,,,indi_soc_immune_system_disorders,40452.0,0.0,0.0,0.0
indi_v2_2013q4,,,indi_soc_infections_and_infestations,40452.0,0.0,0.0,0.0
indi_v2_2013q4,,,indi_soc_injury_poisoning_and_procedural_complications,40452.0,0.0,0.0,0.0
indi_v2_2013q4,,,indi_soc_investigations,40452.0,0.0,0.0,0.0
indi_v2_2013q4,,,indi_soc_metabolism_and_nutrition_disorders,40452.0,0.0,0.0,0.0
indi_v2_2013q4,,,indi_soc_musculoskeletal_and_connective_tissue_disorders,40452.0,0.0,0.0,0.0
indi_v2_2013q4,,,indi_soc_neoplasms_benign_malignant_and_unspecified_incl_cysts_and_polyps,40452.0,0.0,0.0,0.0
indi_v2_2013q4,,,indi_soc_nervous_system_disorders,40452.0,0.0,0.0,0.0
indi_v2_2013q4,,,indi_soc_product_issues,40452.0,0.0,0.0,0.0
indi_v2_2013q4,,,indi_soc_psychiatric_disorders,40452.0,0.0,0.0,0.0
indi_v2_2013q4,,,indi_soc_renal_and_urinary_disorders,40452.0,0.0,0.0,0.0
indi_v2_2013q4,,,indi_soc_reproductive_system_and_breast_disorders,40452.0,0.0,0.0,0.0
indi_v2_2013q4,,,indi_soc_respiratory_thoracic_and_mediastinal_disorders,40452.0,0.0,0.0,0.0
indi_v2_2013q4,,,indi_soc_skin_and_subcutaneous_tissue_disorders,40452.0,0.0,0.0,0.0
indi_v2_2013q4,,,indi_soc_social_circumstances,40452.0,0.0,0.0,0.0
indi_v2_2013q4,,,indi_soc_surgical_and_medical_procedures,40452.0,0.0,0.0,0.0
indi_v2_2013q4,,,indi_soc_vascular_disorders,40452.0,0.0,0.0,0.0
indi_v2_2014q1,n_rows,46341.0,,,,,
indi_v2_2014q1,unique_caseid,46341.0,,,,,
indi_v2_2014q1,duplicate_caseid_rows,0.0,,,,,
indi_v2_2014q1,,,caseid,46341.0,0.0,0.0,0.0
indi_v2_2014q1,,,indi_n,46341.0,0.0,0.0,0.0
indi_v2_2014q1,,,distinct_indi_n,46341.0,0.0,0.0,0.0
indi_v2_2014q1,,,indi_mapped_n,46341.0,0.0,0.0,0.0
indi_v2_2014q1,,,indi_unmapped_n,46341.0,0.0,0.0,0.0
indi_v2_2014q1,,,indi_insomnia,46341.0,0.0,0.0,0.0
indi_v2_2014q1,,,indi_anxiety,46341.0,0.0,0.0,0.0
indi_v2_2014q1,,,indi_depression,46341.0,0.0,0.0,0.0
indi_v2_2014q1,,,indi_pain,46341.0,0.0,0.0,0.0
indi_v2_2014q1,,,indi_epilepsy,46341.0,0.0,0.0,0.0
indi_v2_2014q1,,,indi_dizziness_vertigo,46341.0,0.0,0.0,0.0
indi_v2_2014q1,,,indi_soc_blood_and_lymphatic_system_disorders,46341.0,0.0,0.0,0.0
indi_v2_2014q1,,,indi_soc_cardiac_disorders,46341.0,0.0,0.0,0.0
indi_v2_2014q1,,,indi_soc_congenital_familial_and_genetic_disorders,46341.0,0.0,0.0,0.0
indi_v2_2014q1,,,indi_soc_ear_and_labyrinth_disorders,46341.0,0.0,0.0,0.0
indi_v2_2014q1,,,indi_soc_endocrine_disorders,46341.0,0.0,0.0,0.0
indi_v2_2014q1,,,indi_soc_eye_disorders,46341.0,0.0,0.0,0.0
indi_v2_2014q1,,,indi_soc_gastrointestinal_disorders,46341.0,0.0,0.0,0.0
indi_v2_2014q1,,,indi_soc_general_disorders_and_administration_site_conditions,46341.0,0.0,0.0,0.0
indi_v2_2014q1,,,indi_soc_hepatobiliary_disorders,46341.0,0.0,0.0,0.0
indi_v2_2014q1,,,indi_soc_immune_system_disorders,46341.0,0.0,0.0,0.0
indi_v2_2014q1,,,indi_soc_infections_and_infestations,46341.0,0.0,0.0,0.0
indi_v2_2014q1,,,indi_soc_injury_poisoning_and_procedural_complications,46341.0,0.0,0.0,0.0
indi_v2_2014q1,,,indi_soc_investigations,46341.0,0.0,0.0,0.0
indi_v2_2014q1,,,indi_soc_metabolism_and_nutrition_disorders,46341.0,0.0,0.0,0.0
indi_v2_2014q1,,,indi_soc_musculoskeletal_and_connective_tissue_disorders,46341.0,0.0,0.0,0.0
indi_v2_2014q1,,,indi_soc_neoplasms_benign_malignant_and_unspecified_incl_cysts_and_polyps,46341.0,0.0,0.0,0.0
indi_v2_2014q1,,,indi_soc_nervous_system_disorders,46341.0,0.0,0.0,0.0
indi_v2_2014q1,,,indi_soc_pregnancy_puerperium_and_perinatal_conditions,46341.0,0.0,0.0,0.0
indi_v2_2014q1,,,indi_soc_product_issues,46341.0,0.0,0.0,0.0
indi_v2_2014q1,,,indi_soc_psychiatric_disorders,46341.0,0.0,0.0,0.0
indi_v2_2014q1,,,indi_soc_renal_and_urinary_disorders,46341.0,0.0,0.0,0.0
indi_v2_2014q1,,,indi_soc_reproductive_system_and_breast_disorders,46341.0,0.0,0.0,0.0
indi_v2_2014q1,,,indi_soc_respiratory_thoracic_and_mediastinal_disorders,46341.0,0.0,0.0,0.0
indi_v2_2014q1,,,indi_soc_skin_and_subcutaneous_tissue_disorders,46341.0,0.0,0.0,0.0
indi_v2_2014q1,,,indi_soc_social_circumstances,46341.0,0.0,0.0,0.0
indi_v2_2014q1,,,indi_soc_surgical_and_medical_procedures,46341.0,0.0,0.0,0.0
indi_v2_2014q1,,,indi_soc_vascular_disorders,46341.0,0.0,0.0,0.0
indi_v2_2014q2,n_rows,41674.0,,,,,
indi_v2_2014q2,unique_caseid,41674.0,,,,,
indi_v2_2014q2,duplicate_caseid_rows,0.0,,,,,
indi_v2_2014q2,,,caseid,41674.0,0.0,0.0,0.0
indi_v2_2014q2,,,indi_n,41674.0,0.0,0.0,0.0
indi_v2_2014q2,,,distinct_indi_n,41674.0,0.0,0.0,0.0
indi_v2_2014q2,,,indi_mapped_n,41674.0,0.0,0.0,0.0
indi_v2_2014q2,,,indi_unmapped_n,41674.0,0.0,0.0,0.0
indi_v2_2014q2,,,indi_insomnia,41674.0,0.0,0.0,0.0
indi_v2_2014q2,,,indi_anxiety,41674.0,0.0,0.0,0.0
indi_v2_2014q2,,,indi_depression,41674.0,0.0,0.0,0.0
indi_v2_2014q2,,,indi_pain,41674.0,0.0,0.0,0.0
indi_v2_2014q2,,,indi_epilepsy,41674.0,0.0,0.0,0.0
indi_v2_2014q2,,,indi_dizziness_vertigo,41674.0,0.0,0.0,0.0
indi_v2_2014q2,,,indi_soc_blood_and_lymphatic_system_disorders,41674.0,0.0,0.0,0.0
indi_v2_2014q2,,,indi_soc_cardiac_disorders,41674.0,0.0,0.0,0.0
indi_v2_2014q2,,,indi_soc_congenital_familial_and_genetic_disorders,41674.0,0.0,0.0,0.0
indi_v2_2014q2,,,indi_soc_ear_and_labyrinth_disorders,41674.0,0.0,0.0,0.0
indi_v2_2014q2,,,indi_soc_endocrine_disorders,41674.0,0.0,0.0,0.0
indi_v2_2014q2,,,indi_soc_eye_disorders,41674.0,0.0,0.0,0.0
indi_v2_2014q2,,,indi_soc_gastrointestinal_disorders,41674.0,0.0,0.0,0.0
indi_v2_2014q2,,,indi_soc_general_disorders_and_administration_site_conditions,41674.0,0.0,0.0,0.0
indi_v2_2014q2,,,indi_soc_hepatobiliary_disorders,41674.0,0.0,0.0,0.0
indi_v2_2014q2,,,indi_soc_immune_system_disorders,41674.0,0.0,0.0,0.0
indi_v2_2014q2,,,indi_soc_infections_and_infestations,41674.0,0.0,0.0,0.0
indi_v2_2014q2,,,indi_soc_injury_poisoning_and_procedural_complications,41674.0,0.0,0.0,0.0
indi_v2_2014q2,,,indi_soc_investigations,41674.0,0.0,0.0,0.0
indi_v2_2014q2,,,indi_soc_metabolism_and_nutrition_disorders,41674.0,0.0,0.0,0.0
indi_v2_2014q2,,,indi_soc_musculoskeletal_and_connective_tissue_disorders,41674.0,0.0,0.0,0.0
indi_v2_2014q2,,,indi_soc_neoplasms_benign_malignant_and_unspecified_incl_cysts_and_polyps,41674.0,0.0,0.0,0.0
indi_v2_2014q2,,,indi_soc_nervous_system_disorders,41674.0,0.0,0.0,0.0
indi_v2_2014q2,,,indi_soc_pregnancy_puerperium_and_perinatal_conditions,41674.0,0.0,0.0,0.0
indi_v2_2014q2,,,indi_soc_product_issues,41674.0,0.0,0.0,0.0
indi_v2_2014q2,,,indi_soc_psychiatric_disorders,41674.0,0.0,0.0,0.0
indi_v2_2014q2,,,indi_soc_renal_and_urinary_disorders,41674.0,0.0,0.0,0.0
indi_v2_2014q2,,,indi_soc_reproductive_system_and_breast_disorders,41674.0,0.0,0.0,0.0
indi_v2_2014q2,,,indi_soc_respiratory_thoracic_and_mediastinal_disorders,41674.0,0.0,0.0,0.0
indi_v2_2014q2,,,indi_soc_skin_and_subcutaneous_tissue_disorders,41674.0,0.0,0.0,0.0
indi_v2_2014q2,,,indi_soc_social_circumstances,41674.0,0.0,0.0,0.0
indi_v2_2014q2,,,indi_soc_surgical_and_medical_procedures,41674.0,0.0,0.0,0.0
indi_v2_2014q2,,,indi_soc_vascular_disorders,41674.0,0.0,0.0,0.0
indi_v2_2014q3,n_rows,42669.0,,,,,
indi_v2_2014q3,unique_caseid,42669.0,,,,,
indi_v2_2014q3,duplicate_caseid_rows,0.0,,,,,
indi_v2_2014q3,,,caseid,42669.0,0.0,0.0,0.0
indi_v2_2014q3,,,indi_n,42669.0,0.0,0.0,0.0
indi_v2_2014q3,,,distinct_indi_n,42669.0,0.0,0.0,0.0
indi_v2_2014q3,,,indi_mapped_n,42669.0,0.0,0.0,0.0
indi_v2_2014q3,,,indi_unmapped_n,42669.0,0.0,0.0,0.0
indi_v2_2014q3,,,indi_insomnia,42669.0,0.0,0.0,0.0
indi_v2_2014q3,,,indi_anxiety,42669.0,0.0,0.0,0.0
indi_v2_2014q3,,,indi_depression,42669.0,0.0,0.0,0.0
indi_v2_2014q3,,,indi_pain,42669.0,0.0,0.0,0.0
indi_v2_2014q3,,,indi_epilepsy,42669.0,0.0,0.0,0.0
indi_v2_2014q3,,,indi_dizziness_vertigo,42669.0,0.0,0.0,0.0
indi_v2_2014q3,,,indi_soc_blood_and_lymphatic_system_disorders,42669.0,0.0,0.0,0.0
indi_v2_2014q3,,,indi_soc_cardiac_disorders,42669.0,0.0,0.0,0.0
indi_v2_2014q3,,,indi_soc_congenital_familial_and_genetic_disorders,42669.0,0.0,0.0,0.0
indi_v2_2014q3,,,indi_soc_ear_and_labyrinth_disorders,42669.0,0.0,0.0,0.0
indi_v2_2014q3,,,indi_soc_endocrine_disorders,42669.0,0.0,0.0,0.0
indi_v2_2014q3,,,indi_soc_eye_disorders,42669.0,0.0,0.0,0.0
indi_v2_2014q3,,,indi_soc_gastrointestinal_disorders,42669.0,0.0,0.0,0.0
indi_v2_2014q3,,,indi_soc_general_disorders_and_administration_site_conditions,42669.0,0.0,0.0,0.0
indi_v2_2014q3,,,indi_soc_hepatobiliary_disorders,42669.0,0.0,0.0,0.0
indi_v2_2014q3,,,indi_soc_immune_system_disorders,42669.0,0.0,0.0,0.0
indi_v2_2014q3,,,indi_soc_infections_and_infestations,42669.0,0.0,0.0,0.0
indi_v2_2014q3,,,indi_soc_injury_poisoning_and_procedural_complications,42669.0,0.0,0.0,0.0
indi_v2_2014q3,,,indi_soc_investigations,42669.0,0.0,0.0,0.0
indi_v2_2014q3,,,indi_soc_metabolism_and_nutrition_disorders,42669.0,0.0,0.0,0.0
indi_v2_2014q3,,,indi_soc_musculoskeletal_and_connective_tissue_disorders,42669.0,0.0,0.0,0.0
indi_v2_2014q3,,,indi_soc_neoplasms_benign_malignant_and_unspecified_incl_cysts_and_polyps,42669.0,0.0,0.0,0.0
indi_v2_2014q3,,,indi_soc_nervous_system_disorders,42669.0,0.0,0.0,0.0
indi_v2_2014q3,,,indi_soc_product_issues,42669.0,0.0,0.0,0.0
indi_v2_2014q3,,,indi_soc_psychiatric_disorders,42669.0,0.0,0.0,0.0
indi_v2_2014q3,,,indi_soc_renal_and_urinary_disorders,42669.0,0.0,0.0,0.0
indi_v2_2014q3,,,indi_soc_reproductive_system_and_breast_disorders,42669.0,0.0,0.0,0.0
indi_v2_2014q3,,,indi_soc_respiratory_thoracic_and_mediastinal_disorders,42669.0,0.0,0.0,0.0
indi_v2_2014q3,,,indi_soc_skin_and_subcutaneous_tissue_disorders,42669.0,0.0,0.0,0.0
indi_v2_2014q3,,,indi_soc_social_circumstances,42669.0,0.0,0.0,0.0
indi_v2_2014q3,,,indi_soc_surgical_and_medical_procedures,42669.0,0.0,0.0,0.0
indi_v2_2014q3,,,indi_soc_vascular_disorders,42669.0,0.0,0.0,0.0
indi_v2_2014q4,n_rows,42698.0,,,,,
indi_v2_2014q4,unique_caseid,42698.0,,,,,
indi_v2_2014q4,duplicate_caseid_rows,0.0,,,,,
indi_v2_2014q4,,,caseid,42698.0,0.0,0.0,0.0
indi_v2_2014q4,,,indi_n,42698.0,0.0,0.0,0.0
indi_v2_2014q4,,,distinct_indi_n,42698.0,0.0,0.0,0.0
indi_v2_2014q4,,,indi_mapped_n,42698.0,0.0,0.0,0.0
indi_v2_2014q4,,,indi_unmapped_n,42698.0,0.0,0.0,0.0
indi_v2_2014q4,,,indi_insomnia,42698.0,0.0,0.0,0.0
indi_v2_2014q4,,,indi_anxiety,42698.0,0.0,0.0,0.0
indi_v2_2014q4,,,indi_depression,42698.0,0.0,0.0,0.0
indi_v2_2014q4,,,indi_pain,42698.0,0.0,0.0,0.0
indi_v2_2014q4,,,indi_epilepsy,42698.0,0.0,0.0,0.0
indi_v2_2014q4,,,indi_dizziness_vertigo,42698.0,0.0,0.0,0.0
indi_v2_2014q4,,,indi_soc_blood_and_lymphatic_system_disorders,42698.0,0.0,0.0,0.0
indi_v2_2014q4,,,indi_soc_cardiac_disorders,42698.0,0.0,0.0,0.0
indi_v2_2014q4,,,indi_soc_congenital_familial_and_genetic_disorders,42698.0,0.0,0.0,0.0
indi_v2_2014q4,,,indi_soc_ear_and_labyrinth_disorders,42698.0,0.0,0.0,0.0
indi_v2_2014q4,,,indi_soc_endocrine_disorders,42698.0,0.0,0.0,0.0
indi_v2_2014q4,,,indi_soc_eye_disorders,42698.0,0.0,0.0,0.0
indi_v2_2014q4,,,indi_soc_gastrointestinal_disorders,42698.0,0.0,0.0,0.0
indi_v2_2014q4,,,indi_soc_general_disorders_and_administration_site_conditions,42698.0,0.0,0.0,0.0
indi_v2_2014q4,,,indi_soc_hepatobiliary_disorders,42698.0,0.0,0.0,0.0
indi_v2_2014q4,,,indi_soc_immune_system_disorders,42698.0,0.0,0.0,0.0
indi_v2_2014q4,,,indi_soc_infections_and_infestations,42698.0,0.0,0.0,0.0
indi_v2_2014q4,,,indi_soc_injury_poisoning_and_procedural_complications,42698.0,0.0,0.0,0.0
indi_v2_2014q4,,,indi_soc_investigations,42698.0,0.0,0.0,0.0
indi_v2_2014q4,,,indi_soc_metabolism_and_nutrition_disorders,42698.0,0.0,0.0,0.0
indi_v2_2014q4,,,indi_soc_musculoskeletal_and_connective_tissue_disorders,42698.0,0.0,0.0,0.0
indi_v2_2014q4,,,indi_soc_neoplasms_benign_malignant_and_unspecified_incl_cysts_and_polyps,42698.0,0.0,0.0,0.0
indi_v2_2014q4,,,indi_soc_nervous_system_disorders,42698.0,0.0,0.0,0.0
indi_v2_2014q4,,,indi_soc_product_issues,42698.0,0.0,0.0,0.0
indi_v2_2014q4,,,indi_soc_psychiatric_disorders,42698.0,0.0,0.0,0.0
indi_v2_2014q4,,,indi_soc_renal_and_urinary_disorders,42698.0,0.0,0.0,0.0
indi_v2_2014q4,,,indi_soc_reproductive_system_and_breast_disorders,42698.0,0.0,0.0,0.0
indi_v2_2014q4,,,indi_soc_respiratory_thoracic_and_mediastinal_disorders,42698.0,0.0,0.0,0.0
indi_v2_2014q4,,,indi_soc_skin_and_subcutaneous_tissue_disorders,42698.0,0.0,0.0,0.0
indi_v2_2014q4,,,indi_soc_social_circumstances,42698.0,0.0,0.0,0.0
indi_v2_2014q4,,,indi_soc_surgical_and_medical_procedures,42698.0,0.0,0.0,0.0
indi_v2_2014q4,,,indi_soc_vascular_disorders,42698.0,0.0,0.0,0.0
indi_v2_2015q1,n_rows,59770.0,,,,,
indi_v2_2015q1,unique_caseid,59770.0,,,,,
indi_v2_2015q1,duplicate_caseid_rows,0.0,,,,,
indi_v2_2015q1,,,caseid,59770.0,0.0,0.0,0.0
indi_v2_2015q1,,,indi_n,59770.0,0.0,0.0,0.0
indi_v2_2015q1,,,distinct_indi_n,59770.0,0.0,0.0,0.0
indi_v2_2015q1,,,indi_mapped_n,59770.0,0.0,0.0,0.0
indi_v2_2015q1,,,indi_unmapped_n,59770.0,0.0,0.0,0.0
indi_v2_2015q1,,,indi_insomnia,59770.0,0.0,0.0,0.0
indi_v2_2015q1,,,indi_anxiety,59770.0,0.0,0.0,0.0
indi_v2_2015q1,,,indi_depression,59770.0,0.0,0.0,0.0
indi_v2_2015q1,,,indi_pain,59770.0,0.0,0.0,0.0
indi_v2_2015q1,,,indi_epilepsy,59770.0,0.0,0.0,0.0
indi_v2_2015q1,,,indi_dizziness_vertigo,59770.0,0.0,0.0,0.0
indi_v2_2015q1,,,indi_soc_blood_and_lymphatic_system_disorders,59770.0,0.0,0.0,0.0
indi_v2_2015q1,,,indi_soc_cardiac_disorders,59770.0,0.0,0.0,0.0
indi_v2_2015q1,,,indi_soc_congenital_familial_and_genetic_disorders,59770.0,0.0,0.0,0.0
indi_v2_2015q1,,,indi_soc_ear_and_labyrinth_disorders,59770.0,0.0,0.0,0.0
indi_v2_2015q1,,,indi_soc_endocrine_disorders,59770.0,0.0,0.0,0.0
indi_v2_2015q1,,,indi_soc_eye_disorders,59770.0,0.0,0.0,0.0
indi_v2_2015q1,,,indi_soc_gastrointestinal_disorders,59770.0,0.0,0.0,0.0
indi_v2_2015q1,,,indi_soc_general_disorders_and_administration_site_conditions,59770.0,0.0,0.0,0.0
indi_v2_2015q1,,,indi_soc_hepatobiliary_disorders,59770.0,0.0,0.0,0.0
indi_v2_2015q1,,,indi_soc_immune_system_disorders,59770.0,0.0,0.0,0.0
indi_v2_2015q1,,,indi_soc_infections_and_infestations,59770.0,0.0,0.0,0.0
indi_v2_2015q1,,,indi_soc_injury_poisoning_and_procedural_complications,59770.0,0.0,0.0,0.0
indi_v2_2015q1,,,indi_soc_investigations,59770.0,0.0,0.0,0.0
indi_v2_2015q1,,,indi_soc_metabolism_and_nutrition_disorders,59770.0,0.0,0.0,0.0
indi_v2_2015q1,,,indi_soc_musculoskeletal_and_connective_tissue_disorders,59770.0,0.0,0.0,0.0
indi_v2_2015q1,,,indi_soc_neoplasms_benign_malignant_and_unspecified_incl_cysts_and_polyps,59770.0,0.0,0.0,0.0
indi_v2_2015q1,,,indi_soc_nervous_system_disorders,59770.0,0.0,0.0,0.0
indi_v2_2015q1,,,indi_soc_product_issues,59770.0,0.0,0.0,0.0
indi_v2_2015q1,,,indi_soc_psychiatric_disorders,59770.0,0.0,0.0,0.0
indi_v2_2015q1,,,indi_soc_renal_and_urinary_disorders,59770.0,0.0,0.0,0.0
indi_v2_2015q1,,,indi_soc_reproductive_system_and_breast_disorders,59770.0,0.0,0.0,0.0
indi_v2_2015q1,,,indi_soc_respiratory_thoracic_and_mediastinal_disorders,59770.0,0.0,0.0,0.0
indi_v2_2015q1,,,indi_soc_skin_and_subcutaneous_tissue_disorders,59770.0,0.0,0.0,0.0
indi_v2_2015q1,,,indi_soc_social_circumstances,59770.0,0.0,0.0,0.0
indi_v2_2015q1,,,indi_soc_surgical_and_medical_procedures,59770.0,0.0,0.0,0.0
indi_v2_2015q1,,,indi_soc_vascular_disorders,59770.0,0.0,0.0,0.0
indi_v2_2015q2,n_rows,57606.0,,,,,
indi_v2_2015q2,unique_caseid,57606.0,,,,,
indi_v2_2015q2,duplicate_caseid_rows,0.0,,,,,
indi_v2_2015q2,,,caseid,57606.0,0.0,0.0,0.0
indi_v2_2015q2,,,indi_n,57606.0,0.0,0.0,0.0
indi_v2_2015q2,,,distinct_indi_n,57606.0,0.0,0.0,0.0
indi_v2_2015q2,,,indi_mapped_n,57606.0,0.0,0.0,0.0
indi_v2_2015q2,,,indi_unmapped_n,57606.0,0.0,0.0,0.0
indi_v2_2015q2,,,indi_insomnia,57606.0,0.0,0.0,0.0
indi_v2_2015q2,,,indi_anxiety,57606.0,0.0,0.0,0.0
indi_v2_2015q2,,,indi_depression,57606.0,0.0,0.0,0.0
indi_v2_2015q2,,,indi_pain,57606.0,0.0,0.0,0.0
indi_v2_2015q2,,,indi_epilepsy,57606.0,0.0,0.0,0.0
indi_v2_2015q2,,,indi_dizziness_vertigo,57606.0,0.0,0.0,0.0
indi_v2_2015q2,,,indi_soc_blood_and_lymphatic_system_disorders,57606.0,0.0,0.0,0.0
indi_v2_2015q2,,,indi_soc_cardiac_disorders,57606.0,0.0,0.0,0.0
indi_v2_2015q2,,,indi_soc_congenital_familial_and_genetic_disorders,57606.0,0.0,0.0,0.0
indi_v2_2015q2,,,indi_soc_ear_and_labyrinth_disorders,57606.0,0.0,0.0,0.0
indi_v2_2015q2,,,indi_soc_endocrine_disorders,57606.0,0.0,0.0,0.0
indi_v2_2015q2,,,indi_soc_eye_disorders,57606.0,0.0,0.0,0.0
indi_v2_2015q2,,,indi_soc_gastrointestinal_disorders,57606.0,0.0,0.0,0.0
indi_v2_2015q2,,,indi_soc_general_disorders_and_administration_site_conditions,57606.0,0.0,0.0,0.0
indi_v2_2015q2,,,indi_soc_hepatobiliary_disorders,57606.0,0.0,0.0,0.0
indi_v2_2015q2,,,indi_soc_immune_system_disorders,57606.0,0.0,0.0,0.0
indi_v2_2015q2,,,indi_soc_infections_and_infestations,57606.0,0.0,0.0,0.0
indi_v2_2015q2,,,indi_soc_injury_poisoning_and_procedural_complications,57606.0,0.0,0.0,0.0
indi_v2_2015q2,,,indi_soc_investigations,57606.0,0.0,0.0,0.0
indi_v2_2015q2,,,indi_soc_metabolism_and_nutrition_disorders,57606.0,0.0,0.0,0.0
indi_v2_2015q2,,,indi_soc_musculoskeletal_and_connective_tissue_disorders,57606.0,0.0,0.0,0.0
indi_v2_2015q2,,,indi_soc_neoplasms_benign_malignant_and_unspecified_incl_cysts_and_polyps,57606.0,0.0,0.0,0.0
indi_v2_2015q2,,,indi_soc_nervous_system_disorders,57606.0,0.0,0.0,0.0
indi_v2_2015q2,,,indi_soc_product_issues,57606.0,0.0,0.0,0.0
indi_v2_2015q2,,,indi_soc_psychiatric_disorders,57606.0,0.0,0.0,0.0
indi_v2_2015q2,,,indi_soc_renal_and_urinary_disorders,57606.0,0.0,0.0,0.0
indi_v2_2015q2,,,indi_soc_reproductive_system_and_breast_disorders,57606.0,0.0,0.0,0.0
indi_v2_2015q2,,,indi_soc_respiratory_thoracic_and_mediastinal_disorders,57606.0,0.0,0.0,0.0
indi_v2_2015q2,,,indi_soc_skin_and_subcutaneous_tissue_disorders,57606.0,0.0,0.0,0.0
indi_v2_2015q2,,,indi_soc_social_circumstances,57606.0,0.0,0.0,0.0
indi_v2_2015q2,,,indi_soc_surgical_and_medical_procedures,57606.0,0.0,0.0,0.0
indi_v2_2015q2,,,indi_soc_vascular_disorders,57606.0,0.0,0.0,0.0
indi_v2_2015q3,n_rows,74147.0,,,,,
indi_v2_2015q3,unique_caseid,74147.0,,,,,
indi_v2_2015q3,duplicate_caseid_rows,0.0,,,,,
indi_v2_2015q3,,,caseid,74147.0,0.0,0.0,0.0
indi_v2_2015q3,,,indi_n,74147.0,0.0,0.0,0.0
indi_v2_2015q3,,,distinct_indi_n,74147.0,0.0,0.0,0.0
indi_v2_2015q3,,,indi_mapped_n,74147.0,0.0,0.0,0.0
indi_v2_2015q3,,,indi_unmapped_n,74147.0,0.0,0.0,0.0
indi_v2_2015q3,,,indi_insomnia,74147.0,0.0,0.0,0.0
indi_v2_2015q3,,,indi_anxiety,74147.0,0.0,0.0,0.0
indi_v2_2015q3,,,indi_depression,74147.0,0.0,0.0,0.0
indi_v2_2015q3,,,indi_pain,74147.0,0.0,0.0,0.0
indi_v2_2015q3,,,indi_epilepsy,74147.0,0.0,0.0,0.0
indi_v2_2015q3,,,indi_dizziness_vertigo,74147.0,0.0,0.0,0.0
indi_v2_2015q3,,,indi_soc_blood_and_lymphatic_system_disorders,74147.0,0.0,0.0,0.0
indi_v2_2015q3,,,indi_soc_cardiac_disorders,74147.0,0.0,0.0,0.0
indi_v2_2015q3,,,indi_soc_congenital_familial_and_genetic_disorders,74147.0,0.0,0.0,0.0
indi_v2_2015q3,,,indi_soc_ear_and_labyrinth_disorders,74147.0,0.0,0.0,0.0
indi_v2_2015q3,,,indi_soc_endocrine_disorders,74147.0,0.0,0.0,0.0
indi_v2_2015q3,,,indi_soc_eye_disorders,74147.0,0.0,0.0,0.0
indi_v2_2015q3,,,indi_soc_gastrointestinal_disorders,74147.0,0.0,0.0,0.0
indi_v2_2015q3,,,indi_soc_general_disorders_and_administration_site_conditions,74147.0,0.0,0.0,0.0
indi_v2_2015q3,,,indi_soc_hepatobiliary_disorders,74147.0,0.0,0.0,0.0
indi_v2_2015q3,,,indi_soc_immune_system_disorders,74147.0,0.0,0.0,0.0
indi_v2_2015q3,,,indi_soc_infections_and_infestations,74147.0,0.0,0.0,0.0
indi_v2_2015q3,,,indi_soc_injury_poisoning_and_procedural_complications,74147.0,0.0,0.0,0.0
indi_v2_2015q3,,,indi_soc_investigations,74147.0,0.0,0.0,0.0
indi_v2_2015q3,,,indi_soc_metabolism_and_nutrition_disorders,74147.0,0.0,0.0,0.0
indi_v2_2015q3,,,indi_soc_musculoskeletal_and_connective_tissue_disorders,74147.0,0.0,0.0,0.0
indi_v2_2015q3,,,indi_soc_neoplasms_benign_malignant_and_unspecified_incl_cysts_and_polyps,74147.0,0.0,0.0,0.0
indi_v2_2015q3,,,indi_soc_nervous_system_disorders,74147.0,0.0,0.0,0.0
indi_v2_2015q3,,,indi_soc_product_issues,74147.0,0.0,0.0,0.0
indi_v2_2015q3,,,indi_soc_psychiatric_disorders,74147.0,0.0,0.0,0.0
indi_v2_2015q3,,,indi_soc_renal_and_urinary_disorders,74147.0,0.0,0.0,0.0
indi_v2_2015q3,,,indi_soc_reproductive_system_and_breast_disorders,74147.0,0.0,0.0,0.0
indi_v2_2015q3,,,indi_soc_respiratory_thoracic_and_mediastinal_disorders,74147.0,0.0,0.0,0.0
indi_v2_2015q3,,,indi_soc_skin_and_subcutaneous_tissue_disorders,74147.0,0.0,0.0,0.0
indi_v2_2015q3,,,indi_soc_social_circumstances,74147.0,0.0,0.0,0.0
indi_v2_2015q3,,,indi_soc_surgical_and_medical_procedures,74147.0,0.0,0.0,0.0
indi_v2_2015q3,,,indi_soc_vascular_disorders,74147.0,0.0,0.0,0.0
indi_v2_2015q4,n_rows,66999.0,,,,,
indi_v2_2015q4,unique_caseid,66999.0,,,,,
indi_v2_2015q4,duplicate_caseid_rows,0.0,,,,,
indi_v2_2015q4,,,caseid,66999.0,0.0,0.0,0.0
indi_v2_2015q4,,,indi_n,66999.0,0.0,0.0,0.0
indi_v2_2015q4,,,distinct_indi_n,66999.0,0.0,0.0,0.0
indi_v2_2015q4,,,indi_mapped_n,66999.0,0.0,0.0,0.0
indi_v2_2015q4,,,indi_unmapped_n,66999.0,0.0,0.0,0.0
indi_v2_2015q4,,,indi_insomnia,66999.0,0.0,0.0,0.0
indi_v2_2015q4,,,indi_anxiety,66999.0,0.0,0.0,0.0
indi_v2_2015q4,,,indi_depression,66999.0,0.0,0.0,0.0
indi_v2_2015q4,,,indi_pain,66999.0,0.0,0.0,0.0
indi_v2_2015q4,,,indi_epilepsy,66999.0,0.0,0.0,0.0
indi_v2_2015q4,,,indi_dizziness_vertigo,66999.0,0.0,0.0,0.0
indi_v2_2015q4,,,indi_soc_blood_and_lymphatic_system_disorders,66999.0,0.0,0.0,0.0
indi_v2_2015q4,,,indi_soc_cardiac_disorders,66999.0,0.0,0.0,0.0
indi_v2_2015q4,,,indi_soc_congenital_familial_and_genetic_disorders,66999.0,0.0,0.0,0.0
indi_v2_2015q4,,,indi_soc_ear_and_labyrinth_disorders,66999.0,0.0,0.0,0.0
indi_v2_2015q4,,,indi_soc_endocrine_disorders,66999.0,0.0,0.0,0.0
indi_v2_2015q4,,,indi_soc_eye_disorders,66999.0,0.0,0.0,0.0
indi_v2_2015q4,,,indi_soc_gastrointestinal_disorders,66999.0,0.0,0.0,0.0
indi_v2_2015q4,,,indi_soc_general_disorders_and_administration_site_conditions,66999.0,0.0,0.0,0.0
indi_v2_2015q4,,,indi_soc_hepatobiliary_disorders,66999.0,0.0,0.0,0.0
indi_v2_2015q4,,,indi_soc_immune_system_disorders,66999.0,0.0,0.0,0.0
indi_v2_2015q4,,,indi_soc_infections_and_infestations,66999.0,0.0,0.0,0.0
indi_v2_2015q4,,,indi_soc_injury_poisoning_and_procedural_complications,66999.0,0.0,0.0,0.0
indi_v2_2015q4,,,indi_soc_investigations,66999.0,0.0,0.0,0.0
indi_v2_2015q4,,,indi_soc_metabolism_and_nutrition_disorders,66999.0,0.0,0.0,0.0
indi_v2_2015q4,,,indi_soc_musculoskeletal_and_connective_tissue_disorders,66999.0,0.0,0.0,0.0
indi_v2_2015q4,,,indi_soc_neoplasms_benign_malignant_and_unspecified_incl_cysts_and_polyps,66999.0,0.0,0.0,0.0
indi_v2_2015q4,,,indi_soc_nervous_system_disorders,66999.0,0.0,0.0,0.0
indi_v2_2015q4,,,indi_soc_product_issues,66999.0,0.0,0.0,0.0
indi_v2_2015q4,,,indi_soc_psychiatric_disorders,66999.0,0.0,0.0,0.0
indi_v2_2015q4,,,indi_soc_renal_and_urinary_disorders,66999.0,0.0,0.0,0.0
indi_v2_2015q4,,,indi_soc_reproductive_system_and_breast_disorders,66999.0,0.0,0.0,0.0
indi_v2_2015q4,,,indi_soc_respiratory_thoracic_and_mediastinal_disorders,66999.0,0.0,0.0,0.0
indi_v2_2015q4,,,indi_soc_skin_and_subcutaneous_tissue_disorders,66999.0,0.0,0.0,0.0
indi_v2_2015q4,,,indi_soc_social_circumstances,66999.0,0.0,0.0,0.0
indi_v2_2015q4,,,indi_soc_surgical_and_medical_procedures,66999.0,0.0,0.0,0.0
indi_v2_2015q4,,,indi_soc_vascular_disorders,66999.0,0.0,0.0,0.0
indi_v2_2016q1,n_rows,65707.0,,,,,
indi_v2_2016q1,unique_caseid,65707.0,,,,,
indi_v2_2016q1,duplicate_caseid_rows,0.0,,,,,
indi_v2_2016q1,,,caseid,65707.0,0.0,0.0,0.0
indi_v2_2016q1,,,indi_n,65707.0,0.0,0.0,0.0
indi_v2_2016q1,,,distinct_indi_n,65707.0,0.0,0.0,0.0
indi_v2_2016q1,,,indi_mapped_n,65707.0,0.0,0.0,0.0
indi_v2_2016q1,,,indi_unmapped_n,65707.0,0.0,0.0,0.0
indi_v2_2016q1,,,indi_insomnia,65707.0,0.0,0.0,0.0
indi_v2_2016q1,,,indi_anxiety,65707.0,0.0,0.0,0.0
indi_v2_2016q1,,,indi_depression,65707.0,0.0,0.0,0.0
indi_v2_2016q1,,,indi_pain,65707.0,0.0,0.0,0.0
indi_v2_2016q1,,,indi_epilepsy,65707.0,0.0,0.0,0.0
indi_v2_2016q1,,,indi_dizziness_vertigo,65707.0,0.0,0.0,0.0
indi_v2_2016q1,,,indi_soc_blood_and_lymphatic_system_disorders,65707.0,0.0,0.0,0.0
indi_v2_2016q1,,,indi_soc_cardiac_disorders,65707.0,0.0,0.0,0.0
indi_v2_2016q1,,,indi_soc_congenital_familial_and_genetic_disorders,65707.0,0.0,0.0,0.0
indi_v2_2016q1,,,indi_soc_ear_and_labyrinth_disorders,65707.0,0.0,0.0,0.0
indi_v2_2016q1,,,indi_soc_endocrine_disorders,65707.0,0.0,0.0,0.0
indi_v2_2016q1,,,indi_soc_eye_disorders,65707.0,0.0,0.0,0.0
indi_v2_2016q1,,,indi_soc_gastrointestinal_disorders,65707.0,0.0,0.0,0.0
indi_v2_2016q1,,,indi_soc_general_disorders_and_administration_site_conditions,65707.0,0.0,0.0,0.0
indi_v2_2016q1,,,indi_soc_hepatobiliary_disorders,65707.0,0.0,0.0,0.0
indi_v2_2016q1,,,indi_soc_immune_system_disorders,65707.0,0.0,0.0,0.0
indi_v2_2016q1,,,indi_soc_infections_and_infestations,65707.0,0.0,0.0,0.0
indi_v2_2016q1,,,indi_soc_injury_poisoning_and_procedural_complications,65707.0,0.0,0.0,0.0
indi_v2_2016q1,,,indi_soc_investigations,65707.0,0.0,0.0,0.0
indi_v2_2016q1,,,indi_soc_metabolism_and_nutrition_disorders,65707.0,0.0,0.0,0.0
indi_v2_2016q1,,,indi_soc_musculoskeletal_and_connective_tissue_disorders,65707.0,0.0,0.0,0.0
indi_v2_2016q1,,,indi_soc_neoplasms_benign_malignant_and_unspecified_incl_cysts_and_polyps,65707.0,0.0,0.0,0.0
indi_v2_2016q1,,,indi_soc_nervous_system_disorders,65707.0,0.0,0.0,0.0
indi_v2_2016q1,,,indi_soc_product_issues,65707.0,0.0,0.0,0.0
indi_v2_2016q1,,,indi_soc_psychiatric_disorders,65707.0,0.0,0.0,0.0
indi_v2_2016q1,,,indi_soc_renal_and_urinary_disorders,65707.0,0.0,0.0,0.0
indi_v2_2016q1,,,indi_soc_reproductive_system_and_breast_disorders,65707.0,0.0,0.0,0.0
indi_v2_2016q1,,,indi_soc_respiratory_thoracic_and_mediastinal_disorders,65707.0,0.0,0.0,0.0
indi_v2_2016q1,,,indi_soc_skin_and_subcutaneous_tissue_disorders,65707.0,0.0,0.0,0.0
indi_v2_2016q1,,,indi_soc_social_circumstances,65707.0,0.0,0.0,0.0
indi_v2_2016q1,,,indi_soc_surgical_and_medical_procedures,65707.0,0.0,0.0,0.0
indi_v2_2016q1,,,indi_soc_vascular_disorders,65707.0,0.0,0.0,0.0
indi_v2_2016q2,n_rows,62631.0,,,,,
indi_v2_2016q2,unique_caseid,62631.0,,,,,
indi_v2_2016q2,duplicate_caseid_rows,0.0,,,,,
indi_v2_2016q2,,,caseid,62631.0,0.0,0.0,0.0
indi_v2_2016q2,,,indi_n,62631.0,0.0,0.0,0.0
indi_v2_2016q2,,,distinct_indi_n,62631.0,0.0,0.0,0.0
indi_v2_2016q2,,,indi_mapped_n,62631.0,0.0,0.0,0.0
indi_v2_2016q2,,,indi_unmapped_n,62631.0,0.0,0.0,0.0
indi_v2_2016q2,,,indi_insomnia,62631.0,0.0,0.0,0.0
indi_v2_2016q2,,,indi_anxiety,62631.0,0.0,0.0,0.0
indi_v2_2016q2,,,indi_depression,62631.0,0.0,0.0,0.0
indi_v2_2016q2,,,indi_pain,62631.0,0.0,0.0,0.0
indi_v2_2016q2,,,indi_epilepsy,62631.0,0.0,0.0,0.0
indi_v2_2016q2,,,indi_dizziness_vertigo,62631.0,0.0,0.0,0.0
indi_v2_2016q2,,,indi_soc_blood_and_lymphatic_system_disorders,62631.0,0.0,0.0,0.0
indi_v2_2016q2,,,indi_soc_cardiac_disorders,62631.0,0.0,0.0,0.0
indi_v2_2016q2,,,indi_soc_congenital_familial_and_genetic_disorders,62631.0,0.0,0.0,0.0
indi_v2_2016q2,,,indi_soc_ear_and_labyrinth_disorders,62631.0,0.0,0.0,0.0
indi_v2_2016q2,,,indi_soc_endocrine_disorders,62631.0,0.0,0.0,0.0
indi_v2_2016q2,,,indi_soc_eye_disorders,62631.0,0.0,0.0,0.0
indi_v2_2016q2,,,indi_soc_gastrointestinal_disorders,62631.0,0.0,0.0,0.0
indi_v2_2016q2,,,indi_soc_general_disorders_and_administration_site_conditions,62631.0,0.0,0.0,0.0
indi_v2_2016q2,,,indi_soc_hepatobiliary_disorders,62631.0,0.0,0.0,0.0
indi_v2_2016q2,,,indi_soc_immune_system_disorders,62631.0,0.0,0.0,0.0
indi_v2_2016q2,,,indi_soc_infections_and_infestations,62631.0,0.0,0.0,0.0
indi_v2_2016q2,,,indi_soc_injury_poisoning_and_procedural_complications,62631.0,0.0,0.0,0.0
indi_v2_2016q2,,,indi_soc_investigations,62631.0,0.0,0.0,0.0
indi_v2_2016q2,,,indi_soc_metabolism_and_nutrition_disorders,62631.0,0.0,0.0,0.0
indi_v2_2016q2,,,indi_soc_musculoskeletal_and_connective_tissue_disorders,62631.0,0.0,0.0,0.0
indi_v2_2016q2,,,indi_soc_neoplasms_benign_malignant_and_unspecified_incl_cysts_and_polyps,62631.0,0.0,0.0,0.0
indi_v2_2016q2,,,indi_soc_nervous_system_disorders,62631.0,0.0,0.0,0.0
indi_v2_2016q2,,,indi_soc_product_issues,62631.0,0.0,0.0,0.0
indi_v2_2016q2,,,indi_soc_psychiatric_disorders,62631.0,0.0,0.0,0.0
indi_v2_2016q2,,,indi_soc_renal_and_urinary_disorders,62631.0,0.0,0.0,0.0
indi_v2_2016q2,,,indi_soc_reproductive_system_and_breast_disorders,62631.0,0.0,0.0,0.0
indi_v2_2016q2,,,indi_soc_respiratory_thoracic_and_mediastinal_disorders,62631.0,0.0,0.0,0.0
indi_v2_2016q2,,,indi_soc_skin_and_subcutaneous_tissue_disorders,62631.0,0.0,0.0,0.0
indi_v2_2016q2,,,indi_soc_social_circumstances,62631.0,0.0,0.0,0.0
indi_v2_2016q2,,,indi_soc_surgical_and_medical_procedures,62631.0,0.0,0.0,0.0
indi_v2_2016q2,,,indi_soc_vascular_disorders,62631.0,0.0,0.0,0.0
indi_v2_2016q3,n_rows,68218.0,,,,,
indi_v2_2016q3,unique_caseid,68218.0,,,,,
indi_v2_2016q3,duplicate_caseid_rows,0.0,,,,,
indi_v2_2016q3,,,caseid,68218.0,0.0,0.0,0.0
indi_v2_2016q3,,,indi_n,68218.0,0.0,0.0,0.0
indi_v2_2016q3,,,distinct_indi_n,68218.0,0.0,0.0,0.0
indi_v2_2016q3,,,indi_mapped_n,68218.0,0.0,0.0,0.0
indi_v2_2016q3,,,indi_unmapped_n,68218.0,0.0,0.0,0.0
indi_v2_2016q3,,,indi_insomnia,68218.0,0.0,0.0,0.0
indi_v2_2016q3,,,indi_anxiety,68218.0,0.0,0.0,0.0
indi_v2_2016q3,,,indi_depression,68218.0,0.0,0.0,0.0
indi_v2_2016q3,,,indi_pain,68218.0,0.0,0.0,0.0
indi_v2_2016q3,,,indi_epilepsy,68218.0,0.0,0.0,0.0
indi_v2_2016q3,,,indi_dizziness_vertigo,68218.0,0.0,0.0,0.0
indi_v2_2016q3,,,indi_soc_blood_and_lymphatic_system_disorders,68218.0,0.0,0.0,0.0
indi_v2_2016q3,,,indi_soc_cardiac_disorders,68218.0,0.0,0.0,0.0
indi_v2_2016q3,,,indi_soc_congenital_familial_and_genetic_disorders,68218.0,0.0,0.0,0.0
indi_v2_2016q3,,,indi_soc_ear_and_labyrinth_disorders,68218.0,0.0,0.0,0.0
indi_v2_2016q3,,,indi_soc_endocrine_disorders,68218.0,0.0,0.0,0.0
indi_v2_2016q3,,,indi_soc_eye_disorders,68218.0,0.0,0.0,0.0
indi_v2_2016q3,,,indi_soc_gastrointestinal_disorders,68218.0,0.0,0.0,0.0
indi_v2_2016q3,,,indi_soc_general_disorders_and_administration_site_conditions,68218.0,0.0,0.0,0.0
indi_v2_2016q3,,,indi_soc_hepatobiliary_disorders,68218.0,0.0,0.0,0.0
indi_v2_2016q3,,,indi_soc_immune_system_disorders,68218.0,0.0,0.0,0.0
indi_v2_2016q3,,,indi_soc_infections_and_infestations,68218.0,0.0,0.0,0.0
indi_v2_2016q3,,,indi_soc_injury_poisoning_and_procedural_complications,68218.0,0.0,0.0,0.0
indi_v2_2016q3,,,indi_soc_investigations,68218.0,0.0,0.0,0.0
indi_v2_2016q3,,,indi_soc_metabolism_and_nutrition_disorders,68218.0,0.0,0.0,0.0
indi_v2_2016q3,,,indi_soc_musculoskeletal_and_connective_tissue_disorders,68218.0,0.0,0.0,0.0
indi_v2_2016q3,,,indi_soc_neoplasms_benign_malignant_and_unspecified_incl_cysts_and_polyps,68218.0,0.0,0.0,0.0
indi_v2_2016q3,,,indi_soc_nervous_system_disorders,68218.0,0.0,0.0,0.0
indi_v2_2016q3,,,indi_soc_pregnancy_puerperium_and_perinatal_conditions,68218.0,0.0,0.0,0.0
indi_v2_2016q3,,,indi_soc_product_issues,68218.0,0.0,0.0,0.0
indi_v2_2016q3,,,indi_soc_psychiatric_disorders,68218.0,0.0,0.0,0.0
indi_v2_2016q3,,,indi_soc_renal_and_urinary_disorders,68218.0,0.0,0.0,0.0
indi_v2_2016q3,,,indi_soc_reproductive_system_and_breast_disorders,68218.0,0.0,0.0,0.0
indi_v2_2016q3,,,indi_soc_respiratory_thoracic_and_mediastinal_disorders,68218.0,0.0,0.0,0.0
indi_v2_2016q3,,,indi_soc_skin_and_subcutaneous_tissue_disorders,68218.0,0.0,0.0,0.0
indi_v2_2016q3,,,indi_soc_social_circumstances,68218.0,0.0,0.0,0.0
indi_v2_2016q3,,,indi_soc_surgical_and_medical_procedures,68218.0,0.0,0.0,0.0
indi_v2_2016q3,,,indi_soc_vascular_disorders,68218.0,0.0,0.0,0.0
indi_v2_2016q4,n_rows,66201.0,,,,,
indi_v2_2016q4,unique_caseid,66201.0,,,,,
indi_v2_2016q4,duplicate_caseid_rows,0.0,,,,,
indi_v2_2016q4,,,caseid,66201.0,0.0,0.0,0.0
indi_v2_2016q4,,,indi_n,66201.0,0.0,0.0,0.0
indi_v2_2016q4,,,distinct_indi_n,66201.0,0.0,0.0,0.0
indi_v2_2016q4,,,indi_mapped_n,66201.0,0.0,0.0,0.0
indi_v2_2016q4,,,indi_unmapped_n,66201.0,0.0,0.0,0.0
indi_v2_2016q4,,,indi_insomnia,66201.0,0.0,0.0,0.0
indi_v2_2016q4,,,indi_anxiety,66201.0,0.0,0.0,0.0
indi_v2_2016q4,,,indi_depression,66201.0,0.0,0.0,0.0
indi_v2_2016q4,,,indi_pain,66201.0,0.0,0.0,0.0
indi_v2_2016q4,,,indi_epilepsy,66201.0,0.0,0.0,0.0
indi_v2_2016q4,,,indi_dizziness_vertigo,66201.0,0.0,0.0,0.0
indi_v2_2016q4,,,indi_soc_blood_and_lymphatic_system_disorders,66201.0,0.0,0.0,0.0
indi_v2_2016q4,,,indi_soc_cardiac_disorders,66201.0,0.0,0.0,0.0
indi_v2_2016q4,,,indi_soc_congenital_familial_and_genetic_disorders,66201.0,0.0,0.0,0.0
indi_v2_2016q4,,,indi_soc_ear_and_labyrinth_disorders,66201.0,0.0,0.0,0.0
indi_v2_2016q4,,,indi_soc_endocrine_disorders,66201.0,0.0,0.0,0.0
indi_v2_2016q4,,,indi_soc_eye_disorders,66201.0,0.0,0.0,0.0
indi_v2_2016q4,,,indi_soc_gastrointestinal_disorders,66201.0,0.0,0.0,0.0
indi_v2_2016q4,,,indi_soc_general_disorders_and_administration_site_conditions,66201.0,0.0,0.0,0.0
indi_v2_2016q4,,,indi_soc_hepatobiliary_disorders,66201.0,0.0,0.0,0.0
indi_v2_2016q4,,,indi_soc_immune_system_disorders,66201.0,0.0,0.0,0.0
indi_v2_2016q4,,,indi_soc_infections_and_infestations,66201.0,0.0,0.0,0.0
indi_v2_2016q4,,,indi_soc_injury_poisoning_and_procedural_complications,66201.0,0.0,0.0,0.0
indi_v2_2016q4,,,indi_soc_investigations,66201.0,0.0,0.0,0.0
indi_v2_2016q4,,,indi_soc_metabolism_and_nutrition_disorders,66201.0,0.0,0.0,0.0
indi_v2_2016q4,,,indi_soc_musculoskeletal_and_connective_tissue_disorders,66201.0,0.0,0.0,0.0
indi_v2_2016q4,,,indi_soc_neoplasms_benign_malignant_and_unspecified_incl_cysts_and_polyps,66201.0,0.0,0.0,0.0
indi_v2_2016q4,,,indi_soc_nervous_system_disorders,66201.0,0.0,0.0,0.0
indi_v2_2016q4,,,indi_soc_pregnancy_puerperium_and_perinatal_conditions,66201.0,0.0,0.0,0.0
indi_v2_2016q4,,,indi_soc_product_issues,66201.0,0.0,0.0,0.0
indi_v2_2016q4,,,indi_soc_psychiatric_disorders,66201.0,0.0,0.0,0.0
indi_v2_2016q4,,,indi_soc_renal_and_urinary_disorders,66201.0,0.0,0.0,0.0
indi_v2_2016q4,,,indi_soc_reproductive_system_and_breast_disorders,66201.0,0.0,0.0,0.0
indi_v2_2016q4,,,indi_soc_respiratory_thoracic_and_mediastinal_disorders,66201.0,0.0,0.0,0.0
indi_v2_2016q4,,,indi_soc_skin_and_subcutaneous_tissue_disorders,66201.0,0.0,0.0,0.0
indi_v2_2016q4,,,indi_soc_social_circumstances,66201.0,0.0,0.0,0.0
indi_v2_2016q4,,,indi_soc_surgical_and_medical_procedures,66201.0,0.0,0.0,0.0
indi_v2_2016q4,,,indi_soc_vascular_disorders,66201.0,0.0,0.0,0.0
indi_v2_2017q1,n_rows,72320.0,,,,,
indi_v2_2017q1,unique_caseid,72320.0,,,,,
indi_v2_2017q1,duplicate_caseid_rows,0.0,,,,,
indi_v2_2017q1,,,caseid,72320.0,0.0,0.0,0.0
indi_v2_2017q1,,,indi_n,72320.0,0.0,0.0,0.0
indi_v2_2017q1,,,distinct_indi_n,72320.0,0.0,0.0,0.0
indi_v2_2017q1,,,indi_mapped_n,72320.0,0.0,0.0,0.0
indi_v2_2017q1,,,indi_unmapped_n,72320.0,0.0,0.0,0.0
indi_v2_2017q1,,,indi_insomnia,72320.0,0.0,0.0,0.0
indi_v2_2017q1,,,indi_anxiety,72320.0,0.0,0.0,0.0
indi_v2_2017q1,,,indi_depression,72320.0,0.0,0.0,0.0
indi_v2_2017q1,,,indi_pain,72320.0,0.0,0.0,0.0
indi_v2_2017q1,,,indi_epilepsy,72320.0,0.0,0.0,0.0
indi_v2_2017q1,,,indi_dizziness_vertigo,72320.0,0.0,0.0,0.0
indi_v2_2017q1,,,indi_soc_blood_and_lymphatic_system_disorders,72320.0,0.0,0.0,0.0
indi_v2_2017q1,,,indi_soc_cardiac_disorders,72320.0,0.0,0.0,0.0
indi_v2_2017q1,,,indi_soc_congenital_familial_and_genetic_disorders,72320.0,0.0,0.0,0.0
indi_v2_2017q1,,,indi_soc_ear_and_labyrinth_disorders,72320.0,0.0,0.0,0.0
indi_v2_2017q1,,,indi_soc_endocrine_disorders,72320.0,0.0,0.0,0.0
indi_v2_2017q1,,,indi_soc_eye_disorders,72320.0,0.0,0.0,0.0
indi_v2_2017q1,,,indi_soc_gastrointestinal_disorders,72320.0,0.0,0.0,0.0
indi_v2_2017q1,,,indi_soc_general_disorders_and_administration_site_conditions,72320.0,0.0,0.0,0.0
indi_v2_2017q1,,,indi_soc_hepatobiliary_disorders,72320.0,0.0,0.0,0.0
indi_v2_2017q1,,,indi_soc_immune_system_disorders,72320.0,0.0,0.0,0.0
indi_v2_2017q1,,,indi_soc_infections_and_infestations,72320.0,0.0,0.0,0.0
indi_v2_2017q1,,,indi_soc_injury_poisoning_and_procedural_complications,72320.0,0.0,0.0,0.0
indi_v2_2017q1,,,indi_soc_investigations,72320.0,0.0,0.0,0.0
indi_v2_2017q1,,,indi_soc_metabolism_and_nutrition_disorders,72320.0,0.0,0.0,0.0
indi_v2_2017q1,,,indi_soc_musculoskeletal_and_connective_tissue_disorders,72320.0,0.0,0.0,0.0
indi_v2_2017q1,,,indi_soc_neoplasms_benign_malignant_and_unspecified_incl_cysts_and_polyps,72320.0,0.0,0.0,0.0
indi_v2_2017q1,,,indi_soc_nervous_system_disorders,72320.0,0.0,0.0,0.0
indi_v2_2017q1,,,indi_soc_product_issues,72320.0,0.0,0.0,0.0
indi_v2_2017q1,,,indi_soc_psychiatric_disorders,72320.0,0.0,0.0,0.0
indi_v2_2017q1,,,indi_soc_renal_and_urinary_disorders,72320.0,0.0,0.0,0.0
indi_v2_2017q1,,,indi_soc_reproductive_system_and_breast_disorders,72320.0,0.0,0.0,0.0
indi_v2_2017q1,,,indi_soc_respiratory_thoracic_and_mediastinal_disorders,72320.0,0.0,0.0,0.0
indi_v2_2017q1,,,indi_soc_skin_and_subcutaneous_tissue_disorders,72320.0,0.0,0.0,0.0
indi_v2_2017q1,,,indi_soc_social_circumstances,72320.0,0.0,0.0,0.0
indi_v2_2017q1,,,indi_soc_surgical_and_medical_procedures,72320.0,0.0,0.0,0.0
indi_v2_2017q1,,,indi_soc_vascular_disorders,72320.0,0.0,0.0,0.0
indi_v2_2017q2,n_rows,65055.0,,,,,
indi_v2_2017q2,unique_caseid,65055.0,,,,,
indi_v2_2017q2,duplicate_caseid_rows,0.0,,,,,
indi_v2_2017q2,,,caseid,65055.0,0.0,0.0,0.0
indi_v2_2017q2,,,indi_n,65055.0,0.0,0.0,0.0
indi_v2_2017q2,,,distinct_indi_n,65055.0,0.0,0.0,0.0
indi_v2_2017q2,,,indi_mapped_n,65055.0,0.0,0.0,0.0
indi_v2_2017q2,,,indi_unmapped_n,65055.0,0.0,0.0,0.0
indi_v2_2017q2,,,indi_insomnia,65055.0,0.0,0.0,0.0
indi_v2_2017q2,,,indi_anxiety,65055.0,0.0,0.0,0.0
indi_v2_2017q2,,,indi_depression,65055.0,0.0,0.0,0.0
indi_v2_2017q2,,,indi_pain,65055.0,0.0,0.0,0.0
indi_v2_2017q2,,,indi_epilepsy,65055.0,0.0,0.0,0.0
indi_v2_2017q2,,,indi_dizziness_vertigo,65055.0,0.0,0.0,0.0
indi_v2_2017q2,,,indi_soc_blood_and_lymphatic_system_disorders,65055.0,0.0,0.0,0.0
indi_v2_2017q2,,,indi_soc_cardiac_disorders,65055.0,0.0,0.0,0.0
indi_v2_2017q2,,,indi_soc_congenital_familial_and_genetic_disorders,65055.0,0.0,0.0,0.0
indi_v2_2017q2,,,indi_soc_ear_and_labyrinth_disorders,65055.0,0.0,0.0,0.0
indi_v2_2017q2,,,indi_soc_endocrine_disorders,65055.0,0.0,0.0,0.0
indi_v2_2017q2,,,indi_soc_eye_disorders,65055.0,0.0,0.0,0.0
indi_v2_2017q2,,,indi_soc_gastrointestinal_disorders,65055.0,0.0,0.0,0.0
indi_v2_2017q2,,,indi_soc_general_disorders_and_administration_site_conditions,65055.0,0.0,0.0,0.0
indi_v2_2017q2,,,indi_soc_hepatobiliary_disorders,65055.0,0.0,0.0,0.0
indi_v2_2017q2,,,indi_soc_immune_system_disorders,65055.0,0.0,0.0,0.0
indi_v2_2017q2,,,indi_soc_infections_and_infestations,65055.0,0.0,0.0,0.0
indi_v2_2017q2,,,indi_soc_injury_poisoning_and_procedural_complications,65055.0,0.0,0.0,0.0
indi_v2_2017q2,,,indi_soc_investigations,65055.0,0.0,0.0,0.0
indi_v2_2017q2,,,indi_soc_metabolism_and_nutrition_disorders,65055.0,0.0,0.0,0.0
indi_v2_2017q2,,,indi_soc_musculoskeletal_and_connective_tissue_disorders,65055.0,0.0,0.0,0.0
indi_v2_2017q2,,,indi_soc_neoplasms_benign_malignant_and_unspecified_incl_cysts_and_polyps,65055.0,0.0,0.0,0.0
indi_v2_2017q2,,,indi_soc_nervous_system_disorders,65055.0,0.0,0.0,0.0
indi_v2_2017q2,,,indi_soc_pregnancy_puerperium_and_perinatal_conditions,65055.0,0.0,0.0,0.0
indi_v2_2017q2,,,indi_soc_product_issues,65055.0,0.0,0.0,0.0
indi_v2_2017q2,,,indi_soc_psychiatric_disorders,65055.0,0.0,0.0,0.0
indi_v2_2017q2,,,indi_soc_renal_and_urinary_disorders,65055.0,0.0,0.0,0.0
indi_v2_2017q2,,,indi_soc_reproductive_system_and_breast_disorders,65055.0,0.0,0.0,0.0
indi_v2_2017q2,,,indi_soc_respiratory_thoracic_and_mediastinal_disorders,65055.0,0.0,0.0,0.0
indi_v2_2017q2,,,indi_soc_skin_and_subcutaneous_tissue_disorders,65055.0,0.0,0.0,0.0
indi_v2_2017q2,,,indi_soc_social_circumstances,65055.0,0.0,0.0,0.0
indi_v2_2017q2,,,indi_soc_surgical_and_medical_procedures,65055.0,0.0,0.0,0.0
indi_v2_2017q2,,,indi_soc_vascular_disorders,65055.0,0.0,0.0,0.0
indi_v2_2017q3,n_rows,73086.0,,,,,
indi_v2_2017q3,unique_caseid,73086.0,,,,,
indi_v2_2017q3,duplicate_caseid_rows,0.0,,,,,
indi_v2_2017q3,,,caseid,73086.0,0.0,0.0,0.0
indi_v2_2017q3,,,indi_n,73086.0,0.0,0.0,0.0
indi_v2_2017q3,,,distinct_indi_n,73086.0,0.0,0.0,0.0
indi_v2_2017q3,,,indi_mapped_n,73086.0,0.0,0.0,0.0
indi_v2_2017q3,,,indi_unmapped_n,73086.0,0.0,0.0,0.0
indi_v2_2017q3,,,indi_insomnia,73086.0,0.0,0.0,0.0
indi_v2_2017q3,,,indi_anxiety,73086.0,0.0,0.0,0.0
indi_v2_2017q3,,,indi_depression,73086.0,0.0,0.0,0.0
indi_v2_2017q3,,,indi_pain,73086.0,0.0,0.0,0.0
indi_v2_2017q3,,,indi_epilepsy,73086.0,0.0,0.0,0.0
indi_v2_2017q3,,,indi_dizziness_vertigo,73086.0,0.0,0.0,0.0
indi_v2_2017q3,,,indi_soc_blood_and_lymphatic_system_disorders,73086.0,0.0,0.0,0.0
indi_v2_2017q3,,,indi_soc_cardiac_disorders,73086.0,0.0,0.0,0.0
indi_v2_2017q3,,,indi_soc_congenital_familial_and_genetic_disorders,73086.0,0.0,0.0,0.0
indi_v2_2017q3,,,indi_soc_ear_and_labyrinth_disorders,73086.0,0.0,0.0,0.0
indi_v2_2017q3,,,indi_soc_endocrine_disorders,73086.0,0.0,0.0,0.0
indi_v2_2017q3,,,indi_soc_eye_disorders,73086.0,0.0,0.0,0.0
indi_v2_2017q3,,,indi_soc_gastrointestinal_disorders,73086.0,0.0,0.0,0.0
indi_v2_2017q3,,,indi_soc_general_disorders_and_administration_site_conditions,73086.0,0.0,0.0,0.0
indi_v2_2017q3,,,indi_soc_hepatobiliary_disorders,73086.0,0.0,0.0,0.0
indi_v2_2017q3,,,indi_soc_immune_system_disorders,73086.0,0.0,0.0,0.0
indi_v2_2017q3,,,indi_soc_infections_and_infestations,73086.0,0.0,0.0,0.0
indi_v2_2017q3,,,indi_soc_injury_poisoning_and_procedural_complications,73086.0,0.0,0.0,0.0
indi_v2_2017q3,,,indi_soc_investigations,73086.0,0.0,0.0,0.0
indi_v2_2017q3,,,indi_soc_metabolism_and_nutrition_disorders,73086.0,0.0,0.0,0.0
indi_v2_2017q3,,,indi_soc_musculoskeletal_and_connective_tissue_disorders,73086.0,0.0,0.0,0.0
indi_v2_2017q3,,,indi_soc_neoplasms_benign_malignant_and_unspecified_incl_cysts_and_polyps,73086.0,0.0,0.0,0.0
indi_v2_2017q3,,,indi_soc_nervous_system_disorders,73086.0,0.0,0.0,0.0
indi_v2_2017q3,,,indi_soc_product_issues,73086.0,0.0,0.0,0.0
indi_v2_2017q3,,,indi_soc_psychiatric_disorders,73086.0,0.0,0.0,0.0
indi_v2_2017q3,,,indi_soc_renal_and_urinary_disorders,73086.0,0.0,0.0,0.0
indi_v2_2017q3,,,indi_soc_reproductive_system_and_breast_disorders,73086.0,0.0,0.0,0.0
indi_v2_2017q3,,,indi_soc_respiratory_thoracic_and_mediastinal_disorders,73086.0,0.0,0.0,0.0
indi_v2_2017q3,,,indi_soc_skin_and_subcutaneous_tissue_disorders,73086.0,0.0,0.0,0.0
indi_v2_2017q3,,,indi_soc_social_circumstances,73086.0,0.0,0.0,0.0
indi_v2_2017q3,,,indi_soc_surgical_and_medical_procedures,73086.0,0.0,0.0,0.0
indi_v2_2017q3,,,indi_soc_vascular_disorders,73086.0,0.0,0.0,0.0
indi_v2_2017q4,n_rows,71649.0,,,,,
indi_v2_2017q4,unique_caseid,71649.0,,,,,
indi_v2_2017q4,duplicate_caseid_rows,0.0,,,,,
indi_v2_2017q4,,,caseid,71649.0,0.0,0.0,0.0
indi_v2_2017q4,,,indi_n,71649.0,0.0,0.0,0.0
indi_v2_2017q4,,,distinct_indi_n,71649.0,0.0,0.0,0.0
indi_v2_2017q4,,,indi_mapped_n,71649.0,0.0,0.0,0.0
indi_v2_2017q4,,,indi_unmapped_n,71649.0,0.0,0.0,0.0
indi_v2_2017q4,,,indi_insomnia,71649.0,0.0,0.0,0.0
indi_v2_2017q4,,,indi_anxiety,71649.0,0.0,0.0,0.0
indi_v2_2017q4,,,indi_depression,71649.0,0.0,0.0,0.0
indi_v2_2017q4,,,indi_pain,71649.0,0.0,0.0,0.0
indi_v2_2017q4,,,indi_epilepsy,71649.0,0.0,0.0,0.0
indi_v2_2017q4,,,indi_dizziness_vertigo,71649.0,0.0,0.0,0.0
indi_v2_2017q4,,,indi_soc_blood_and_lymphatic_system_disorders,71649.0,0.0,0.0,0.0
indi_v2_2017q4,,,indi_soc_cardiac_disorders,71649.0,0.0,0.0,0.0
indi_v2_2017q4,,,indi_soc_congenital_familial_and_genetic_disorders,71649.0,0.0,0.0,0.0
indi_v2_2017q4,,,indi_soc_ear_and_labyrinth_disorders,71649.0,0.0,0.0,0.0
indi_v2_2017q4,,,indi_soc_endocrine_disorders,71649.0,0.0,0.0,0.0
indi_v2_2017q4,,,indi_soc_eye_disorders,71649.0,0.0,0.0,0.0
indi_v2_2017q4,,,indi_soc_gastrointestinal_disorders,71649.0,0.0,0.0,0.0
indi_v2_2017q4,,,indi_soc_general_disorders_and_administration_site_conditions,71649.0,0.0,0.0,0.0
indi_v2_2017q4,,,indi_soc_hepatobiliary_disorders,71649.0,0.0,0.0,0.0
indi_v2_2017q4,,,indi_soc_immune_system_disorders,71649.0,0.0,0.0,0.0
indi_v2_2017q4,,,indi_soc_infections_and_infestations,71649.0,0.0,0.0,0.0
indi_v2_2017q4,,,indi_soc_injury_poisoning_and_procedural_complications,71649.0,0.0,0.0,0.0
indi_v2_2017q4,,,indi_soc_investigations,71649.0,0.0,0.0,0.0
indi_v2_2017q4,,,indi_soc_metabolism_and_nutrition_disorders,71649.0,0.0,0.0,0.0
indi_v2_2017q4,,,indi_soc_musculoskeletal_and_connective_tissue_disorders,71649.0,0.0,0.0,0.0
indi_v2_2017q4,,,indi_soc_neoplasms_benign_malignant_and_unspecified_incl_cysts_and_polyps,71649.0,0.0,0.0,0.0
indi_v2_2017q4,,,indi_soc_nervous_system_disorders,71649.0,0.0,0.0,0.0
indi_v2_2017q4,,,indi_soc_product_issues,71649.0,0.0,0.0,0.0
indi_v2_2017q4,,,indi_soc_psychiatric_disorders,71649.0,0.0,0.0,0.0
indi_v2_2017q4,,,indi_soc_renal_and_urinary_disorders,71649.0,0.0,0.0,0.0
indi_v2_2017q4,,,indi_soc_reproductive_system_and_breast_disorders,71649.0,0.0,0.0,0.0
indi_v2_2017q4,,,indi_soc_respiratory_thoracic_and_mediastinal_disorders,71649.0,0.0,0.0,0.0
indi_v2_2017q4,,,indi_soc_skin_and_subcutaneous_tissue_disorders,71649.0,0.0,0.0,0.0
indi_v2_2017q4,,,indi_soc_social_circumstances,71649.0,0.0,0.0,0.0
indi_v2_2017q4,,,indi_soc_surgical_and_medical_procedures,71649.0,0.0,0.0,0.0
indi_v2_2017q4,,,indi_soc_vascular_disorders,71649.0,0.0,0.0,0.0
indi_v2_2018q1,n_rows,83177.0,,,,,
indi_v2_2018q1,unique_caseid,83177.0,,,,,
indi_v2_2018q1,duplicate_caseid_rows,0.0,,,,,
indi_v2_2018q1,,,caseid,83177.0,0.0,0.0,0.0
indi_v2_2018q1,,,indi_n,83177.0,0.0,0.0,0.0
indi_v2_2018q1,,,distinct_indi_n,83177.0,0.0,0.0,0.0
indi_v2_2018q1,,,indi_mapped_n,83177.0,0.0,0.0,0.0
indi_v2_2018q1,,,indi_unmapped_n,83177.0,0.0,0.0,0.0
indi_v2_2018q1,,,indi_insomnia,83177.0,0.0,0.0,0.0
indi_v2_2018q1,,,indi_anxiety,83177.0,0.0,0.0,0.0
indi_v2_2018q1,,,indi_depression,83177.0,0.0,0.0,0.0
indi_v2_2018q1,,,indi_pain,83177.0,0.0,0.0,0.0
indi_v2_2018q1,,,indi_epilepsy,83177.0,0.0,0.0,0.0
indi_v2_2018q1,,,indi_dizziness_vertigo,83177.0,0.0,0.0,0.0
indi_v2_2018q1,,,indi_soc_blood_and_lymphatic_system_disorders,83177.0,0.0,0.0,0.0
indi_v2_2018q1,,,indi_soc_cardiac_disorders,83177.0,0.0,0.0,0.0
indi_v2_2018q1,,,indi_soc_congenital_familial_and_genetic_disorders,83177.0,0.0,0.0,0.0
indi_v2_2018q1,,,indi_soc_ear_and_labyrinth_disorders,83177.0,0.0,0.0,0.0
indi_v2_2018q1,,,indi_soc_endocrine_disorders,83177.0,0.0,0.0,0.0
indi_v2_2018q1,,,indi_soc_eye_disorders,83177.0,0.0,0.0,0.0
indi_v2_2018q1,,,indi_soc_gastrointestinal_disorders,83177.0,0.0,0.0,0.0
indi_v2_2018q1,,,indi_soc_general_disorders_and_administration_site_conditions,83177.0,0.0,0.0,0.0
indi_v2_2018q1,,,indi_soc_hepatobiliary_disorders,83177.0,0.0,0.0,0.0
indi_v2_2018q1,,,indi_soc_immune_system_disorders,83177.0,0.0,0.0,0.0
indi_v2_2018q1,,,indi_soc_infections_and_infestations,83177.0,0.0,0.0,0.0
indi_v2_2018q1,,,indi_soc_injury_poisoning_and_procedural_complications,83177.0,0.0,0.0,0.0
indi_v2_2018q1,,,indi_soc_investigations,83177.0,0.0,0.0,0.0
indi_v2_2018q1,,,indi_soc_metabolism_and_nutrition_disorders,83177.0,0.0,0.0,0.0
indi_v2_2018q1,,,indi_soc_musculoskeletal_and_connective_tissue_disorders,83177.0,0.0,0.0,0.0
indi_v2_2018q1,,,indi_soc_neoplasms_benign_malignant_and_unspecified_incl_cysts_and_polyps,83177.0,0.0,0.0,0.0
indi_v2_2018q1,,,indi_soc_nervous_system_disorders,83177.0,0.0,0.0,0.0
indi_v2_2018q1,,,indi_soc_product_issues,83177.0,0.0,0.0,0.0
indi_v2_2018q1,,,indi_soc_psychiatric_disorders,83177.0,0.0,0.0,0.0
indi_v2_2018q1,,,indi_soc_renal_and_urinary_disorders,83177.0,0.0,0.0,0.0
indi_v2_2018q1,,,indi_soc_reproductive_system_and_breast_disorders,83177.0,0.0,0.0,0.0
indi_v2_2018q1,,,indi_soc_respiratory_thoracic_and_mediastinal_disorders,83177.0,0.0,0.0,0.0
indi_v2_2018q1,,,indi_soc_skin_and_subcutaneous_tissue_disorders,83177.0,0.0,0.0,0.0
indi_v2_2018q1,,,indi_soc_social_circumstances,83177.0,0.0,0.0,0.0
indi_v2_2018q1,,,indi_soc_surgical_and_medical_procedures,83177.0,0.0,0.0,0.0
indi_v2_2018q1,,,indi_soc_vascular_disorders,83177.0,0.0,0.0,0.0
indi_v2_2018q2,n_rows,92367.0,,,,,
indi_v2_2018q2,unique_caseid,92367.0,,,,,
indi_v2_2018q2,duplicate_caseid_rows,0.0,,,,,
indi_v2_2018q2,,,caseid,92367.0,0.0,0.0,0.0
indi_v2_2018q2,,,indi_n,92367.0,0.0,0.0,0.0
indi_v2_2018q2,,,distinct_indi_n,92367.0,0.0,0.0,0.0
indi_v2_2018q2,,,indi_mapped_n,92367.0,0.0,0.0,0.0
indi_v2_2018q2,,,indi_unmapped_n,92367.0,0.0,0.0,0.0
indi_v2_2018q2,,,indi_insomnia,92367.0,0.0,0.0,0.0
indi_v2_2018q2,,,indi_anxiety,92367.0,0.0,0.0,0.0
indi_v2_2018q2,,,indi_depression,92367.0,0.0,0.0,0.0
indi_v2_2018q2,,,indi_pain,92367.0,0.0,0.0,0.0
indi_v2_2018q2,,,indi_epilepsy,92367.0,0.0,0.0,0.0
indi_v2_2018q2,,,indi_dizziness_vertigo,92367.0,0.0,0.0,0.0
indi_v2_2018q2,,,indi_soc_blood_and_lymphatic_system_disorders,92367.0,0.0,0.0,0.0
indi_v2_2018q2,,,indi_soc_cardiac_disorders,92367.0,0.0,0.0,0.0
indi_v2_2018q2,,,indi_soc_congenital_familial_and_genetic_disorders,92367.0,0.0,0.0,0.0
indi_v2_2018q2,,,indi_soc_ear_and_labyrinth_disorders,92367.0,0.0,0.0,0.0
indi_v2_2018q2,,,indi_soc_endocrine_disorders,92367.0,0.0,0.0,0.0
indi_v2_2018q2,,,indi_soc_eye_disorders,92367.0,0.0,0.0,0.0
indi_v2_2018q2,,,indi_soc_gastrointestinal_disorders,92367.0,0.0,0.0,0.0
indi_v2_2018q2,,,indi_soc_general_disorders_and_administration_site_conditions,92367.0,0.0,0.0,0.0
indi_v2_2018q2,,,indi_soc_hepatobiliary_disorders,92367.0,0.0,0.0,0.0
indi_v2_2018q2,,,indi_soc_immune_system_disorders,92367.0,0.0,0.0,0.0
indi_v2_2018q2,,,indi_soc_infections_and_infestations,92367.0,0.0,0.0,0.0
indi_v2_2018q2,,,indi_soc_injury_poisoning_and_procedural_complications,92367.0,0.0,0.0,0.0
indi_v2_2018q2,,,indi_soc_investigations,92367.0,0.0,0.0,0.0
indi_v2_2018q2,,,indi_soc_metabolism_and_nutrition_disorders,92367.0,0.0,0.0,0.0
indi_v2_2018q2,,,indi_soc_musculoskeletal_and_connective_tissue_disorders,92367.0,0.0,0.0,0.0
indi_v2_2018q2,,,indi_soc_neoplasms_benign_malignant_and_unspecified_incl_cysts_and_polyps,92367.0,0.0,0.0,0.0
indi_v2_2018q2,,,indi_soc_nervous_system_disorders,92367.0,0.0,0.0,0.0
indi_v2_2018q2,,,indi_soc_pregnancy_puerperium_and_perinatal_conditions,92367.0,0.0,0.0,0.0
indi_v2_2018q2,,,indi_soc_product_issues,92367.0,0.0,0.0,0.0
indi_v2_2018q2,,,indi_soc_psychiatric_disorders,92367.0,0.0,0.0,0.0
indi_v2_2018q2,,,indi_soc_renal_and_urinary_disorders,92367.0,0.0,0.0,0.0
indi_v2_2018q2,,,indi_soc_reproductive_system_and_breast_disorders,92367.0,0.0,0.0,0.0
indi_v2_2018q2,,,indi_soc_respiratory_thoracic_and_mediastinal_disorders,92367.0,0.0,0.0,0.0
indi_v2_2018q2,,,indi_soc_skin_and_subcutaneous_tissue_disorders,92367.0,0.0,0.0,0.0
indi_v2_2018q2,,,indi_soc_social_circumstances,92367.0,0.0,0.0,0.0
indi_v2_2018q2,,,indi_soc_surgical_and_medical_procedures,92367.0,0.0,0.0,0.0
indi_v2_2018q2,,,indi_soc_vascular_disorders,92367.0,0.0,0.0,0.0
indi_v2_2018q3,n_rows,90519.0,,,,,
indi_v2_2018q3,unique_caseid,90519.0,,,,,
indi_v2_2018q3,duplicate_caseid_rows,0.0,,,,,
indi_v2_2018q3,,,caseid,90519.0,0.0,0.0,0.0
indi_v2_2018q3,,,indi_n,90519.0,0.0,0.0,0.0
indi_v2_2018q3,,,distinct_indi_n,90519.0,0.0,0.0,0.0
indi_v2_2018q3,,,indi_mapped_n,90519.0,0.0,0.0,0.0
indi_v2_2018q3,,,indi_unmapped_n,90519.0,0.0,0.0,0.0
indi_v2_2018q3,,,indi_insomnia,90519.0,0.0,0.0,0.0
indi_v2_2018q3,,,indi_anxiety,90519.0,0.0,0.0,0.0
indi_v2_2018q3,,,indi_depression,90519.0,0.0,0.0,0.0
indi_v2_2018q3,,,indi_pain,90519.0,0.0,0.0,0.0
indi_v2_2018q3,,,indi_epilepsy,90519.0,0.0,0.0,0.0
indi_v2_2018q3,,,indi_dizziness_vertigo,90519.0,0.0,0.0,0.0
indi_v2_2018q3,,,indi_soc_blood_and_lymphatic_system_disorders,90519.0,0.0,0.0,0.0
indi_v2_2018q3,,,indi_soc_cardiac_disorders,90519.0,0.0,0.0,0.0
indi_v2_2018q3,,,indi_soc_congenital_familial_and_genetic_disorders,90519.0,0.0,0.0,0.0
indi_v2_2018q3,,,indi_soc_ear_and_labyrinth_disorders,90519.0,0.0,0.0,0.0
indi_v2_2018q3,,,indi_soc_endocrine_disorders,90519.0,0.0,0.0,0.0
indi_v2_2018q3,,,indi_soc_eye_disorders,90519.0,0.0,0.0,0.0
indi_v2_2018q3,,,indi_soc_gastrointestinal_disorders,90519.0,0.0,0.0,0.0
indi_v2_2018q3,,,indi_soc_general_disorders_and_administration_site_conditions,90519.0,0.0,0.0,0.0
indi_v2_2018q3,,,indi_soc_hepatobiliary_disorders,90519.0,0.0,0.0,0.0
indi_v2_2018q3,,,indi_soc_immune_system_disorders,90519.0,0.0,0.0,0.0
indi_v2_2018q3,,,indi_soc_infections_and_infestations,90519.0,0.0,0.0,0.0
indi_v2_2018q3,,,indi_soc_injury_poisoning_and_procedural_complications,90519.0,0.0,0.0,0.0
indi_v2_2018q3,,,indi_soc_investigations,90519.0,0.0,0.0,0.0
indi_v2_2018q3,,,indi_soc_metabolism_and_nutrition_disorders,90519.0,0.0,0.0,0.0
indi_v2_2018q3,,,indi_soc_musculoskeletal_and_connective_tissue_disorders,90519.0,0.0,0.0,0.0
indi_v2_2018q3,,,indi_soc_neoplasms_benign_malignant_and_unspecified_incl_cysts_and_polyps,90519.0,0.0,0.0,0.0
indi_v2_2018q3,,,indi_soc_nervous_system_disorders,90519.0,0.0,0.0,0.0
indi_v2_2018q3,,,indi_soc_pregnancy_puerperium_and_perinatal_conditions,90519.0,0.0,0.0,0.0
indi_v2_2018q3,,,indi_soc_product_issues,90519.0,0.0,0.0,0.0
indi_v2_2018q3,,,indi_soc_psychiatric_disorders,90519.0,0.0,0.0,0.0
indi_v2_2018q3,,,indi_soc_renal_and_urinary_disorders,90519.0,0.0,0.0,0.0
indi_v2_2018q3,,,indi_soc_reproductive_system_and_breast_disorders,90519.0,0.0,0.0,0.0
indi_v2_2018q3,,,indi_soc_respiratory_thoracic_and_mediastinal_disorders,90519.0,0.0,0.0,0.0
indi_v2_2018q3,,,indi_soc_skin_and_subcutaneous_tissue_disorders,90519.0,0.0,0.0,0.0
indi_v2_2018q3,,,indi_soc_social_circumstances,90519.0,0.0,0.0,0.0
indi_v2_2018q3,,,indi_soc_surgical_and_medical_procedures,90519.0,0.0,0.0,0.0
indi_v2_2018q3,,,indi_soc_vascular_disorders,90519.0,0.0,0.0,0.0
indi_v2_2018q4,n_rows,84154.0,,,,,
indi_v2_2018q4,unique_caseid,84154.0,,,,,
indi_v2_2018q4,duplicate_caseid_rows,0.0,,,,,
indi_v2_2018q4,,,caseid,84154.0,0.0,0.0,0.0
indi_v2_2018q4,,,indi_n,84154.0,0.0,0.0,0.0
indi_v2_2018q4,,,distinct_indi_n,84154.0,0.0,0.0,0.0
indi_v2_2018q4,,,indi_mapped_n,84154.0,0.0,0.0,0.0
indi_v2_2018q4,,,indi_unmapped_n,84154.0,0.0,0.0,0.0
indi_v2_2018q4,,,indi_insomnia,84154.0,0.0,0.0,0.0
indi_v2_2018q4,,,indi_anxiety,84154.0,0.0,0.0,0.0
indi_v2_2018q4,,,indi_depression,84154.0,0.0,0.0,0.0
indi_v2_2018q4,,,indi_pain,84154.0,0.0,0.0,0.0
indi_v2_2018q4,,,indi_epilepsy,84154.0,0.0,0.0,0.0
indi_v2_2018q4,,,indi_dizziness_vertigo,84154.0,0.0,0.0,0.0
indi_v2_2018q4,,,indi_soc_blood_and_lymphatic_system_disorders,84154.0,0.0,0.0,0.0
indi_v2_2018q4,,,indi_soc_cardiac_disorders,84154.0,0.0,0.0,0.0
indi_v2_2018q4,,,indi_soc_congenital_familial_and_genetic_disorders,84154.0,0.0,0.0,0.0
indi_v2_2018q4,,,indi_soc_ear_and_labyrinth_disorders,84154.0,0.0,0.0,0.0
indi_v2_2018q4,,,indi_soc_endocrine_disorders,84154.0,0.0,0.0,0.0
indi_v2_2018q4,,,indi_soc_eye_disorders,84154.0,0.0,0.0,0.0
indi_v2_2018q4,,,indi_soc_gastrointestinal_disorders,84154.0,0.0,0.0,0.0
indi_v2_2018q4,,,indi_soc_general_disorders_and_administration_site_conditions,84154.0,0.0,0.0,0.0
indi_v2_2018q4,,,indi_soc_hepatobiliary_disorders,84154.0,0.0,0.0,0.0
indi_v2_2018q4,,,indi_soc_immune_system_disorders,84154.0,0.0,0.0,0.0
indi_v2_2018q4,,,indi_soc_infections_and_infestations,84154.0,0.0,0.0,0.0
indi_v2_2018q4,,,indi_soc_injury_poisoning_and_procedural_complications,84154.0,0.0,0.0,0.0
indi_v2_2018q4,,,indi_soc_investigations,84154.0,0.0,0.0,0.0
indi_v2_2018q4,,,indi_soc_metabolism_and_nutrition_disorders,84154.0,0.0,0.0,0.0
indi_v2_2018q4,,,indi_soc_musculoskeletal_and_connective_tissue_disorders,84154.0,0.0,0.0,0.0
indi_v2_2018q4,,,indi_soc_neoplasms_benign_malignant_and_unspecified_incl_cysts_and_polyps,84154.0,0.0,0.0,0.0
indi_v2_2018q4,,,indi_soc_nervous_system_disorders,84154.0,0.0,0.0,0.0
indi_v2_2018q4,,,indi_soc_pregnancy_puerperium_and_perinatal_conditions,84154.0,0.0,0.0,0.0
indi_v2_2018q4,,,indi_soc_product_issues,84154.0,0.0,0.0,0.0
indi_v2_2018q4,,,indi_soc_psychiatric_disorders,84154.0,0.0,0.0,0.0
indi_v2_2018q4,,,indi_soc_renal_and_urinary_disorders,84154.0,0.0,0.0,0.0
indi_v2_2018q4,,,indi_soc_reproductive_system_and_breast_disorders,84154.0,0.0,0.0,0.0
indi_v2_2018q4,,,indi_soc_respiratory_thoracic_and_mediastinal_disorders,84154.0,0.0,0.0,0.0
indi_v2_2018q4,,,indi_soc_skin_and_subcutaneous_tissue_disorders,84154.0,0.0,0.0,0.0
indi_v2_2018q4,,,indi_soc_social_circumstances,84154.0,0.0,0.0,0.0
indi_v2_2018q4,,,indi_soc_surgical_and_medical_procedures,84154.0,0.0,0.0,0.0
indi_v2_2018q4,,,indi_soc_vascular_disorders,84154.0,0.0,0.0,0.0
indi_v2_2019q1,n_rows,78181.0,,,,,
indi_v2_2019q1,unique_caseid,78181.0,,,,,
indi_v2_2019q1,duplicate_caseid_rows,0.0,,,,,
indi_v2_2019q1,,,caseid,78181.0,0.0,0.0,0.0
indi_v2_2019q1,,,indi_n,78181.0,0.0,0.0,0.0
indi_v2_2019q1,,,distinct_indi_n,78181.0,0.0,0.0,0.0
indi_v2_2019q1,,,indi_mapped_n,78181.0,0.0,0.0,0.0
indi_v2_2019q1,,,indi_unmapped_n,78181.0,0.0,0.0,0.0
indi_v2_2019q1,,,indi_insomnia,78181.0,0.0,0.0,0.0
indi_v2_2019q1,,,indi_anxiety,78181.0,0.0,0.0,0.0
indi_v2_2019q1,,,indi_depression,78181.0,0.0,0.0,0.0
indi_v2_2019q1,,,indi_pain,78181.0,0.0,0.0,0.0
indi_v2_2019q1,,,indi_epilepsy,78181.0,0.0,0.0,0.0
indi_v2_2019q1,,,indi_dizziness_vertigo,78181.0,0.0,0.0,0.0
indi_v2_2019q1,,,indi_soc_blood_and_lymphatic_system_disorders,78181.0,0.0,0.0,0.0
indi_v2_2019q1,,,indi_soc_cardiac_disorders,78181.0,0.0,0.0,0.0
indi_v2_2019q1,,,indi_soc_congenital_familial_and_genetic_disorders,78181.0,0.0,0.0,0.0
indi_v2_2019q1,,,indi_soc_ear_and_labyrinth_disorders,78181.0,0.0,0.0,0.0
indi_v2_2019q1,,,indi_soc_endocrine_disorders,78181.0,0.0,0.0,0.0
indi_v2_2019q1,,,indi_soc_eye_disorders,78181.0,0.0,0.0,0.0
indi_v2_2019q1,,,indi_soc_gastrointestinal_disorders,78181.0,0.0,0.0,0.0
indi_v2_2019q1,,,indi_soc_general_disorders_and_administration_site_conditions,78181.0,0.0,0.0,0.0
indi_v2_2019q1,,,indi_soc_hepatobiliary_disorders,78181.0,0.0,0.0,0.0
indi_v2_2019q1,,,indi_soc_immune_system_disorders,78181.0,0.0,0.0,0.0
indi_v2_2019q1,,,indi_soc_infections_and_infestations,78181.0,0.0,0.0,0.0
indi_v2_2019q1,,,indi_soc_injury_poisoning_and_procedural_complications,78181.0,0.0,0.0,0.0
indi_v2_2019q1,,,indi_soc_investigations,78181.0,0.0,0.0,0.0
indi_v2_2019q1,,,indi_soc_metabolism_and_nutrition_disorders,78181.0,0.0,0.0,0.0
indi_v2_2019q1,,,indi_soc_musculoskeletal_and_connective_tissue_disorders,78181.0,0.0,0.0,0.0
indi_v2_2019q1,,,indi_soc_neoplasms_benign_malignant_and_unspecified_incl_cysts_and_polyps,78181.0,0.0,0.0,0.0
indi_v2_2019q1,,,indi_soc_nervous_system_disorders,78181.0,0.0,0.0,0.0
indi_v2_2019q1,,,indi_soc_product_issues,78181.0,0.0,0.0,0.0
indi_v2_2019q1,,,indi_soc_psychiatric_disorders,78181.0,0.0,0.0,0.0
indi_v2_2019q1,,,indi_soc_renal_and_urinary_disorders,78181.0,0.0,0.0,0.0
indi_v2_2019q1,,,indi_soc_reproductive_system_and_breast_disorders,78181.0,0.0,0.0,0.0
indi_v2_2019q1,,,indi_soc_respiratory_thoracic_and_mediastinal_disorders,78181.0,0.0,0.0,0.0
indi_v2_2019q1,,,indi_soc_skin_and_subcutaneous_tissue_disorders,78181.0,0.0,0.0,0.0
indi_v2_2019q1,,,indi_soc_social_circumstances,78181.0,0.0,0.0,0.0
indi_v2_2019q1,,,indi_soc_surgical_and_medical_procedures,78181.0,0.0,0.0,0.0
indi_v2_2019q1,,,indi_soc_vascular_disorders,78181.0,0.0,0.0,0.0
indi_v2_2019q2,n_rows,81015.0,,,,,
indi_v2_2019q2,unique_caseid,81015.0,,,,,
indi_v2_2019q2,duplicate_caseid_rows,0.0,,,,,
indi_v2_2019q2,,,caseid,81015.0,0.0,0.0,0.0
indi_v2_2019q2,,,indi_n,81015.0,0.0,0.0,0.0
indi_v2_2019q2,,,distinct_indi_n,81015.0,0.0,0.0,0.0
indi_v2_2019q2,,,indi_mapped_n,81015.0,0.0,0.0,0.0
indi_v2_2019q2,,,indi_unmapped_n,81015.0,0.0,0.0,0.0
indi_v2_2019q2,,,indi_insomnia,81015.0,0.0,0.0,0.0
indi_v2_2019q2,,,indi_anxiety,81015.0,0.0,0.0,0.0
indi_v2_2019q2,,,indi_depression,81015.0,0.0,0.0,0.0
indi_v2_2019q2,,,indi_pain,81015.0,0.0,0.0,0.0
indi_v2_2019q2,,,indi_epilepsy,81015.0,0.0,0.0,0.0
indi_v2_2019q2,,,indi_dizziness_vertigo,81015.0,0.0,0.0,0.0
indi_v2_2019q2,,,indi_soc_blood_and_lymphatic_system_disorders,81015.0,0.0,0.0,0.0
indi_v2_2019q2,,,indi_soc_cardiac_disorders,81015.0,0.0,0.0,0.0
indi_v2_2019q2,,,indi_soc_congenital_familial_and_genetic_disorders,81015.0,0.0,0.0,0.0
indi_v2_2019q2,,,indi_soc_ear_and_labyrinth_disorders,81015.0,0.0,0.0,0.0
indi_v2_2019q2,,,indi_soc_endocrine_disorders,81015.0,0.0,0.0,0.0
indi_v2_2019q2,,,indi_soc_eye_disorders,81015.0,0.0,0.0,0.0
indi_v2_2019q2,,,indi_soc_gastrointestinal_disorders,81015.0,0.0,0.0,0.0
indi_v2_2019q2,,,indi_soc_general_disorders_and_administration_site_conditions,81015.0,0.0,0.0,0.0
indi_v2_2019q2,,,indi_soc_hepatobiliary_disorders,81015.0,0.0,0.0,0.0
indi_v2_2019q2,,,indi_soc_immune_system_disorders,81015.0,0.0,0.0,0.0
indi_v2_2019q2,,,indi_soc_infections_and_infestations,81015.0,0.0,0.0,0.0
indi_v2_2019q2,,,indi_soc_injury_poisoning_and_procedural_complications,81015.0,0.0,0.0,0.0
indi_v2_2019q2,,,indi_soc_investigations,81015.0,0.0,0.0,0.0
indi_v2_2019q2,,,indi_soc_metabolism_and_nutrition_disorders,81015.0,0.0,0.0,0.0
indi_v2_2019q2,,,indi_soc_musculoskeletal_and_connective_tissue_disorders,81015.0,0.0,0.0,0.0
indi_v2_2019q2,,,indi_soc_neoplasms_benign_malignant_and_unspecified_incl_cysts_and_polyps,81015.0,0.0,0.0,0.0
indi_v2_2019q2,,,indi_soc_nervous_system_disorders,81015.0,0.0,0.0,0.0
indi_v2_2019q2,,,indi_soc_pregnancy_puerperium_and_perinatal_conditions,81015.0,0.0,0.0,0.0
indi_v2_2019q2,,,indi_soc_product_issues,81015.0,0.0,0.0,0.0
indi_v2_2019q2,,,indi_soc_psychiatric_disorders,81015.0,0.0,0.0,0.0
indi_v2_2019q2,,,indi_soc_renal_and_urinary_disorders,81015.0,0.0,0.0,0.0
indi_v2_2019q2,,,indi_soc_reproductive_system_and_breast_disorders,81015.0,0.0,0.0,0.0
indi_v2_2019q2,,,indi_soc_respiratory_thoracic_and_mediastinal_disorders,81015.0,0.0,0.0,0.0
indi_v2_2019q2,,,indi_soc_skin_and_subcutaneous_tissue_disorders,81015.0,0.0,0.0,0.0
indi_v2_2019q2,,,indi_soc_social_circumstances,81015.0,0.0,0.0,0.0
indi_v2_2019q2,,,indi_soc_surgical_and_medical_procedures,81015.0,0.0,0.0,0.0
indi_v2_2019q2,,,indi_soc_vascular_disorders,81015.0,0.0,0.0,0.0
indi_v2_2019q3,n_rows,83836.0,,,,,
indi_v2_2019q3,unique_caseid,83836.0,,,,,
indi_v2_2019q3,duplicate_caseid_rows,0.0,,,,,
indi_v2_2019q3,,,caseid,83836.0,0.0,0.0,0.0
indi_v2_2019q3,,,indi_n,83836.0,0.0,0.0,0.0
indi_v2_2019q3,,,distinct_indi_n,83836.0,0.0,0.0,0.0
indi_v2_2019q3,,,indi_mapped_n,83836.0,0.0,0.0,0.0
indi_v2_2019q3,,,indi_unmapped_n,83836.0,0.0,0.0,0.0
indi_v2_2019q3,,,indi_insomnia,83836.0,0.0,0.0,0.0
indi_v2_2019q3,,,indi_anxiety,83836.0,0.0,0.0,0.0
indi_v2_2019q3,,,indi_depression,83836.0,0.0,0.0,0.0
indi_v2_2019q3,,,indi_pain,83836.0,0.0,0.0,0.0
indi_v2_2019q3,,,indi_epilepsy,83836.0,0.0,0.0,0.0
indi_v2_2019q3,,,indi_dizziness_vertigo,83836.0,0.0,0.0,0.0
indi_v2_2019q3,,,indi_soc_blood_and_lymphatic_system_disorders,83836.0,0.0,0.0,0.0
indi_v2_2019q3,,,indi_soc_cardiac_disorders,83836.0,0.0,0.0,0.0
indi_v2_2019q3,,,indi_soc_congenital_familial_and_genetic_disorders,83836.0,0.0,0.0,0.0
indi_v2_2019q3,,,indi_soc_ear_and_labyrinth_disorders,83836.0,0.0,0.0,0.0
indi_v2_2019q3,,,indi_soc_endocrine_disorders,83836.0,0.0,0.0,0.0
indi_v2_2019q3,,,indi_soc_eye_disorders,83836.0,0.0,0.0,0.0
indi_v2_2019q3,,,indi_soc_gastrointestinal_disorders,83836.0,0.0,0.0,0.0
indi_v2_2019q3,,,indi_soc_general_disorders_and_administration_site_conditions,83836.0,0.0,0.0,0.0
indi_v2_2019q3,,,indi_soc_hepatobiliary_disorders,83836.0,0.0,0.0,0.0
indi_v2_2019q3,,,indi_soc_immune_system_disorders,83836.0,0.0,0.0,0.0
indi_v2_2019q3,,,indi_soc_infections_and_infestations,83836.0,0.0,0.0,0.0
indi_v2_2019q3,,,indi_soc_injury_poisoning_and_procedural_complications,83836.0,0.0,0.0,0.0
indi_v2_2019q3,,,indi_soc_investigations,83836.0,0.0,0.0,0.0
indi_v2_2019q3,,,indi_soc_metabolism_and_nutrition_disorders,83836.0,0.0,0.0,0.0
indi_v2_2019q3,,,indi_soc_musculoskeletal_and_connective_tissue_disorders,83836.0,0.0,0.0,0.0
indi_v2_2019q3,,,indi_soc_neoplasms_benign_malignant_and_unspecified_incl_cysts_and_polyps,83836.0,0.0,0.0,0.0
indi_v2_2019q3,,,indi_soc_nervous_system_disorders,83836.0,0.0,0.0,0.0
indi_v2_2019q3,,,indi_soc_pregnancy_puerperium_and_perinatal_conditions,83836.0,0.0,0.0,0.0
indi_v2_2019q3,,,indi_soc_product_issues,83836.0,0.0,0.0,0.0
indi_v2_2019q3,,,indi_soc_psychiatric_disorders,83836.0,0.0,0.0,0.0
indi_v2_2019q3,,,indi_soc_renal_and_urinary_disorders,83836.0,0.0,0.0,0.0
indi_v2_2019q3,,,indi_soc_reproductive_system_and_breast_disorders,83836.0,0.0,0.0,0.0
indi_v2_2019q3,,,indi_soc_respiratory_thoracic_and_mediastinal_disorders,83836.0,0.0,0.0,0.0
indi_v2_2019q3,,,indi_soc_skin_and_subcutaneous_tissue_disorders,83836.0,0.0,0.0,0.0
indi_v2_2019q3,,,indi_soc_social_circumstances,83836.0,0.0,0.0,0.0
indi_v2_2019q3,,,indi_soc_surgical_and_medical_procedures,83836.0,0.0,0.0,0.0
indi_v2_2019q3,,,indi_soc_vascular_disorders,83836.0,0.0,0.0,0.0
indi_v2_2019q4,n_rows,82899.0,,,,,
indi_v2_2019q4,unique_caseid,82899.0,,,,,
indi_v2_2019q4,duplicate_caseid_rows,0.0,,,,,
indi_v2_2019q4,,,caseid,82899.0,0.0,0.0,0.0
indi_v2_2019q4,,,indi_n,82899.0,0.0,0.0,0.0
indi_v2_2019q4,,,distinct_indi_n,82899.0,0.0,0.0,0.0
indi_v2_2019q4,,,indi_mapped_n,82899.0,0.0,0.0,0.0
indi_v2_2019q4,,,indi_unmapped_n,82899.0,0.0,0.0,0.0
indi_v2_2019q4,,,indi_insomnia,82899.0,0.0,0.0,0.0
indi_v2_2019q4,,,indi_anxiety,82899.0,0.0,0.0,0.0
indi_v2_2019q4,,,indi_depression,82899.0,0.0,0.0,0.0
indi_v2_2019q4,,,indi_pain,82899.0,0.0,0.0,0.0
indi_v2_2019q4,,,indi_epilepsy,82899.0,0.0,0.0,0.0
indi_v2_2019q4,,,indi_dizziness_vertigo,82899.0,0.0,0.0,0.0
indi_v2_2019q4,,,indi_soc_blood_and_lymphatic_system_disorders,82899.0,0.0,0.0,0.0
indi_v2_2019q4,,,indi_soc_cardiac_disorders,82899.0,0.0,0.0,0.0
indi_v2_2019q4,,,indi_soc_congenital_familial_and_genetic_disorders,82899.0,0.0,0.0,0.0
indi_v2_2019q4,,,indi_soc_ear_and_labyrinth_disorders,82899.0,0.0,0.0,0.0
indi_v2_2019q4,,,indi_soc_endocrine_disorders,82899.0,0.0,0.0,0.0
indi_v2_2019q4,,,indi_soc_eye_disorders,82899.0,0.0,0.0,0.0
indi_v2_2019q4,,,indi_soc_gastrointestinal_disorders,82899.0,0.0,0.0,0.0
indi_v2_2019q4,,,indi_soc_general_disorders_and_administration_site_conditions,82899.0,0.0,0.0,0.0
indi_v2_2019q4,,,indi_soc_hepatobiliary_disorders,82899.0,0.0,0.0,0.0
indi_v2_2019q4,,,indi_soc_immune_system_disorders,82899.0,0.0,0.0,0.0
indi_v2_2019q4,,,indi_soc_infections_and_infestations,82899.0,0.0,0.0,0.0
indi_v2_2019q4,,,indi_soc_injury_poisoning_and_procedural_complications,82899.0,0.0,0.0,0.0
indi_v2_2019q4,,,indi_soc_investigations,82899.0,0.0,0.0,0.0
indi_v2_2019q4,,,indi_soc_metabolism_and_nutrition_disorders,82899.0,0.0,0.0,0.0
indi_v2_2019q4,,,indi_soc_musculoskeletal_and_connective_tissue_disorders,82899.0,0.0,0.0,0.0
indi_v2_2019q4,,,indi_soc_neoplasms_benign_malignant_and_unspecified_incl_cysts_and_polyps,82899.0,0.0,0.0,0.0
indi_v2_2019q4,,,indi_soc_nervous_system_disorders,82899.0,0.0,0.0,0.0
indi_v2_2019q4,,,indi_soc_pregnancy_puerperium_and_perinatal_conditions,82899.0,0.0,0.0,0.0
indi_v2_2019q4,,,indi_soc_psychiatric_disorders,82899.0,0.0,0.0,0.0
indi_v2_2019q4,,,indi_soc_renal_and_urinary_disorders,82899.0,0.0,0.0,0.0
indi_v2_2019q4,,,indi_soc_reproductive_system_and_breast_disorders,82899.0,0.0,0.0,0.0
indi_v2_2019q4,,,indi_soc_respiratory_thoracic_and_mediastinal_disorders,82899.0,0.0,0.0,0.0
indi_v2_2019q4,,,indi_soc_skin_and_subcutaneous_tissue_disorders,82899.0,0.0,0.0,0.0
indi_v2_2019q4,,,indi_soc_social_circumstances,82899.0,0.0,0.0,0.0
indi_v2_2019q4,,,indi_soc_surgical_and_medical_procedures,82899.0,0.0,0.0,0.0
indi_v2_2019q4,,,indi_soc_vascular_disorders,82899.0,0.0,0.0,0.0
indi_v2_2020q1,n_rows,86542.0,,,,,
indi_v2_2020q1,unique_caseid,86542.0,,,,,
indi_v2_2020q1,duplicate_caseid_rows,0.0,,,,,
indi_v2_2020q1,,,caseid,86542.0,0.0,0.0,0.0
indi_v2_2020q1,,,indi_n,86542.0,0.0,0.0,0.0
indi_v2_2020q1,,,distinct_indi_n,86542.0,0.0,0.0,0.0
indi_v2_2020q1,,,indi_mapped_n,86542.0,0.0,0.0,0.0
indi_v2_2020q1,,,indi_unmapped_n,86542.0,0.0,0.0,0.0
indi_v2_2020q1,,,indi_insomnia,86542.0,0.0,0.0,0.0
indi_v2_2020q1,,,indi_anxiety,86542.0,0.0,0.0,0.0
indi_v2_2020q1,,,indi_depression,86542.0,0.0,0.0,0.0
indi_v2_2020q1,,,indi_pain,86542.0,0.0,0.0,0.0
indi_v2_2020q1,,,indi_epilepsy,86542.0,0.0,0.0,0.0
indi_v2_2020q1,,,indi_dizziness_vertigo,86542.0,0.0,0.0,0.0
indi_v2_2020q1,,,indi_soc_blood_and_lymphatic_system_disorders,86542.0,0.0,0.0,0.0
indi_v2_2020q1,,,indi_soc_cardiac_disorders,86542.0,0.0,0.0,0.0
indi_v2_2020q1,,,indi_soc_congenital_familial_and_genetic_disorders,86542.0,0.0,0.0,0.0
indi_v2_2020q1,,,indi_soc_ear_and_labyrinth_disorders,86542.0,0.0,0.0,0.0
indi_v2_2020q1,,,indi_soc_endocrine_disorders,86542.0,0.0,0.0,0.0
indi_v2_2020q1,,,indi_soc_eye_disorders,86542.0,0.0,0.0,0.0
indi_v2_2020q1,,,indi_soc_gastrointestinal_disorders,86542.0,0.0,0.0,0.0
indi_v2_2020q1,,,indi_soc_general_disorders_and_administration_site_conditions,86542.0,0.0,0.0,0.0
indi_v2_2020q1,,,indi_soc_hepatobiliary_disorders,86542.0,0.0,0.0,0.0
indi_v2_2020q1,,,indi_soc_immune_system_disorders,86542.0,0.0,0.0,0.0
indi_v2_2020q1,,,indi_soc_infections_and_infestations,86542.0,0.0,0.0,0.0
indi_v2_2020q1,,,indi_soc_injury_poisoning_and_procedural_complications,86542.0,0.0,0.0,0.0
indi_v2_2020q1,,,indi_soc_investigations,86542.0,0.0,0.0,0.0
indi_v2_2020q1,,,indi_soc_metabolism_and_nutrition_disorders,86542.0,0.0,0.0,0.0
indi_v2_2020q1,,,indi_soc_musculoskeletal_and_connective_tissue_disorders,86542.0,0.0,0.0,0.0
indi_v2_2020q1,,,indi_soc_neoplasms_benign_malignant_and_unspecified_incl_cysts_and_polyps,86542.0,0.0,0.0,0.0
indi_v2_2020q1,,,indi_soc_nervous_system_disorders,86542.0,0.0,0.0,0.0
indi_v2_2020q1,,,indi_soc_pregnancy_puerperium_and_perinatal_conditions,86542.0,0.0,0.0,0.0
indi_v2_2020q1,,,indi_soc_product_issues,86542.0,0.0,0.0,0.0
indi_v2_2020q1,,,indi_soc_psychiatric_disorders,86542.0,0.0,0.0,0.0
indi_v2_2020q1,,,indi_soc_renal_and_urinary_disorders,86542.0,0.0,0.0,0.0
indi_v2_2020q1,,,indi_soc_reproductive_system_and_breast_disorders,86542.0,0.0,0.0,0.0
indi_v2_2020q1,,,indi_soc_respiratory_thoracic_and_mediastinal_disorders,86542.0,0.0,0.0,0.0
indi_v2_2020q1,,,indi_soc_skin_and_subcutaneous_tissue_disorders,86542.0,0.0,0.0,0.0
indi_v2_2020q1,,,indi_soc_social_circumstances,86542.0,0.0,0.0,0.0
indi_v2_2020q1,,,indi_soc_surgical_and_medical_procedures,86542.0,0.0,0.0,0.0
indi_v2_2020q1,,,indi_soc_vascular_disorders,86542.0,0.0,0.0,0.0
indi_v2_2020q2,n_rows,78051.0,,,,,
indi_v2_2020q2,unique_caseid,78051.0,,,,,
indi_v2_2020q2,duplicate_caseid_rows,0.0,,,,,
indi_v2_2020q2,,,caseid,78051.0,0.0,0.0,0.0
indi_v2_2020q2,,,indi_n,78051.0,0.0,0.0,0.0
indi_v2_2020q2,,,distinct_indi_n,78051.0,0.0,0.0,0.0
indi_v2_2020q2,,,indi_mapped_n,78051.0,0.0,0.0,0.0
indi_v2_2020q2,,,indi_unmapped_n,78051.0,0.0,0.0,0.0
indi_v2_2020q2,,,indi_insomnia,78051.0,0.0,0.0,0.0
indi_v2_2020q2,,,indi_anxiety,78051.0,0.0,0.0,0.0
indi_v2_2020q2,,,indi_depression,78051.0,0.0,0.0,0.0
indi_v2_2020q2,,,indi_pain,78051.0,0.0,0.0,0.0
indi_v2_2020q2,,,indi_epilepsy,78051.0,0.0,0.0,0.0
indi_v2_2020q2,,,indi_dizziness_vertigo,78051.0,0.0,0.0,0.0
indi_v2_2020q2,,,indi_soc_blood_and_lymphatic_system_disorders,78051.0,0.0,0.0,0.0
indi_v2_2020q2,,,indi_soc_cardiac_disorders,78051.0,0.0,0.0,0.0
indi_v2_2020q2,,,indi_soc_congenital_familial_and_genetic_disorders,78051.0,0.0,0.0,0.0
indi_v2_2020q2,,,indi_soc_ear_and_labyrinth_disorders,78051.0,0.0,0.0,0.0
indi_v2_2020q2,,,indi_soc_endocrine_disorders,78051.0,0.0,0.0,0.0
indi_v2_2020q2,,,indi_soc_eye_disorders,78051.0,0.0,0.0,0.0
indi_v2_2020q2,,,indi_soc_gastrointestinal_disorders,78051.0,0.0,0.0,0.0
indi_v2_2020q2,,,indi_soc_general_disorders_and_administration_site_conditions,78051.0,0.0,0.0,0.0
indi_v2_2020q2,,,indi_soc_hepatobiliary_disorders,78051.0,0.0,0.0,0.0
indi_v2_2020q2,,,indi_soc_immune_system_disorders,78051.0,0.0,0.0,0.0
indi_v2_2020q2,,,indi_soc_infections_and_infestations,78051.0,0.0,0.0,0.0
indi_v2_2020q2,,,indi_soc_injury_poisoning_and_procedural_complications,78051.0,0.0,0.0,0.0
indi_v2_2020q2,,,indi_soc_investigations,78051.0,0.0,0.0,0.0
indi_v2_2020q2,,,indi_soc_metabolism_and_nutrition_disorders,78051.0,0.0,0.0,0.0
indi_v2_2020q2,,,indi_soc_musculoskeletal_and_connective_tissue_disorders,78051.0,0.0,0.0,0.0
indi_v2_2020q2,,,indi_soc_neoplasms_benign_malignant_and_unspecified_incl_cysts_and_polyps,78051.0,0.0,0.0,0.0
indi_v2_2020q2,,,indi_soc_nervous_system_disorders,78051.0,0.0,0.0,0.0
indi_v2_2020q2,,,indi_soc_product_issues,78051.0,0.0,0.0,0.0
indi_v2_2020q2,,,indi_soc_psychiatric_disorders,78051.0,0.0,0.0,0.0
indi_v2_2020q2,,,indi_soc_renal_and_urinary_disorders,78051.0,0.0,0.0,0.0
indi_v2_2020q2,,,indi_soc_reproductive_system_and_breast_disorders,78051.0,0.0,0.0,0.0
indi_v2_2020q2,,,indi_soc_respiratory_thoracic_and_mediastinal_disorders,78051.0,0.0,0.0,0.0
indi_v2_2020q2,,,indi_soc_skin_and_subcutaneous_tissue_disorders,78051.0,0.0,0.0,0.0
indi_v2_2020q2,,,indi_soc_social_circumstances,78051.0,0.0,0.0,0.0
indi_v2_2020q2,,,indi_soc_surgical_and_medical_procedures,78051.0,0.0,0.0,0.0
indi_v2_2020q2,,,indi_soc_vascular_disorders,78051.0,0.0,0.0,0.0
indi_v2_2020q3,n_rows,79631.0,,,,,
indi_v2_2020q3,unique_caseid,79631.0,,,,,
indi_v2_2020q3,duplicate_caseid_rows,0.0,,,,,
indi_v2_2020q3,,,caseid,79631.0,0.0,0.0,0.0
indi_v2_2020q3,,,indi_n,79631.0,0.0,0.0,0.0
indi_v2_2020q3,,,distinct_indi_n,79631.0,0.0,0.0,0.0
indi_v2_2020q3,,,indi_mapped_n,79631.0,0.0,0.0,0.0
indi_v2_2020q3,,,indi_unmapped_n,79631.0,0.0,0.0,0.0
indi_v2_2020q3,,,indi_insomnia,79631.0,0.0,0.0,0.0
indi_v2_2020q3,,,indi_anxiety,79631.0,0.0,0.0,0.0
indi_v2_2020q3,,,indi_depression,79631.0,0.0,0.0,0.0
indi_v2_2020q3,,,indi_pain,79631.0,0.0,0.0,0.0
indi_v2_2020q3,,,indi_epilepsy,79631.0,0.0,0.0,0.0
indi_v2_2020q3,,,indi_dizziness_vertigo,79631.0,0.0,0.0,0.0
indi_v2_2020q3,,,indi_soc_blood_and_lymphatic_system_disorders,79631.0,0.0,0.0,0.0
indi_v2_2020q3,,,indi_soc_cardiac_disorders,79631.0,0.0,0.0,0.0
indi_v2_2020q3,,,indi_soc_congenital_familial_and_genetic_disorders,79631.0,0.0,0.0,0.0
indi_v2_2020q3,,,indi_soc_ear_and_labyrinth_disorders,79631.0,0.0,0.0,0.0
indi_v2_2020q3,,,indi_soc_endocrine_disorders,79631.0,0.0,0.0,0.0
indi_v2_2020q3,,,indi_soc_eye_disorders,79631.0,0.0,0.0,0.0
indi_v2_2020q3,,,indi_soc_gastrointestinal_disorders,79631.0,0.0,0.0,0.0
indi_v2_2020q3,,,indi_soc_general_disorders_and_administration_site_conditions,79631.0,0.0,0.0,0.0
indi_v2_2020q3,,,indi_soc_hepatobiliary_disorders,79631.0,0.0,0.0,0.0
indi_v2_2020q3,,,indi_soc_immune_system_disorders,79631.0,0.0,0.0,0.0
indi_v2_2020q3,,,indi_soc_infections_and_infestations,79631.0,0.0,0.0,0.0
indi_v2_2020q3,,,indi_soc_injury_poisoning_and_procedural_complications,79631.0,0.0,0.0,0.0
indi_v2_2020q3,,,indi_soc_investigations,79631.0,0.0,0.0,0.0
indi_v2_2020q3,,,indi_soc_metabolism_and_nutrition_disorders,79631.0,0.0,0.0,0.0
indi_v2_2020q3,,,indi_soc_musculoskeletal_and_connective_tissue_disorders,79631.0,0.0,0.0,0.0
indi_v2_2020q3,,,indi_soc_neoplasms_benign_malignant_and_unspecified_incl_cysts_and_polyps,79631.0,0.0,0.0,0.0
indi_v2_2020q3,,,indi_soc_nervous_system_disorders,79631.0,0.0,0.0,0.0
indi_v2_2020q3,,,indi_soc_pregnancy_puerperium_and_perinatal_conditions,79631.0,0.0,0.0,0.0
indi_v2_2020q3,,,indi_soc_product_issues,79631.0,0.0,0.0,0.0
indi_v2_2020q3,,,indi_soc_psychiatric_disorders,79631.0,0.0,0.0,0.0
indi_v2_2020q3,,,indi_soc_renal_and_urinary_disorders,79631.0,0.0,0.0,0.0
indi_v2_2020q3,,,indi_soc_reproductive_system_and_breast_disorders,79631.0,0.0,0.0,0.0
indi_v2_2020q3,,,indi_soc_respiratory_thoracic_and_mediastinal_disorders,79631.0,0.0,0.0,0.0
indi_v2_2020q3,,,indi_soc_skin_and_subcutaneous_tissue_disorders,79631.0,0.0,0.0,0.0
indi_v2_2020q3,,,indi_soc_social_circumstances,79631.0,0.0,0.0,0.0
indi_v2_2020q3,,,indi_soc_surgical_and_medical_procedures,79631.0,0.0,0.0,0.0
indi_v2_2020q3,,,indi_soc_vascular_disorders,79631.0,0.0,0.0,0.0
indi_v2_2020q4,n_rows,81450.0,,,,,
indi_v2_2020q4,unique_caseid,81450.0,,,,,
indi_v2_2020q4,duplicate_caseid_rows,0.0,,,,,
indi_v2_2020q4,,,caseid,81450.0,0.0,0.0,0.0
indi_v2_2020q4,,,indi_n,81450.0,0.0,0.0,0.0
indi_v2_2020q4,,,distinct_indi_n,81450.0,0.0,0.0,0.0
indi_v2_2020q4,,,indi_mapped_n,81450.0,0.0,0.0,0.0
indi_v2_2020q4,,,indi_unmapped_n,81450.0,0.0,0.0,0.0
indi_v2_2020q4,,,indi_insomnia,81450.0,0.0,0.0,0.0
indi_v2_2020q4,,,indi_anxiety,81450.0,0.0,0.0,0.0
indi_v2_2020q4,,,indi_depression,81450.0,0.0,0.0,0.0
indi_v2_2020q4,,,indi_pain,81450.0,0.0,0.0,0.0
indi_v2_2020q4,,,indi_epilepsy,81450.0,0.0,0.0,0.0
indi_v2_2020q4,,,indi_dizziness_vertigo,81450.0,0.0,0.0,0.0
indi_v2_2020q4,,,indi_soc_blood_and_lymphatic_system_disorders,81450.0,0.0,0.0,0.0
indi_v2_2020q4,,,indi_soc_cardiac_disorders,81450.0,0.0,0.0,0.0
indi_v2_2020q4,,,indi_soc_congenital_familial_and_genetic_disorders,81450.0,0.0,0.0,0.0
indi_v2_2020q4,,,indi_soc_ear_and_labyrinth_disorders,81450.0,0.0,0.0,0.0
indi_v2_2020q4,,,indi_soc_endocrine_disorders,81450.0,0.0,0.0,0.0
indi_v2_2020q4,,,indi_soc_eye_disorders,81450.0,0.0,0.0,0.0
indi_v2_2020q4,,,indi_soc_gastrointestinal_disorders,81450.0,0.0,0.0,0.0
indi_v2_2020q4,,,indi_soc_general_disorders_and_administration_site_conditions,81450.0,0.0,0.0,0.0
indi_v2_2020q4,,,indi_soc_hepatobiliary_disorders,81450.0,0.0,0.0,0.0
indi_v2_2020q4,,,indi_soc_immune_system_disorders,81450.0,0.0,0.0,0.0
indi_v2_2020q4,,,indi_soc_infections_and_infestations,81450.0,0.0,0.0,0.0
indi_v2_2020q4,,,indi_soc_injury_poisoning_and_procedural_complications,81450.0,0.0,0.0,0.0
indi_v2_2020q4,,,indi_soc_investigations,81450.0,0.0,0.0,0.0
indi_v2_2020q4,,,indi_soc_metabolism_and_nutrition_disorders,81450.0,0.0,0.0,0.0
indi_v2_2020q4,,,indi_soc_musculoskeletal_and_connective_tissue_disorders,81450.0,0.0,0.0,0.0
indi_v2_2020q4,,,indi_soc_neoplasms_benign_malignant_and_unspecified_incl_cysts_and_polyps,81450.0,0.0,0.0,0.0
indi_v2_2020q4,,,indi_soc_nervous_system_disorders,81450.0,0.0,0.0,0.0
indi_v2_2020q4,,,indi_soc_product_issues,81450.0,0.0,0.0,0.0
indi_v2_2020q4,,,indi_soc_psychiatric_disorders,81450.0,0.0,0.0,0.0
indi_v2_2020q4,,,indi_soc_renal_and_urinary_disorders,81450.0,0.0,0.0,0.0
indi_v2_2020q4,,,indi_soc_reproductive_system_and_breast_disorders,81450.0,0.0,0.0,0.0
indi_v2_2020q4,,,indi_soc_respiratory_thoracic_and_mediastinal_disorders,81450.0,0.0,0.0,0.0
indi_v2_2020q4,,,indi_soc_skin_and_subcutaneous_tissue_disorders,81450.0,0.0,0.0,0.0
indi_v2_2020q4,,,indi_soc_social_circumstances,81450.0,0.0,0.0,0.0
indi_v2_2020q4,,,indi_soc_surgical_and_medical_procedures,81450.0,0.0,0.0,0.0
indi_v2_2020q4,,,indi_soc_vascular_disorders,81450.0,0.0,0.0,0.0
indi_v2_2021q1,n_rows,81246.0,,,,,
indi_v2_2021q1,unique_caseid,81246.0,,,,,
indi_v2_2021q1,duplicate_caseid_rows,0.0,,,,,
indi_v2_2021q1,,,caseid,81246.0,0.0,0.0,0.0
indi_v2_2021q1,,,indi_n,81246.0,0.0,0.0,0.0
indi_v2_2021q1,,,distinct_indi_n,81246.0,0.0,0.0,0.0
indi_v2_2021q1,,,indi_mapped_n,81246.0,0.0,0.0,0.0
indi_v2_2021q1,,,indi_unmapped_n,81246.0,0.0,0.0,0.0
indi_v2_2021q1,,,indi_insomnia,81246.0,0.0,0.0,0.0
indi_v2_2021q1,,,indi_anxiety,81246.0,0.0,0.0,0.0
indi_v2_2021q1,,,indi_depression,81246.0,0.0,0.0,0.0
indi_v2_2021q1,,,indi_pain,81246.0,0.0,0.0,0.0
indi_v2_2021q1,,,indi_epilepsy,81246.0,0.0,0.0,0.0
indi_v2_2021q1,,,indi_dizziness_vertigo,81246.0,0.0,0.0,0.0
indi_v2_2021q1,,,indi_soc_blood_and_lymphatic_system_disorders,81246.0,0.0,0.0,0.0
indi_v2_2021q1,,,indi_soc_cardiac_disorders,81246.0,0.0,0.0,0.0
indi_v2_2021q1,,,indi_soc_congenital_familial_and_genetic_disorders,81246.0,0.0,0.0,0.0
indi_v2_2021q1,,,indi_soc_ear_and_labyrinth_disorders,81246.0,0.0,0.0,0.0
indi_v2_2021q1,,,indi_soc_endocrine_disorders,81246.0,0.0,0.0,0.0
indi_v2_2021q1,,,indi_soc_eye_disorders,81246.0,0.0,0.0,0.0
indi_v2_2021q1,,,indi_soc_gastrointestinal_disorders,81246.0,0.0,0.0,0.0
indi_v2_2021q1,,,indi_soc_general_disorders_and_administration_site_conditions,81246.0,0.0,0.0,0.0
indi_v2_2021q1,,,indi_soc_hepatobiliary_disorders,81246.0,0.0,0.0,0.0
indi_v2_2021q1,,,indi_soc_immune_system_disorders,81246.0,0.0,0.0,0.0
indi_v2_2021q1,,,indi_soc_infections_and_infestations,81246.0,0.0,0.0,0.0
indi_v2_2021q1,,,indi_soc_injury_poisoning_and_procedural_complications,81246.0,0.0,0.0,0.0
indi_v2_2021q1,,,indi_soc_investigations,81246.0,0.0,0.0,0.0
indi_v2_2021q1,,,indi_soc_metabolism_and_nutrition_disorders,81246.0,0.0,0.0,0.0
indi_v2_2021q1,,,indi_soc_musculoskeletal_and_connective_tissue_disorders,81246.0,0.0,0.0,0.0
indi_v2_2021q1,,,indi_soc_neoplasms_benign_malignant_and_unspecified_incl_cysts_and_polyps,81246.0,0.0,0.0,0.0
indi_v2_2021q1,,,indi_soc_nervous_system_disorders,81246.0,0.0,0.0,0.0
indi_v2_2021q1,,,indi_soc_pregnancy_puerperium_and_perinatal_conditions,81246.0,0.0,0.0,0.0
indi_v2_2021q1,,,indi_soc_product_issues,81246.0,0.0,0.0,0.0
indi_v2_2021q1,,,indi_soc_psychiatric_disorders,81246.0,0.0,0.0,0.0
indi_v2_2021q1,,,indi_soc_renal_and_urinary_disorders,81246.0,0.0,0.0,0.0
indi_v2_2021q1,,,indi_soc_reproductive_system_and_breast_disorders,81246.0,0.0,0.0,0.0
indi_v2_2021q1,,,indi_soc_respiratory_thoracic_and_mediastinal_disorders,81246.0,0.0,0.0,0.0
indi_v2_2021q1,,,indi_soc_skin_and_subcutaneous_tissue_disorders,81246.0,0.0,0.0,0.0
indi_v2_2021q1,,,indi_soc_social_circumstances,81246.0,0.0,0.0,0.0
indi_v2_2021q1,,,indi_soc_surgical_and_medical_procedures,81246.0,0.0,0.0,0.0
indi_v2_2021q1,,,indi_soc_vascular_disorders,81246.0,0.0,0.0,0.0
indi_v2_2021q2,n_rows,83693.0,,,,,
indi_v2_2021q2,unique_caseid,83693.0,,,,,
indi_v2_2021q2,duplicate_caseid_rows,0.0,,,,,
indi_v2_2021q2,,,caseid,83693.0,0.0,0.0,0.0
indi_v2_2021q2,,,indi_n,83693.0,0.0,0.0,0.0
indi_v2_2021q2,,,distinct_indi_n,83693.0,0.0,0.0,0.0
indi_v2_2021q2,,,indi_mapped_n,83693.0,0.0,0.0,0.0
indi_v2_2021q2,,,indi_unmapped_n,83693.0,0.0,0.0,0.0
indi_v2_2021q2,,,indi_insomnia,83693.0,0.0,0.0,0.0
indi_v2_2021q2,,,indi_anxiety,83693.0,0.0,0.0,0.0
indi_v2_2021q2,,,indi_depression,83693.0,0.0,0.0,0.0
indi_v2_2021q2,,,indi_pain,83693.0,0.0,0.0,0.0
indi_v2_2021q2,,,indi_epilepsy,83693.0,0.0,0.0,0.0
indi_v2_2021q2,,,indi_dizziness_vertigo,83693.0,0.0,0.0,0.0
indi_v2_2021q2,,,indi_soc_blood_and_lymphatic_system_disorders,83693.0,0.0,0.0,0.0
indi_v2_2021q2,,,indi_soc_cardiac_disorders,83693.0,0.0,0.0,0.0
indi_v2_2021q2,,,indi_soc_congenital_familial_and_genetic_disorders,83693.0,0.0,0.0,0.0
indi_v2_2021q2,,,indi_soc_ear_and_labyrinth_disorders,83693.0,0.0,0.0,0.0
indi_v2_2021q2,,,indi_soc_endocrine_disorders,83693.0,0.0,0.0,0.0
indi_v2_2021q2,,,indi_soc_eye_disorders,83693.0,0.0,0.0,0.0
indi_v2_2021q2,,,indi_soc_gastrointestinal_disorders,83693.0,0.0,0.0,0.0
indi_v2_2021q2,,,indi_soc_general_disorders_and_administration_site_conditions,83693.0,0.0,0.0,0.0
indi_v2_2021q2,,,indi_soc_hepatobiliary_disorders,83693.0,0.0,0.0,0.0
indi_v2_2021q2,,,indi_soc_immune_system_disorders,83693.0,0.0,0.0,0.0
indi_v2_2021q2,,,indi_soc_infections_and_infestations,83693.0,0.0,0.0,0.0
indi_v2_2021q2,,,indi_soc_injury_poisoning_and_procedural_complications,83693.0,0.0,0.0,0.0
indi_v2_2021q2,,,indi_soc_investigations,83693.0,0.0,0.0,0.0
indi_v2_2021q2,,,indi_soc_metabolism_and_nutrition_disorders,83693.0,0.0,0.0,0.0
indi_v2_2021q2,,,indi_soc_musculoskeletal_and_connective_tissue_disorders,83693.0,0.0,0.0,0.0
indi_v2_2021q2,,,indi_soc_neoplasms_benign_malignant_and_unspecified_incl_cysts_and_polyps,83693.0,0.0,0.0,0.0
indi_v2_2021q2,,,indi_soc_nervous_system_disorders,83693.0,0.0,0.0,0.0
indi_v2_2021q2,,,indi_soc_product_issues,83693.0,0.0,0.0,0.0
indi_v2_2021q2,,,indi_soc_psychiatric_disorders,83693.0,0.0,0.0,0.0
indi_v2_2021q2,,,indi_soc_renal_and_urinary_disorders,83693.0,0.0,0.0,0.0
indi_v2_2021q2,,,indi_soc_reproductive_system_and_breast_disorders,83693.0,0.0,0.0,0.0
indi_v2_2021q2,,,indi_soc_respiratory_thoracic_and_mediastinal_disorders,83693.0,0.0,0.0,0.0
indi_v2_2021q2,,,indi_soc_skin_and_subcutaneous_tissue_disorders,83693.0,0.0,0.0,0.0
indi_v2_2021q2,,,indi_soc_social_circumstances,83693.0,0.0,0.0,0.0
indi_v2_2021q2,,,indi_soc_surgical_and_medical_procedures,83693.0,0.0,0.0,0.0
indi_v2_2021q2,,,indi_soc_vascular_disorders,83693.0,0.0,0.0,0.0
indi_v2_2021q3,n_rows,102546.0,,,,,
indi_v2_2021q3,unique_caseid,102546.0,,,,,
indi_v2_2021q3,duplicate_caseid_rows,0.0,,,,,
indi_v2_2021q3,,,caseid,102546.0,0.0,0.0,0.0
indi_v2_2021q3,,,indi_n,102546.0,0.0,0.0,0.0
indi_v2_2021q3,,,distinct_indi_n,102546.0,0.0,0.0,0.0
indi_v2_2021q3,,,indi_mapped_n,102546.0,0.0,0.0,0.0
indi_v2_2021q3,,,indi_unmapped_n,102546.0,0.0,0.0,0.0
indi_v2_2021q3,,,indi_insomnia,102546.0,0.0,0.0,0.0
indi_v2_2021q3,,,indi_anxiety,102546.0,0.0,0.0,0.0
indi_v2_2021q3,,,indi_depression,102546.0,0.0,0.0,0.0
indi_v2_2021q3,,,indi_pain,102546.0,0.0,0.0,0.0
indi_v2_2021q3,,,indi_epilepsy,102546.0,0.0,0.0,0.0
indi_v2_2021q3,,,indi_dizziness_vertigo,102546.0,0.0,0.0,0.0
indi_v2_2021q3,,,indi_soc_blood_and_lymphatic_system_disorders,102546.0,0.0,0.0,0.0
indi_v2_2021q3,,,indi_soc_cardiac_disorders,102546.0,0.0,0.0,0.0
indi_v2_2021q3,,,indi_soc_congenital_familial_and_genetic_disorders,102546.0,0.0,0.0,0.0
indi_v2_2021q3,,,indi_soc_ear_and_labyrinth_disorders,102546.0,0.0,0.0,0.0
indi_v2_2021q3,,,indi_soc_endocrine_disorders,102546.0,0.0,0.0,0.0
indi_v2_2021q3,,,indi_soc_eye_disorders,102546.0,0.0,0.0,0.0
indi_v2_2021q3,,,indi_soc_gastrointestinal_disorders,102546.0,0.0,0.0,0.0
indi_v2_2021q3,,,indi_soc_general_disorders_and_administration_site_conditions,102546.0,0.0,0.0,0.0
indi_v2_2021q3,,,indi_soc_hepatobiliary_disorders,102546.0,0.0,0.0,0.0
indi_v2_2021q3,,,indi_soc_immune_system_disorders,102546.0,0.0,0.0,0.0
indi_v2_2021q3,,,indi_soc_infections_and_infestations,102546.0,0.0,0.0,0.0
indi_v2_2021q3,,,indi_soc_injury_poisoning_and_procedural_complications,102546.0,0.0,0.0,0.0
indi_v2_2021q3,,,indi_soc_investigations,102546.0,0.0,0.0,0.0
indi_v2_2021q3,,,indi_soc_metabolism_and_nutrition_disorders,102546.0,0.0,0.0,0.0
indi_v2_2021q3,,,indi_soc_musculoskeletal_and_connective_tissue_disorders,102546.0,0.0,0.0,0.0
indi_v2_2021q3,,,indi_soc_neoplasms_benign_malignant_and_unspecified_incl_cysts_and_polyps,102546.0,0.0,0.0,0.0
indi_v2_2021q3,,,indi_soc_nervous_system_disorders,102546.0,0.0,0.0,0.0
indi_v2_2021q3,,,indi_soc_pregnancy_puerperium_and_perinatal_conditions,102546.0,0.0,0.0,0.0
indi_v2_2021q3,,,indi_soc_product_issues,102546.0,0.0,0.0,0.0
indi_v2_2021q3,,,indi_soc_psychiatric_disorders,102546.0,0.0,0.0,0.0
indi_v2_2021q3,,,indi_soc_renal_and_urinary_disorders,102546.0,0.0,0.0,0.0
indi_v2_2021q3,,,indi_soc_reproductive_system_and_breast_disorders,102546.0,0.0,0.0,0.0
indi_v2_2021q3,,,indi_soc_respiratory_thoracic_and_mediastinal_disorders,102546.0,0.0,0.0,0.0
indi_v2_2021q3,,,indi_soc_skin_and_subcutaneous_tissue_disorders,102546.0,0.0,0.0,0.0
indi_v2_2021q3,,,indi_soc_social_circumstances,102546.0,0.0,0.0,0.0
indi_v2_2021q3,,,indi_soc_surgical_and_medical_procedures,102546.0,0.0,0.0,0.0
indi_v2_2021q3,,,indi_soc_vascular_disorders,102546.0,0.0,0.0,0.0
indi_v2_2021q4,n_rows,77831.0,,,,,
indi_v2_2021q4,unique_caseid,77831.0,,,,,
indi_v2_2021q4,duplicate_caseid_rows,0.0,,,,,
indi_v2_2021q4,,,caseid,77831.0,0.0,0.0,0.0
indi_v2_2021q4,,,indi_n,77831.0,0.0,0.0,0.0
indi_v2_2021q4,,,distinct_indi_n,77831.0,0.0,0.0,0.0
indi_v2_2021q4,,,indi_mapped_n,77831.0,0.0,0.0,0.0
indi_v2_2021q4,,,indi_unmapped_n,77831.0,0.0,0.0,0.0
indi_v2_2021q4,,,indi_insomnia,77831.0,0.0,0.0,0.0
indi_v2_2021q4,,,indi_anxiety,77831.0,0.0,0.0,0.0
indi_v2_2021q4,,,indi_depression,77831.0,0.0,0.0,0.0
indi_v2_2021q4,,,indi_pain,77831.0,0.0,0.0,0.0
indi_v2_2021q4,,,indi_epilepsy,77831.0,0.0,0.0,0.0
indi_v2_2021q4,,,indi_dizziness_vertigo,77831.0,0.0,0.0,0.0
indi_v2_2021q4,,,indi_soc_blood_and_lymphatic_system_disorders,77831.0,0.0,0.0,0.0
indi_v2_2021q4,,,indi_soc_cardiac_disorders,77831.0,0.0,0.0,0.0
indi_v2_2021q4,,,indi_soc_congenital_familial_and_genetic_disorders,77831.0,0.0,0.0,0.0
indi_v2_2021q4,,,indi_soc_ear_and_labyrinth_disorders,77831.0,0.0,0.0,0.0
indi_v2_2021q4,,,indi_soc_endocrine_disorders,77831.0,0.0,0.0,0.0
indi_v2_2021q4,,,indi_soc_eye_disorders,77831.0,0.0,0.0,0.0
indi_v2_2021q4,,,indi_soc_gastrointestinal_disorders,77831.0,0.0,0.0,0.0
indi_v2_2021q4,,,indi_soc_general_disorders_and_administration_site_conditions,77831.0,0.0,0.0,0.0
indi_v2_2021q4,,,indi_soc_hepatobiliary_disorders,77831.0,0.0,0.0,0.0
indi_v2_2021q4,,,indi_soc_immune_system_disorders,77831.0,0.0,0.0,0.0
indi_v2_2021q4,,,indi_soc_infections_and_infestations,77831.0,0.0,0.0,0.0
indi_v2_2021q4,,,indi_soc_injury_poisoning_and_procedural_complications,77831.0,0.0,0.0,0.0
indi_v2_2021q4,,,indi_soc_investigations,77831.0,0.0,0.0,0.0
indi_v2_2021q4,,,indi_soc_metabolism_and_nutrition_disorders,77831.0,0.0,0.0,0.0
indi_v2_2021q4,,,indi_soc_musculoskeletal_and_connective_tissue_disorders,77831.0,0.0,0.0,0.0
indi_v2_2021q4,,,indi_soc_neoplasms_benign_malignant_and_unspecified_incl_cysts_and_polyps,77831.0,0.0,0.0,0.0
indi_v2_2021q4,,,indi_soc_nervous_system_disorders,77831.0,0.0,0.0,0.0
indi_v2_2021q4,,,indi_soc_pregnancy_puerperium_and_perinatal_conditions,77831.0,0.0,0.0,0.0
indi_v2_2021q4,,,indi_soc_psychiatric_disorders,77831.0,0.0,0.0,0.0
indi_v2_2021q4,,,indi_soc_renal_and_urinary_disorders,77831.0,0.0,0.0,0.0
indi_v2_2021q4,,,indi_soc_reproductive_system_and_breast_disorders,77831.0,0.0,0.0,0.0
indi_v2_2021q4,,,indi_soc_respiratory_thoracic_and_mediastinal_disorders,77831.0,0.0,0.0,0.0
indi_v2_2021q4,,,indi_soc_skin_and_subcutaneous_tissue_disorders,77831.0,0.0,0.0,0.0
indi_v2_2021q4,,,indi_soc_social_circumstances,77831.0,0.0,0.0,0.0
indi_v2_2021q4,,,indi_soc_surgical_and_medical_procedures,77831.0,0.0,0.0,0.0
indi_v2_2021q4,,,indi_soc_vascular_disorders,77831.0,0.0,0.0,0.0
indi_v2_2022q1,n_rows,82608.0,,,,,
indi_v2_2022q1,unique_caseid,82608.0,,,,,
indi_v2_2022q1,duplicate_caseid_rows,0.0,,,,,
indi_v2_2022q1,,,caseid,82608.0,0.0,0.0,0.0
indi_v2_2022q1,,,indi_n,82608.0,0.0,0.0,0.0
indi_v2_2022q1,,,distinct_indi_n,82608.0,0.0,0.0,0.0
indi_v2_2022q1,,,indi_mapped_n,82608.0,0.0,0.0,0.0
indi_v2_2022q1,,,indi_unmapped_n,82608.0,0.0,0.0,0.0
indi_v2_2022q1,,,indi_insomnia,82608.0,0.0,0.0,0.0
indi_v2_2022q1,,,indi_anxiety,82608.0,0.0,0.0,0.0
indi_v2_2022q1,,,indi_depression,82608.0,0.0,0.0,0.0
indi_v2_2022q1,,,indi_pain,82608.0,0.0,0.0,0.0
indi_v2_2022q1,,,indi_epilepsy,82608.0,0.0,0.0,0.0
indi_v2_2022q1,,,indi_dizziness_vertigo,82608.0,0.0,0.0,0.0
indi_v2_2022q1,,,indi_soc_blood_and_lymphatic_system_disorders,82608.0,0.0,0.0,0.0
indi_v2_2022q1,,,indi_soc_cardiac_disorders,82608.0,0.0,0.0,0.0
indi_v2_2022q1,,,indi_soc_congenital_familial_and_genetic_disorders,82608.0,0.0,0.0,0.0
indi_v2_2022q1,,,indi_soc_ear_and_labyrinth_disorders,82608.0,0.0,0.0,0.0
indi_v2_2022q1,,,indi_soc_endocrine_disorders,82608.0,0.0,0.0,0.0
indi_v2_2022q1,,,indi_soc_eye_disorders,82608.0,0.0,0.0,0.0
indi_v2_2022q1,,,indi_soc_gastrointestinal_disorders,82608.0,0.0,0.0,0.0
indi_v2_2022q1,,,indi_soc_general_disorders_and_administration_site_conditions,82608.0,0.0,0.0,0.0
indi_v2_2022q1,,,indi_soc_hepatobiliary_disorders,82608.0,0.0,0.0,0.0
indi_v2_2022q1,,,indi_soc_immune_system_disorders,82608.0,0.0,0.0,0.0
indi_v2_2022q1,,,indi_soc_infections_and_infestations,82608.0,0.0,0.0,0.0
indi_v2_2022q1,,,indi_soc_injury_poisoning_and_procedural_complications,82608.0,0.0,0.0,0.0
indi_v2_2022q1,,,indi_soc_investigations,82608.0,0.0,0.0,0.0
indi_v2_2022q1,,,indi_soc_metabolism_and_nutrition_disorders,82608.0,0.0,0.0,0.0
indi_v2_2022q1,,,indi_soc_musculoskeletal_and_connective_tissue_disorders,82608.0,0.0,0.0,0.0
indi_v2_2022q1,,,indi_soc_neoplasms_benign_malignant_and_unspecified_incl_cysts_and_polyps,82608.0,0.0,0.0,0.0
indi_v2_2022q1,,,indi_soc_nervous_system_disorders,82608.0,0.0,0.0,0.0
indi_v2_2022q1,,,indi_soc_pregnancy_puerperium_and_perinatal_conditions,82608.0,0.0,0.0,0.0
indi_v2_2022q1,,,indi_soc_product_issues,82608.0,0.0,0.0,0.0
indi_v2_2022q1,,,indi_soc_psychiatric_disorders,82608.0,0.0,0.0,0.0
indi_v2_2022q1,,,indi_soc_renal_and_urinary_disorders,82608.0,0.0,0.0,0.0
indi_v2_2022q1,,,indi_soc_reproductive_system_and_breast_disorders,82608.0,0.0,0.0,0.0
indi_v2_2022q1,,,indi_soc_respiratory_thoracic_and_mediastinal_disorders,82608.0,0.0,0.0,0.0
indi_v2_2022q1,,,indi_soc_skin_and_subcutaneous_tissue_disorders,82608.0,0.0,0.0,0.0
indi_v2_2022q1,,,indi_soc_social_circumstances,82608.0,0.0,0.0,0.0
indi_v2_2022q1,,,indi_soc_surgical_and_medical_procedures,82608.0,0.0,0.0,0.0
indi_v2_2022q1,,,indi_soc_vascular_disorders,82608.0,0.0,0.0,0.0
indi_v2_2022q2,n_rows,91880.0,,,,,
indi_v2_2022q2,unique_caseid,91880.0,,,,,
indi_v2_2022q2,duplicate_caseid_rows,0.0,,,,,
indi_v2_2022q2,,,caseid,91880.0,0.0,0.0,0.0
indi_v2_2022q2,,,indi_n,91880.0,0.0,0.0,0.0
indi_v2_2022q2,,,distinct_indi_n,91880.0,0.0,0.0,0.0
indi_v2_2022q2,,,indi_mapped_n,91880.0,0.0,0.0,0.0
indi_v2_2022q2,,,indi_unmapped_n,91880.0,0.0,0.0,0.0
indi_v2_2022q2,,,indi_insomnia,91880.0,0.0,0.0,0.0
indi_v2_2022q2,,,indi_anxiety,91880.0,0.0,0.0,0.0
indi_v2_2022q2,,,indi_depression,91880.0,0.0,0.0,0.0
indi_v2_2022q2,,,indi_pain,91880.0,0.0,0.0,0.0
indi_v2_2022q2,,,indi_epilepsy,91880.0,0.0,0.0,0.0
indi_v2_2022q2,,,indi_dizziness_vertigo,91880.0,0.0,0.0,0.0
indi_v2_2022q2,,,indi_soc_blood_and_lymphatic_system_disorders,91880.0,0.0,0.0,0.0
indi_v2_2022q2,,,indi_soc_cardiac_disorders,91880.0,0.0,0.0,0.0
indi_v2_2022q2,,,indi_soc_congenital_familial_and_genetic_disorders,91880.0,0.0,0.0,0.0
indi_v2_2022q2,,,indi_soc_ear_and_labyrinth_disorders,91880.0,0.0,0.0,0.0
indi_v2_2022q2,,,indi_soc_endocrine_disorders,91880.0,0.0,0.0,0.0
indi_v2_2022q2,,,indi_soc_eye_disorders,91880.0,0.0,0.0,0.0
indi_v2_2022q2,,,indi_soc_gastrointestinal_disorders,91880.0,0.0,0.0,0.0
indi_v2_2022q2,,,indi_soc_general_disorders_and_administration_site_conditions,91880.0,0.0,0.0,0.0
indi_v2_2022q2,,,indi_soc_hepatobiliary_disorders,91880.0,0.0,0.0,0.0
indi_v2_2022q2,,,indi_soc_immune_system_disorders,91880.0,0.0,0.0,0.0
indi_v2_2022q2,,,indi_soc_infections_and_infestations,91880.0,0.0,0.0,0.0
indi_v2_2022q2,,,indi_soc_injury_poisoning_and_procedural_complications,91880.0,0.0,0.0,0.0
indi_v2_2022q2,,,indi_soc_investigations,91880.0,0.0,0.0,0.0
indi_v2_2022q2,,,indi_soc_metabolism_and_nutrition_disorders,91880.0,0.0,0.0,0.0
indi_v2_2022q2,,,indi_soc_musculoskeletal_and_connective_tissue_disorders,91880.0,0.0,0.0,0.0
indi_v2_2022q2,,,indi_soc_neoplasms_benign_malignant_and_unspecified_incl_cysts_and_polyps,91880.0,0.0,0.0,0.0
indi_v2_2022q2,,,indi_soc_nervous_system_disorders,91880.0,0.0,0.0,0.0
indi_v2_2022q2,,,indi_soc_pregnancy_puerperium_and_perinatal_conditions,91880.0,0.0,0.0,0.0
indi_v2_2022q2,,,indi_soc_product_issues,91880.0,0.0,0.0,0.0
indi_v2_2022q2,,,indi_soc_psychiatric_disorders,91880.0,0.0,0.0,0.0
indi_v2_2022q2,,,indi_soc_renal_and_urinary_disorders,91880.0,0.0,0.0,0.0
indi_v2_2022q2,,,indi_soc_reproductive_system_and_breast_disorders,91880.0,0.0,0.0,0.0
indi_v2_2022q2,,,indi_soc_respiratory_thoracic_and_mediastinal_disorders,91880.0,0.0,0.0,0.0
indi_v2_2022q2,,,indi_soc_skin_and_subcutaneous_tissue_disorders,91880.0,0.0,0.0,0.0
indi_v2_2022q2,,,indi_soc_social_circumstances,91880.0,0.0,0.0,0.0
indi_v2_2022q2,,,indi_soc_surgical_and_medical_procedures,91880.0,0.0,0.0,0.0
indi_v2_2022q2,,,indi_soc_vascular_disorders,91880.0,0.0,0.0,0.0
indi_v2_2022q3,n_rows,93687.0,,,,,
indi_v2_2022q3,unique_caseid,93687.0,,,,,
indi_v2_2022q3,duplicate_caseid_rows,0.0,,,,,
indi_v2_2022q3,,,caseid,93687.0,0.0,0.0,0.0
indi_v2_2022q3,,,indi_n,93687.0,0.0,0.0,0.0
indi_v2_2022q3,,,distinct_indi_n,93687.0,0.0,0.0,0.0
indi_v2_2022q3,,,indi_mapped_n,93687.0,0.0,0.0,0.0
indi_v2_2022q3,,,indi_unmapped_n,93687.0,0.0,0.0,0.0
indi_v2_2022q3,,,indi_insomnia,93687.0,0.0,0.0,0.0
indi_v2_2022q3,,,indi_anxiety,93687.0,0.0,0.0,0.0
indi_v2_2022q3,,,indi_depression,93687.0,0.0,0.0,0.0
indi_v2_2022q3,,,indi_pain,93687.0,0.0,0.0,0.0
indi_v2_2022q3,,,indi_epilepsy,93687.0,0.0,0.0,0.0
indi_v2_2022q3,,,indi_dizziness_vertigo,93687.0,0.0,0.0,0.0
indi_v2_2022q3,,,indi_soc_blood_and_lymphatic_system_disorders,93687.0,0.0,0.0,0.0
indi_v2_2022q3,,,indi_soc_cardiac_disorders,93687.0,0.0,0.0,0.0
indi_v2_2022q3,,,indi_soc_congenital_familial_and_genetic_disorders,93687.0,0.0,0.0,0.0
indi_v2_2022q3,,,indi_soc_ear_and_labyrinth_disorders,93687.0,0.0,0.0,0.0
indi_v2_2022q3,,,indi_soc_endocrine_disorders,93687.0,0.0,0.0,0.0
indi_v2_2022q3,,,indi_soc_eye_disorders,93687.0,0.0,0.0,0.0
indi_v2_2022q3,,,indi_soc_gastrointestinal_disorders,93687.0,0.0,0.0,0.0
indi_v2_2022q3,,,indi_soc_general_disorders_and_administration_site_conditions,93687.0,0.0,0.0,0.0
indi_v2_2022q3,,,indi_soc_hepatobiliary_disorders,93687.0,0.0,0.0,0.0
indi_v2_2022q3,,,indi_soc_immune_system_disorders,93687.0,0.0,0.0,0.0
indi_v2_2022q3,,,indi_soc_infections_and_infestations,93687.0,0.0,0.0,0.0
indi_v2_2022q3,,,indi_soc_injury_poisoning_and_procedural_complications,93687.0,0.0,0.0,0.0
indi_v2_2022q3,,,indi_soc_investigations,93687.0,0.0,0.0,0.0
indi_v2_2022q3,,,indi_soc_metabolism_and_nutrition_disorders,93687.0,0.0,0.0,0.0
indi_v2_2022q3,,,indi_soc_musculoskeletal_and_connective_tissue_disorders,93687.0,0.0,0.0,0.0
indi_v2_2022q3,,,indi_soc_neoplasms_benign_malignant_and_unspecified_incl_cysts_and_polyps,93687.0,0.0,0.0,0.0
indi_v2_2022q3,,,indi_soc_nervous_system_disorders,93687.0,0.0,0.0,0.0
indi_v2_2022q3,,,indi_soc_pregnancy_puerperium_and_perinatal_conditions,93687.0,0.0,0.0,0.0
indi_v2_2022q3,,,indi_soc_product_issues,93687.0,0.0,0.0,0.0
indi_v2_2022q3,,,indi_soc_psychiatric_disorders,93687.0,0.0,0.0,0.0
indi_v2_2022q3,,,indi_soc_renal_and_urinary_disorders,93687.0,0.0,0.0,0.0
indi_v2_2022q3,,,indi_soc_reproductive_system_and_breast_disorders,93687.0,0.0,0.0,0.0
indi_v2_2022q3,,,indi_soc_respiratory_thoracic_and_mediastinal_disorders,93687.0,0.0,0.0,0.0
indi_v2_2022q3,,,indi_soc_skin_and_subcutaneous_tissue_disorders,93687.0,0.0,0.0,0.0
indi_v2_2022q3,,,indi_soc_social_circumstances,93687.0,0.0,0.0,0.0
indi_v2_2022q3,,,indi_soc_surgical_and_medical_procedures,93687.0,0.0,0.0,0.0
indi_v2_2022q3,,,indi_soc_vascular_disorders,93687.0,0.0,0.0,0.0
indi_v2_2022q4,n_rows,92246.0,,,,,
indi_v2_2022q4,unique_caseid,92246.0,,,,,
indi_v2_2022q4,duplicate_caseid_rows,0.0,,,,,
indi_v2_2022q4,,,caseid,92246.0,0.0,0.0,0.0
indi_v2_2022q4,,,indi_n,92246.0,0.0,0.0,0.0
indi_v2_2022q4,,,distinct_indi_n,92246.0,0.0,0.0,0.0
indi_v2_2022q4,,,indi_mapped_n,92246.0,0.0,0.0,0.0
indi_v2_2022q4,,,indi_unmapped_n,92246.0,0.0,0.0,0.0
indi_v2_2022q4,,,indi_insomnia,92246.0,0.0,0.0,0.0
indi_v2_2022q4,,,indi_anxiety,92246.0,0.0,0.0,0.0
indi_v2_2022q4,,,indi_depression,92246.0,0.0,0.0,0.0
indi_v2_2022q4,,,indi_pain,92246.0,0.0,0.0,0.0
indi_v2_2022q4,,,indi_epilepsy,92246.0,0.0,0.0,0.0
indi_v2_2022q4,,,indi_dizziness_vertigo,92246.0,0.0,0.0,0.0
indi_v2_2022q4,,,indi_soc_blood_and_lymphatic_system_disorders,92246.0,0.0,0.0,0.0
indi_v2_2022q4,,,indi_soc_cardiac_disorders,92246.0,0.0,0.0,0.0
indi_v2_2022q4,,,indi_soc_congenital_familial_and_genetic_disorders,92246.0,0.0,0.0,0.0
indi_v2_2022q4,,,indi_soc_ear_and_labyrinth_disorders,92246.0,0.0,0.0,0.0
indi_v2_2022q4,,,indi_soc_endocrine_disorders,92246.0,0.0,0.0,0.0
indi_v2_2022q4,,,indi_soc_eye_disorders,92246.0,0.0,0.0,0.0
indi_v2_2022q4,,,indi_soc_gastrointestinal_disorders,92246.0,0.0,0.0,0.0
indi_v2_2022q4,,,indi_soc_general_disorders_and_administration_site_conditions,92246.0,0.0,0.0,0.0
indi_v2_2022q4,,,indi_soc_hepatobiliary_disorders,92246.0,0.0,0.0,0.0
indi_v2_2022q4,,,indi_soc_immune_system_disorders,92246.0,0.0,0.0,0.0
indi_v2_2022q4,,,indi_soc_infections_and_infestations,92246.0,0.0,0.0,0.0
indi_v2_2022q4,,,indi_soc_injury_poisoning_and_procedural_complications,92246.0,0.0,0.0,0.0
indi_v2_2022q4,,,indi_soc_investigations,92246.0,0.0,0.0,0.0
indi_v2_2022q4,,,indi_soc_metabolism_and_nutrition_disorders,92246.0,0.0,0.0,0.0
indi_v2_2022q4,,,indi_soc_musculoskeletal_and_connective_tissue_disorders,92246.0,0.0,0.0,0.0
indi_v2_2022q4,,,indi_soc_neoplasms_benign_malignant_and_unspecified_incl_cysts_and_polyps,92246.0,0.0,0.0,0.0
indi_v2_2022q4,,,indi_soc_nervous_system_disorders,92246.0,0.0,0.0,0.0
indi_v2_2022q4,,,indi_soc_pregnancy_puerperium_and_perinatal_conditions,92246.0,0.0,0.0,0.0
indi_v2_2022q4,,,indi_soc_product_issues,92246.0,0.0,0.0,0.0
indi_v2_2022q4,,,indi_soc_psychiatric_disorders,92246.0,0.0,0.0,0.0
indi_v2_2022q4,,,indi_soc_renal_and_urinary_disorders,92246.0,0.0,0.0,0.0
indi_v2_2022q4,,,indi_soc_reproductive_system_and_breast_disorders,92246.0,0.0,0.0,0.0
indi_v2_2022q4,,,indi_soc_respiratory_thoracic_and_mediastinal_disorders,92246.0,0.0,0.0,0.0
indi_v2_2022q4,,,indi_soc_skin_and_subcutaneous_tissue_disorders,92246.0,0.0,0.0,0.0
indi_v2_2022q4,,,indi_soc_social_circumstances,92246.0,0.0,0.0,0.0
indi_v2_2022q4,,,indi_soc_surgical_and_medical_procedures,92246.0,0.0,0.0,0.0
indi_v2_2022q4,,,indi_soc_vascular_disorders,92246.0,0.0,0.0,0.0
indi_v2_2023q1,n_rows,85745.0,,,,,
indi_v2_2023q1,unique_caseid,85745.0,,,,,
indi_v2_2023q1,duplicate_caseid_rows,0.0,,,,,
indi_v2_2023q1,,,caseid,85745.0,0.0,0.0,0.0
indi_v2_2023q1,,,indi_n,85745.0,0.0,0.0,0.0
indi_v2_2023q1,,,distinct_indi_n,85745.0,0.0,0.0,0.0
indi_v2_2023q1,,,indi_mapped_n,85745.0,0.0,0.0,0.0
indi_v2_2023q1,,,indi_unmapped_n,85745.0,0.0,0.0,0.0
indi_v2_2023q1,,,indi_insomnia,85745.0,0.0,0.0,0.0
indi_v2_2023q1,,,indi_anxiety,85745.0,0.0,0.0,0.0
indi_v2_2023q1,,,indi_depression,85745.0,0.0,0.0,0.0
indi_v2_2023q1,,,indi_pain,85745.0,0.0,0.0,0.0
indi_v2_2023q1,,,indi_epilepsy,85745.0,0.0,0.0,0.0
indi_v2_2023q1,,,indi_dizziness_vertigo,85745.0,0.0,0.0,0.0
indi_v2_2023q1,,,indi_soc_blood_and_lymphatic_system_disorders,85745.0,0.0,0.0,0.0
indi_v2_2023q1,,,indi_soc_cardiac_disorders,85745.0,0.0,0.0,0.0
indi_v2_2023q1,,,indi_soc_congenital_familial_and_genetic_disorders,85745.0,0.0,0.0,0.0
indi_v2_2023q1,,,indi_soc_ear_and_labyrinth_disorders,85745.0,0.0,0.0,0.0
indi_v2_2023q1,,,indi_soc_endocrine_disorders,85745.0,0.0,0.0,0.0
indi_v2_2023q1,,,indi_soc_eye_disorders,85745.0,0.0,0.0,0.0
indi_v2_2023q1,,,indi_soc_gastrointestinal_disorders,85745.0,0.0,0.0,0.0
indi_v2_2023q1,,,indi_soc_general_disorders_and_administration_site_conditions,85745.0,0.0,0.0,0.0
indi_v2_2023q1,,,indi_soc_hepatobiliary_disorders,85745.0,0.0,0.0,0.0
indi_v2_2023q1,,,indi_soc_immune_system_disorders,85745.0,0.0,0.0,0.0
indi_v2_2023q1,,,indi_soc_infections_and_infestations,85745.0,0.0,0.0,0.0
indi_v2_2023q1,,,indi_soc_injury_poisoning_and_procedural_complications,85745.0,0.0,0.0,0.0
indi_v2_2023q1,,,indi_soc_investigations,85745.0,0.0,0.0,0.0
indi_v2_2023q1,,,indi_soc_metabolism_and_nutrition_disorders,85745.0,0.0,0.0,0.0
indi_v2_2023q1,,,indi_soc_musculoskeletal_and_connective_tissue_disorders,85745.0,0.0,0.0,0.0
indi_v2_2023q1,,,indi_soc_neoplasms_benign_malignant_and_unspecified_incl_cysts_and_polyps,85745.0,0.0,0.0,0.0
indi_v2_2023q1,,,indi_soc_nervous_system_disorders,85745.0,0.0,0.0,0.0
indi_v2_2023q1,,,indi_soc_product_issues,85745.0,0.0,0.0,0.0
indi_v2_2023q1,,,indi_soc_psychiatric_disorders,85745.0,0.0,0.0,0.0
indi_v2_2023q1,,,indi_soc_renal_and_urinary_disorders,85745.0,0.0,0.0,0.0
indi_v2_2023q1,,,indi_soc_reproductive_system_and_breast_disorders,85745.0,0.0,0.0,0.0
indi_v2_2023q1,,,indi_soc_respiratory_thoracic_and_mediastinal_disorders,85745.0,0.0,0.0,0.0
indi_v2_2023q1,,,indi_soc_skin_and_subcutaneous_tissue_disorders,85745.0,0.0,0.0,0.0
indi_v2_2023q1,,,indi_soc_social_circumstances,85745.0,0.0,0.0,0.0
indi_v2_2023q1,,,indi_soc_surgical_and_medical_procedures,85745.0,0.0,0.0,0.0
indi_v2_2023q1,,,indi_soc_vascular_disorders,85745.0,0.0,0.0,0.0
indi_v2_2023q2,n_rows,82039.0,,,,,
indi_v2_2023q2,unique_caseid,82039.0,,,,,
indi_v2_2023q2,duplicate_caseid_rows,0.0,,,,,
indi_v2_2023q2,,,caseid,82039.0,0.0,0.0,0.0
indi_v2_2023q2,,,indi_n,82039.0,0.0,0.0,0.0
indi_v2_2023q2,,,distinct_indi_n,82039.0,0.0,0.0,0.0
indi_v2_2023q2,,,indi_mapped_n,82039.0,0.0,0.0,0.0
indi_v2_2023q2,,,indi_unmapped_n,82039.0,0.0,0.0,0.0
indi_v2_2023q2,,,indi_insomnia,82039.0,0.0,0.0,0.0
indi_v2_2023q2,,,indi_anxiety,82039.0,0.0,0.0,0.0
indi_v2_2023q2,,,indi_depression,82039.0,0.0,0.0,0.0
indi_v2_2023q2,,,indi_pain,82039.0,0.0,0.0,0.0
indi_v2_2023q2,,,indi_epilepsy,82039.0,0.0,0.0,0.0
indi_v2_2023q2,,,indi_dizziness_vertigo,82039.0,0.0,0.0,0.0
indi_v2_2023q2,,,indi_soc_blood_and_lymphatic_system_disorders,82039.0,0.0,0.0,0.0
indi_v2_2023q2,,,indi_soc_cardiac_disorders,82039.0,0.0,0.0,0.0
indi_v2_2023q2,,,indi_soc_congenital_familial_and_genetic_disorders,82039.0,0.0,0.0,0.0
indi_v2_2023q2,,,indi_soc_ear_and_labyrinth_disorders,82039.0,0.0,0.0,0.0
indi_v2_2023q2,,,indi_soc_endocrine_disorders,82039.0,0.0,0.0,0.0
indi_v2_2023q2,,,indi_soc_eye_disorders,82039.0,0.0,0.0,0.0
indi_v2_2023q2,,,indi_soc_gastrointestinal_disorders,82039.0,0.0,0.0,0.0
indi_v2_2023q2,,,indi_soc_general_disorders_and_administration_site_conditions,82039.0,0.0,0.0,0.0
indi_v2_2023q2,,,indi_soc_hepatobiliary_disorders,82039.0,0.0,0.0,0.0
indi_v2_2023q2,,,indi_soc_immune_system_disorders,82039.0,0.0,0.0,0.0
indi_v2_2023q2,,,indi_soc_infections_and_infestations,82039.0,0.0,0.0,0.0
indi_v2_2023q2,,,indi_soc_injury_poisoning_and_procedural_complications,82039.0,0.0,0.0,0.0
indi_v2_2023q2,,,indi_soc_investigations,82039.0,0.0,0.0,0.0
indi_v2_2023q2,,,indi_soc_metabolism_and_nutrition_disorders,82039.0,0.0,0.0,0.0
indi_v2_2023q2,,,indi_soc_musculoskeletal_and_connective_tissue_disorders,82039.0,0.0,0.0,0.0
indi_v2_2023q2,,,indi_soc_neoplasms_benign_malignant_and_unspecified_incl_cysts_and_polyps,82039.0,0.0,0.0,0.0
indi_v2_2023q2,,,indi_soc_nervous_system_disorders,82039.0,0.0,0.0,0.0
indi_v2_2023q2,,,indi_soc_pregnancy_puerperium_and_perinatal_conditions,82039.0,0.0,0.0,0.0
indi_v2_2023q2,,,indi_soc_product_issues,82039.0,0.0,0.0,0.0
indi_v2_2023q2,,,indi_soc_psychiatric_disorders,82039.0,0.0,0.0,0.0
indi_v2_2023q2,,,indi_soc_renal_and_urinary_disorders,82039.0,0.0,0.0,0.0
indi_v2_2023q2,,,indi_soc_reproductive_system_and_breast_disorders,82039.0,0.0,0.0,0.0
indi_v2_2023q2,,,indi_soc_respiratory_thoracic_and_mediastinal_disorders,82039.0,0.0,0.0,0.0
indi_v2_2023q2,,,indi_soc_skin_and_subcutaneous_tissue_disorders,82039.0,0.0,0.0,0.0
indi_v2_2023q2,,,indi_soc_social_circumstances,82039.0,0.0,0.0,0.0
indi_v2_2023q2,,,indi_soc_surgical_and_medical_procedures,82039.0,0.0,0.0,0.0
indi_v2_2023q2,,,indi_soc_vascular_disorders,82039.0,0.0,0.0,0.0
indi_v2_2023q3,n_rows,79405.0,,,,,
indi_v2_2023q3,unique_caseid,79405.0,,,,,
indi_v2_2023q3,duplicate_caseid_rows,0.0,,,,,
indi_v2_2023q3,,,caseid,79405.0,0.0,0.0,0.0
indi_v2_2023q3,,,indi_n,79405.0,0.0,0.0,0.0
indi_v2_2023q3,,,distinct_indi_n,79405.0,0.0,0.0,0.0
indi_v2_2023q3,,,indi_mapped_n,79405.0,0.0,0.0,0.0
indi_v2_2023q3,,,indi_unmapped_n,79405.0,0.0,0.0,0.0
indi_v2_2023q3,,,indi_insomnia,79405.0,0.0,0.0,0.0
indi_v2_2023q3,,,indi_anxiety,79405.0,0.0,0.0,0.0
indi_v2_2023q3,,,indi_depression,79405.0,0.0,0.0,0.0
indi_v2_2023q3,,,indi_pain,79405.0,0.0,0.0,0.0
indi_v2_2023q3,,,indi_epilepsy,79405.0,0.0,0.0,0.0
indi_v2_2023q3,,,indi_dizziness_vertigo,79405.0,0.0,0.0,0.0
indi_v2_2023q3,,,indi_soc_blood_and_lymphatic_system_disorders,79405.0,0.0,0.0,0.0
indi_v2_2023q3,,,indi_soc_cardiac_disorders,79405.0,0.0,0.0,0.0
indi_v2_2023q3,,,indi_soc_congenital_familial_and_genetic_disorders,79405.0,0.0,0.0,0.0
indi_v2_2023q3,,,indi_soc_ear_and_labyrinth_disorders,79405.0,0.0,0.0,0.0
indi_v2_2023q3,,,indi_soc_endocrine_disorders,79405.0,0.0,0.0,0.0
indi_v2_2023q3,,,indi_soc_eye_disorders,79405.0,0.0,0.0,0.0
indi_v2_2023q3,,,indi_soc_gastrointestinal_disorders,79405.0,0.0,0.0,0.0
indi_v2_2023q3,,,indi_soc_general_disorders_and_administration_site_conditions,79405.0,0.0,0.0,0.0
indi_v2_2023q3,,,indi_soc_hepatobiliary_disorders,79405.0,0.0,0.0,0.0
indi_v2_2023q3,,,indi_soc_immune_system_disorders,79405.0,0.0,0.0,0.0
indi_v2_2023q3,,,indi_soc_infections_and_infestations,79405.0,0.0,0.0,0.0
indi_v2_2023q3,,,indi_soc_injury_poisoning_and_procedural_complications,79405.0,0.0,0.0,0.0
indi_v2_2023q3,,,indi_soc_investigations,79405.0,0.0,0.0,0.0
indi_v2_2023q3,,,indi_soc_metabolism_and_nutrition_disorders,79405.0,0.0,0.0,0.0
indi_v2_2023q3,,,indi_soc_musculoskeletal_and_connective_tissue_disorders,79405.0,0.0,0.0,0.0
indi_v2_2023q3,,,indi_soc_neoplasms_benign_malignant_and_unspecified_incl_cysts_and_polyps,79405.0,0.0,0.0,0.0
indi_v2_2023q3,,,indi_soc_nervous_system_disorders,79405.0,0.0,0.0,0.0
indi_v2_2023q3,,,indi_soc_product_issues,79405.0,0.0,0.0,0.0
indi_v2_2023q3,,,indi_soc_psychiatric_disorders,79405.0,0.0,0.0,0.0
indi_v2_2023q3,,,indi_soc_renal_and_urinary_disorders,79405.0,0.0,0.0,0.0
indi_v2_2023q3,,,indi_soc_reproductive_system_and_breast_disorders,79405.0,0.0,0.0,0.0
indi_v2_2023q3,,,indi_soc_respiratory_thoracic_and_mediastinal_disorders,79405.0,0.0,0.0,0.0
indi_v2_2023q3,,,indi_soc_skin_and_subcutaneous_tissue_disorders,79405.0,0.0,0.0,0.0
indi_v2_2023q3,,,indi_soc_social_circumstances,79405.0,0.0,0.0,0.0
indi_v2_2023q3,,,indi_soc_surgical_and_medical_procedures,79405.0,0.0,0.0,0.0
indi_v2_2023q3,,,indi_soc_vascular_disorders,79405.0,0.0,0.0,0.0
indi_v2_2023q4,n_rows,85396.0,,,,,
indi_v2_2023q4,unique_caseid,85396.0,,,,,
indi_v2_2023q4,duplicate_caseid_rows,0.0,,,,,
indi_v2_2023q4,,,caseid,85396.0,0.0,0.0,0.0
indi_v2_2023q4,,,indi_n,85396.0,0.0,0.0,0.0
indi_v2_2023q4,,,distinct_indi_n,85396.0,0.0,0.0,0.0
indi_v2_2023q4,,,indi_mapped_n,85396.0,0.0,0.0,0.0
indi_v2_2023q4,,,indi_unmapped_n,85396.0,0.0,0.0,0.0
indi_v2_2023q4,,,indi_insomnia,85396.0,0.0,0.0,0.0
indi_v2_2023q4,,,indi_anxiety,85396.0,0.0,0.0,0.0
indi_v2_2023q4,,,indi_depression,85396.0,0.0,0.0,0.0
indi_v2_2023q4,,,indi_pain,85396.0,0.0,0.0,0.0
indi_v2_2023q4,,,indi_epilepsy,85396.0,0.0,0.0,0.0
indi_v2_2023q4,,,indi_dizziness_vertigo,85396.0,0.0,0.0,0.0
indi_v2_2023q4,,,indi_soc_blood_and_lymphatic_system_disorders,85396.0,0.0,0.0,0.0
indi_v2_2023q4,,,indi_soc_cardiac_disorders,85396.0,0.0,0.0,0.0
indi_v2_2023q4,,,indi_soc_congenital_familial_and_genetic_disorders,85396.0,0.0,0.0,0.0
indi_v2_2023q4,,,indi_soc_ear_and_labyrinth_disorders,85396.0,0.0,0.0,0.0
indi_v2_2023q4,,,indi_soc_endocrine_disorders,85396.0,0.0,0.0,0.0
indi_v2_2023q4,,,indi_soc_eye_disorders,85396.0,0.0,0.0,0.0
indi_v2_2023q4,,,indi_soc_gastrointestinal_disorders,85396.0,0.0,0.0,0.0
indi_v2_2023q4,,,indi_soc_general_disorders_and_administration_site_conditions,85396.0,0.0,0.0,0.0
indi_v2_2023q4,,,indi_soc_hepatobiliary_disorders,85396.0,0.0,0.0,0.0
indi_v2_2023q4,,,indi_soc_immune_system_disorders,85396.0,0.0,0.0,0.0
indi_v2_2023q4,,,indi_soc_infections_and_infestations,85396.0,0.0,0.0,0.0
indi_v2_2023q4,,,indi_soc_injury_poisoning_and_procedural_complications,85396.0,0.0,0.0,0.0
indi_v2_2023q4,,,indi_soc_investigations,85396.0,0.0,0.0,0.0
indi_v2_2023q4,,,indi_soc_metabolism_and_nutrition_disorders,85396.0,0.0,0.0,0.0
indi_v2_2023q4,,,indi_soc_musculoskeletal_and_connective_tissue_disorders,85396.0,0.0,0.0,0.0
indi_v2_2023q4,,,indi_soc_neoplasms_benign_malignant_and_unspecified_incl_cysts_and_polyps,85396.0,0.0,0.0,0.0
indi_v2_2023q4,,,indi_soc_nervous_system_disorders,85396.0,0.0,0.0,0.0
indi_v2_2023q4,,,indi_soc_product_issues,85396.0,0.0,0.0,0.0
indi_v2_2023q4,,,indi_soc_psychiatric_disorders,85396.0,0.0,0.0,0.0
indi_v2_2023q4,,,indi_soc_renal_and_urinary_disorders,85396.0,0.0,0.0,0.0
indi_v2_2023q4,,,indi_soc_reproductive_system_and_breast_disorders,85396.0,0.0,0.0,0.0
indi_v2_2023q4,,,indi_soc_respiratory_thoracic_and_mediastinal_disorders,85396.0,0.0,0.0,0.0
indi_v2_2023q4,,,indi_soc_skin_and_subcutaneous_tissue_disorders,85396.0,0.0,0.0,0.0
indi_v2_2023q4,,,indi_soc_social_circumstances,85396.0,0.0,0.0,0.0
indi_v2_2023q4,,,indi_soc_surgical_and_medical_procedures,85396.0,0.0,0.0,0.0
indi_v2_2023q4,,,indi_soc_vascular_disorders,85396.0,0.0,0.0,0.0
indi_v2_2024q1,n_rows,90893.0,,,,,
indi_v2_2024q1,unique_caseid,90893.0,,,,,
indi_v2_2024q1,duplicate_caseid_rows,0.0,,,,,
indi_v2_2024q1,,,caseid,90893.0,0.0,0.0,0.0
indi_v2_2024q1,,,indi_n,90893.0,0.0,0.0,0.0
indi_v2_2024q1,,,distinct_indi_n,90893.0,0.0,0.0,0.0
indi_v2_2024q1,,,indi_mapped_n,90893.0,0.0,0.0,0.0
indi_v2_2024q1,,,indi_unmapped_n,90893.0,0.0,0.0,0.0
indi_v2_2024q1,,,indi_insomnia,90893.0,0.0,0.0,0.0
indi_v2_2024q1,,,indi_anxiety,90893.0,0.0,0.0,0.0
indi_v2_2024q1,,,indi_depression,90893.0,0.0,0.0,0.0
indi_v2_2024q1,,,indi_pain,90893.0,0.0,0.0,0.0
indi_v2_2024q1,,,indi_epilepsy,90893.0,0.0,0.0,0.0
indi_v2_2024q1,,,indi_dizziness_vertigo,90893.0,0.0,0.0,0.0
indi_v2_2024q1,,,indi_soc_blood_and_lymphatic_system_disorders,90893.0,0.0,0.0,0.0
indi_v2_2024q1,,,indi_soc_cardiac_disorders,90893.0,0.0,0.0,0.0
indi_v2_2024q1,,,indi_soc_congenital_familial_and_genetic_disorders,90893.0,0.0,0.0,0.0
indi_v2_2024q1,,,indi_soc_ear_and_labyrinth_disorders,90893.0,0.0,0.0,0.0
indi_v2_2024q1,,,indi_soc_endocrine_disorders,90893.0,0.0,0.0,0.0
indi_v2_2024q1,,,indi_soc_eye_disorders,90893.0,0.0,0.0,0.0
indi_v2_2024q1,,,indi_soc_gastrointestinal_disorders,90893.0,0.0,0.0,0.0
indi_v2_2024q1,,,indi_soc_general_disorders_and_administration_site_conditions,90893.0,0.0,0.0,0.0
indi_v2_2024q1,,,indi_soc_hepatobiliary_disorders,90893.0,0.0,0.0,0.0
indi_v2_2024q1,,,indi_soc_immune_system_disorders,90893.0,0.0,0.0,0.0
indi_v2_2024q1,,,indi_soc_infections_and_infestations,90893.0,0.0,0.0,0.0
indi_v2_2024q1,,,indi_soc_injury_poisoning_and_procedural_complications,90893.0,0.0,0.0,0.0
indi_v2_2024q1,,,indi_soc_investigations,90893.0,0.0,0.0,0.0
indi_v2_2024q1,,,indi_soc_metabolism_and_nutrition_disorders,90893.0,0.0,0.0,0.0
indi_v2_2024q1,,,indi_soc_musculoskeletal_and_connective_tissue_disorders,90893.0,0.0,0.0,0.0
indi_v2_2024q1,,,indi_soc_neoplasms_benign_malignant_and_unspecified_incl_cysts_and_polyps,90893.0,0.0,0.0,0.0
indi_v2_2024q1,,,indi_soc_nervous_system_disorders,90893.0,0.0,0.0,0.0
indi_v2_2024q1,,,indi_soc_pregnancy_puerperium_and_perinatal_conditions,90893.0,0.0,0.0,0.0
indi_v2_2024q1,,,indi_soc_product_issues,90893.0,0.0,0.0,0.0
indi_v2_2024q1,,,indi_soc_psychiatric_disorders,90893.0,0.0,0.0,0.0
indi_v2_2024q1,,,indi_soc_renal_and_urinary_disorders,90893.0,0.0,0.0,0.0
indi_v2_2024q1,,,indi_soc_reproductive_system_and_breast_disorders,90893.0,0.0,0.0,0.0
indi_v2_2024q1,,,indi_soc_respiratory_thoracic_and_mediastinal_disorders,90893.0,0.0,0.0,0.0
indi_v2_2024q1,,,indi_soc_skin_and_subcutaneous_tissue_disorders,90893.0,0.0,0.0,0.0
indi_v2_2024q1,,,indi_soc_social_circumstances,90893.0,0.0,0.0,0.0
indi_v2_2024q1,,,indi_soc_surgical_and_medical_procedures,90893.0,0.0,0.0,0.0
indi_v2_2024q1,,,indi_soc_vascular_disorders,90893.0,0.0,0.0,0.0
indi_v2_2024q2,n_rows,88361.0,,,,,
indi_v2_2024q2,unique_caseid,88361.0,,,,,
indi_v2_2024q2,duplicate_caseid_rows,0.0,,,,,
indi_v2_2024q2,,,caseid,88361.0,0.0,0.0,0.0
indi_v2_2024q2,,,indi_n,88361.0,0.0,0.0,0.0
indi_v2_2024q2,,,distinct_indi_n,88361.0,0.0,0.0,0.0
indi_v2_2024q2,,,indi_mapped_n,88361.0,0.0,0.0,0.0
indi_v2_2024q2,,,indi_unmapped_n,88361.0,0.0,0.0,0.0
indi_v2_2024q2,,,indi_insomnia,88361.0,0.0,0.0,0.0
indi_v2_2024q2,,,indi_anxiety,88361.0,0.0,0.0,0.0
indi_v2_2024q2,,,indi_depression,88361.0,0.0,0.0,0.0
indi_v2_2024q2,,,indi_pain,88361.0,0.0,0.0,0.0
indi_v2_2024q2,,,indi_epilepsy,88361.0,0.0,0.0,0.0
indi_v2_2024q2,,,indi_dizziness_vertigo,88361.0,0.0,0.0,0.0
indi_v2_2024q2,,,indi_soc_blood_and_lymphatic_system_disorders,88361.0,0.0,0.0,0.0
indi_v2_2024q2,,,indi_soc_cardiac_disorders,88361.0,0.0,0.0,0.0
indi_v2_2024q2,,,indi_soc_congenital_familial_and_genetic_disorders,88361.0,0.0,0.0,0.0
indi_v2_2024q2,,,indi_soc_ear_and_labyrinth_disorders,88361.0,0.0,0.0,0.0
indi_v2_2024q2,,,indi_soc_endocrine_disorders,88361.0,0.0,0.0,0.0
indi_v2_2024q2,,,indi_soc_eye_disorders,88361.0,0.0,0.0,0.0
indi_v2_2024q2,,,indi_soc_gastrointestinal_disorders,88361.0,0.0,0.0,0.0
indi_v2_2024q2,,,indi_soc_general_disorders_and_administration_site_conditions,88361.0,0.0,0.0,0.0
indi_v2_2024q2,,,indi_soc_hepatobiliary_disorders,88361.0,0.0,0.0,0.0
indi_v2_2024q2,,,indi_soc_immune_system_disorders,88361.0,0.0,0.0,0.0
indi_v2_2024q2,,,indi_soc_infections_and_infestations,88361.0,0.0,0.0,0.0
indi_v2_2024q2,,,indi_soc_injury_poisoning_and_procedural_complications,88361.0,0.0,0.0,0.0
indi_v2_2024q2,,,indi_soc_investigations,88361.0,0.0,0.0,0.0
indi_v2_2024q2,,,indi_soc_metabolism_and_nutrition_disorders,88361.0,0.0,0.0,0.0
indi_v2_2024q2,,,indi_soc_musculoskeletal_and_connective_tissue_disorders,88361.0,0.0,0.0,0.0
indi_v2_2024q2,,,indi_soc_neoplasms_benign_malignant_and_unspecified_incl_cysts_and_polyps,88361.0,0.0,0.0,0.0
indi_v2_2024q2,,,indi_soc_nervous_system_disorders,88361.0,0.0,0.0,0.0
indi_v2_2024q2,,,indi_soc_pregnancy_puerperium_and_perinatal_conditions,88361.0,0.0,0.0,0.0
indi_v2_2024q2,,,indi_soc_product_issues,88361.0,0.0,0.0,0.0
indi_v2_2024q2,,,indi_soc_psychiatric_disorders,88361.0,0.0,0.0,0.0
indi_v2_2024q2,,,indi_soc_renal_and_urinary_disorders,88361.0,0.0,0.0,0.0
indi_v2_2024q2,,,indi_soc_reproductive_system_and_breast_disorders,88361.0,0.0,0.0,0.0
indi_v2_2024q2,,,indi_soc_respiratory_thoracic_and_mediastinal_disorders,88361.0,0.0,0.0,0.0
indi_v2_2024q2,,,indi_soc_skin_and_subcutaneous_tissue_disorders,88361.0,0.0,0.0,0.0
indi_v2_2024q2,,,indi_soc_social_circumstances,88361.0,0.0,0.0,0.0
indi_v2_2024q2,,,indi_soc_surgical_and_medical_procedures,88361.0,0.0,0.0,0.0
indi_v2_2024q2,,,indi_soc_vascular_disorders,88361.0,0.0,0.0,0.0
indi_v2_2024q3,n_rows,87845.0,,,,,
indi_v2_2024q3,unique_caseid,87845.0,,,,,
indi_v2_2024q3,duplicate_caseid_rows,0.0,,,,,
indi_v2_2024q3,,,caseid,87845.0,0.0,0.0,0.0
indi_v2_2024q3,,,indi_n,87845.0,0.0,0.0,0.0
indi_v2_2024q3,,,distinct_indi_n,87845.0,0.0,0.0,0.0
indi_v2_2024q3,,,indi_mapped_n,87845.0,0.0,0.0,0.0
indi_v2_2024q3,,,indi_unmapped_n,87845.0,0.0,0.0,0.0
indi_v2_2024q3,,,indi_insomnia,87845.0,0.0,0.0,0.0
indi_v2_2024q3,,,indi_anxiety,87845.0,0.0,0.0,0.0
indi_v2_2024q3,,,indi_depression,87845.0,0.0,0.0,0.0
indi_v2_2024q3,,,indi_pain,87845.0,0.0,0.0,0.0
indi_v2_2024q3,,,indi_epilepsy,87845.0,0.0,0.0,0.0
indi_v2_2024q3,,,indi_dizziness_vertigo,87845.0,0.0,0.0,0.0
indi_v2_2024q3,,,indi_soc_blood_and_lymphatic_system_disorders,87845.0,0.0,0.0,0.0
indi_v2_2024q3,,,indi_soc_cardiac_disorders,87845.0,0.0,0.0,0.0
indi_v2_2024q3,,,indi_soc_congenital_familial_and_genetic_disorders,87845.0,0.0,0.0,0.0
indi_v2_2024q3,,,indi_soc_ear_and_labyrinth_disorders,87845.0,0.0,0.0,0.0
indi_v2_2024q3,,,indi_soc_endocrine_disorders,87845.0,0.0,0.0,0.0
indi_v2_2024q3,,,indi_soc_eye_disorders,87845.0,0.0,0.0,0.0
indi_v2_2024q3,,,indi_soc_gastrointestinal_disorders,87845.0,0.0,0.0,0.0
indi_v2_2024q3,,,indi_soc_general_disorders_and_administration_site_conditions,87845.0,0.0,0.0,0.0
indi_v2_2024q3,,,indi_soc_hepatobiliary_disorders,87845.0,0.0,0.0,0.0
indi_v2_2024q3,,,indi_soc_immune_system_disorders,87845.0,0.0,0.0,0.0
indi_v2_2024q3,,,indi_soc_infections_and_infestations,87845.0,0.0,0.0,0.0
indi_v2_2024q3,,,indi_soc_injury_poisoning_and_procedural_complications,87845.0,0.0,0.0,0.0
indi_v2_2024q3,,,indi_soc_investigations,87845.0,0.0,0.0,0.0
indi_v2_2024q3,,,indi_soc_metabolism_and_nutrition_disorders,87845.0,0.0,0.0,0.0
indi_v2_2024q3,,,indi_soc_musculoskeletal_and_connective_tissue_disorders,87845.0,0.0,0.0,0.0
indi_v2_2024q3,,,indi_soc_neoplasms_benign_malignant_and_unspecified_incl_cysts_and_polyps,87845.0,0.0,0.0,0.0
indi_v2_2024q3,,,indi_soc_nervous_system_disorders,87845.0,0.0,0.0,0.0
indi_v2_2024q3,,,indi_soc_pregnancy_puerperium_and_perinatal_conditions,87845.0,0.0,0.0,0.0
indi_v2_2024q3,,,indi_soc_product_issues,87845.0,0.0,0.0,0.0
indi_v2_2024q3,,,indi_soc_psychiatric_disorders,87845.0,0.0,0.0,0.0
indi_v2_2024q3,,,indi_soc_renal_and_urinary_disorders,87845.0,0.0,0.0,0.0
indi_v2_2024q3,,,indi_soc_reproductive_system_and_breast_disorders,87845.0,0.0,0.0,0.0
indi_v2_2024q3,,,indi_soc_respiratory_thoracic_and_mediastinal_disorders,87845.0,0.0,0.0,0.0
indi_v2_2024q3,,,indi_soc_skin_and_subcutaneous_tissue_disorders,87845.0,0.0,0.0,0.0
indi_v2_2024q3,,,indi_soc_social_circumstances,87845.0,0.0,0.0,0.0
indi_v2_2024q3,,,indi_soc_surgical_and_medical_procedures,87845.0,0.0,0.0,0.0
indi_v2_2024q3,,,indi_soc_vascular_disorders,87845.0,0.0,0.0,0.0
indi_v2_2024q4,n_rows,86826.0,,,,,
indi_v2_2024q4,unique_caseid,86826.0,,,,,
indi_v2_2024q4,duplicate_caseid_rows,0.0,,,,,
indi_v2_2024q4,,,caseid,86826.0,0.0,0.0,0.0
indi_v2_2024q4,,,indi_n,86826.0,0.0,0.0,0.0
indi_v2_2024q4,,,distinct_indi_n,86826.0,0.0,0.0,0.0
indi_v2_2024q4,,,indi_mapped_n,86826.0,0.0,0.0,0.0
indi_v2_2024q4,,,indi_unmapped_n,86826.0,0.0,0.0,0.0
indi_v2_2024q4,,,indi_insomnia,86826.0,0.0,0.0,0.0
indi_v2_2024q4,,,indi_anxiety,86826.0,0.0,0.0,0.0
indi_v2_2024q4,,,indi_depression,86826.0,0.0,0.0,0.0
indi_v2_2024q4,,,indi_pain,86826.0,0.0,0.0,0.0
indi_v2_2024q4,,,indi_epilepsy,86826.0,0.0,0.0,0.0
indi_v2_2024q4,,,indi_dizziness_vertigo,86826.0,0.0,0.0,0.0
indi_v2_2024q4,,,indi_soc_blood_and_lymphatic_system_disorders,86826.0,0.0,0.0,0.0
indi_v2_2024q4,,,indi_soc_cardiac_disorders,86826.0,0.0,0.0,0.0
indi_v2_2024q4,,,indi_soc_congenital_familial_and_genetic_disorders,86826.0,0.0,0.0,0.0
indi_v2_2024q4,,,indi_soc_ear_and_labyrinth_disorders,86826.0,0.0,0.0,0.0
indi_v2_2024q4,,,indi_soc_endocrine_disorders,86826.0,0.0,0.0,0.0
indi_v2_2024q4,,,indi_soc_eye_disorders,86826.0,0.0,0.0,0.0
indi_v2_2024q4,,,indi_soc_gastrointestinal_disorders,86826.0,0.0,0.0,0.0
indi_v2_2024q4,,,indi_soc_general_disorders_and_administration_site_conditions,86826.0,0.0,0.0,0.0
indi_v2_2024q4,,,indi_soc_hepatobiliary_disorders,86826.0,0.0,0.0,0.0
indi_v2_2024q4,,,indi_soc_immune_system_disorders,86826.0,0.0,0.0,0.0
indi_v2_2024q4,,,indi_soc_infections_and_infestations,86826.0,0.0,0.0,0.0
indi_v2_2024q4,,,indi_soc_injury_poisoning_and_procedural_complications,86826.0,0.0,0.0,0.0
indi_v2_2024q4,,,indi_soc_investigations,86826.0,0.0,0.0,0.0
indi_v2_2024q4,,,indi_soc_metabolism_and_nutrition_disorders,86826.0,0.0,0.0,0.0
indi_v2_2024q4,,,indi_soc_musculoskeletal_and_connective_tissue_disorders,86826.0,0.0,0.0,0.0
indi_v2_2024q4,,,indi_soc_neoplasms_benign_malignant_and_unspecified_incl_cysts_and_polyps,86826.0,0.0,0.0,0.0
indi_v2_2024q4,,,indi_soc_nervous_system_disorders,86826.0,0.0,0.0,0.0
indi_v2_2024q4,,,indi_soc_product_issues,86826.0,0.0,0.0,0.0
indi_v2_2024q4,,,indi_soc_psychiatric_disorders,86826.0,0.0,0.0,0.0
indi_v2_2024q4,,,indi_soc_renal_and_urinary_disorders,86826.0,0.0,0.0,0.0
indi_v2_2024q4,,,indi_soc_reproductive_system_and_breast_disorders,86826.0,0.0,0.0,0.0
indi_v2_2024q4,,,indi_soc_respiratory_thoracic_and_mediastinal_disorders,86826.0,0.0,0.0,0.0
indi_v2_2024q4,,,indi_soc_skin_and_subcutaneous_tissue_disorders,86826.0,0.0,0.0,0.0
indi_v2_2024q4,,,indi_soc_social_circumstances,86826.0,0.0,0.0,0.0
indi_v2_2024q4,,,indi_soc_surgical_and_medical_procedures,86826.0,0.0,0.0,0.0
indi_v2_2024q4,,,indi_soc_vascular_disorders,86826.0,0.0,0.0,0.0
indi_v2_2025q1,n_rows,84923.0,,,,,
indi_v2_2025q1,unique_caseid,84923.0,,,,,
indi_v2_2025q1,duplicate_caseid_rows,0.0,,,,,
indi_v2_2025q1,,,caseid,84923.0,0.0,0.0,0.0
indi_v2_2025q1,,,indi_n,84923.0,0.0,0.0,0.0
indi_v2_2025q1,,,distinct_indi_n,84923.0,0.0,0.0,0.0
indi_v2_2025q1,,,indi_mapped_n,84923.0,0.0,0.0,0.0
indi_v2_2025q1,,,indi_unmapped_n,84923.0,0.0,0.0,0.0
indi_v2_2025q1,,,indi_insomnia,84923.0,0.0,0.0,0.0
indi_v2_2025q1,,,indi_anxiety,84923.0,0.0,0.0,0.0
indi_v2_2025q1,,,indi_depression,84923.0,0.0,0.0,0.0
indi_v2_2025q1,,,indi_pain,84923.0,0.0,0.0,0.0
indi_v2_2025q1,,,indi_epilepsy,84923.0,0.0,0.0,0.0
indi_v2_2025q1,,,indi_dizziness_vertigo,84923.0,0.0,0.0,0.0
indi_v2_2025q1,,,indi_soc_blood_and_lymphatic_system_disorders,84923.0,0.0,0.0,0.0
indi_v2_2025q1,,,indi_soc_cardiac_disorders,84923.0,0.0,0.0,0.0
indi_v2_2025q1,,,indi_soc_congenital_familial_and_genetic_disorders,84923.0,0.0,0.0,0.0
indi_v2_2025q1,,,indi_soc_ear_and_labyrinth_disorders,84923.0,0.0,0.0,0.0
indi_v2_2025q1,,,indi_soc_endocrine_disorders,84923.0,0.0,0.0,0.0
indi_v2_2025q1,,,indi_soc_eye_disorders,84923.0,0.0,0.0,0.0
indi_v2_2025q1,,,indi_soc_gastrointestinal_disorders,84923.0,0.0,0.0,0.0
indi_v2_2025q1,,,indi_soc_general_disorders_and_administration_site_conditions,84923.0,0.0,0.0,0.0
indi_v2_2025q1,,,indi_soc_hepatobiliary_disorders,84923.0,0.0,0.0,0.0
indi_v2_2025q1,,,indi_soc_immune_system_disorders,84923.0,0.0,0.0,0.0
indi_v2_2025q1,,,indi_soc_infections_and_infestations,84923.0,0.0,0.0,0.0
indi_v2_2025q1,,,indi_soc_injury_poisoning_and_procedural_complications,84923.0,0.0,0.0,0.0
indi_v2_2025q1,,,indi_soc_investigations,84923.0,0.0,0.0,0.0
indi_v2_2025q1,,,indi_soc_metabolism_and_nutrition_disorders,84923.0,0.0,0.0,0.0
indi_v2_2025q1,,,indi_soc_musculoskeletal_and_connective_tissue_disorders,84923.0,0.0,0.0,0.0
indi_v2_2025q1,,,indi_soc_neoplasms_benign_malignant_and_unspecified_incl_cysts_and_polyps,84923.0,0.0,0.0,0.0
indi_v2_2025q1,,,indi_soc_nervous_system_disorders,84923.0,0.0,0.0,0.0
indi_v2_2025q1,,,indi_soc_pregnancy_puerperium_and_perinatal_conditions,84923.0,0.0,0.0,0.0
indi_v2_2025q1,,,indi_soc_product_issues,84923.0,0.0,0.0,0.0
indi_v2_2025q1,,,indi_soc_psychiatric_disorders,84923.0,0.0,0.0,0.0
indi_v2_2025q1,,,indi_soc_renal_and_urinary_disorders,84923.0,0.0,0.0,0.0
indi_v2_2025q1,,,indi_soc_reproductive_system_and_breast_disorders,84923.0,0.0,0.0,0.0
indi_v2_2025q1,,,indi_soc_respiratory_thoracic_and_mediastinal_disorders,84923.0,0.0,0.0,0.0
indi_v2_2025q1,,,indi_soc_skin_and_subcutaneous_tissue_disorders,84923.0,0.0,0.0,0.0
indi_v2_2025q1,,,indi_soc_social_circumstances,84923.0,0.0,0.0,0.0
indi_v2_2025q1,,,indi_soc_surgical_and_medical_procedures,84923.0,0.0,0.0,0.0
indi_v2_2025q1,,,indi_soc_vascular_disorders,84923.0,0.0,0.0,0.0
indi_v2_2025q2,n_rows,81559.0,,,,,
indi_v2_2025q2,unique_caseid,81559.0,,,,,
indi_v2_2025q2,duplicate_caseid_rows,0.0,,,,,
indi_v2_2025q2,,,caseid,81559.0,0.0,0.0,0.0
indi_v2_2025q2,,,indi_n,81559.0,0.0,0.0,0.0
indi_v2_2025q2,,,distinct_indi_n,81559.0,0.0,0.0,0.0
indi_v2_2025q2,,,indi_mapped_n,81559.0,0.0,0.0,0.0
indi_v2_2025q2,,,indi_unmapped_n,81559.0,0.0,0.0,0.0
indi_v2_2025q2,,,indi_insomnia,81559.0,0.0,0.0,0.0
indi_v2_2025q2,,,indi_anxiety,81559.0,0.0,0.0,0.0
indi_v2_2025q2,,,indi_depression,81559.0,0.0,0.0,0.0
indi_v2_2025q2,,,indi_pain,81559.0,0.0,0.0,0.0
indi_v2_2025q2,,,indi_epilepsy,81559.0,0.0,0.0,0.0
indi_v2_2025q2,,,indi_dizziness_vertigo,81559.0,0.0,0.0,0.0
indi_v2_2025q2,,,indi_soc_blood_and_lymphatic_system_disorders,81559.0,0.0,0.0,0.0
indi_v2_2025q2,,,indi_soc_cardiac_disorders,81559.0,0.0,0.0,0.0
indi_v2_2025q2,,,indi_soc_congenital_familial_and_genetic_disorders,81559.0,0.0,0.0,0.0
indi_v2_2025q2,,,indi_soc_ear_and_labyrinth_disorders,81559.0,0.0,0.0,0.0
indi_v2_2025q2,,,indi_soc_endocrine_disorders,81559.0,0.0,0.0,0.0
indi_v2_2025q2,,,indi_soc_eye_disorders,81559.0,0.0,0.0,0.0
indi_v2_2025q2,,,indi_soc_gastrointestinal_disorders,81559.0,0.0,0.0,0.0
indi_v2_2025q2,,,indi_soc_general_disorders_and_administration_site_conditions,81559.0,0.0,0.0,0.0
indi_v2_2025q2,,,indi_soc_hepatobiliary_disorders,81559.0,0.0,0.0,0.0
indi_v2_2025q2,,,indi_soc_immune_system_disorders,81559.0,0.0,0.0,0.0
indi_v2_2025q2,,,indi_soc_infections_and_infestations,81559.0,0.0,0.0,0.0
indi_v2_2025q2,,,indi_soc_injury_poisoning_and_procedural_complications,81559.0,0.0,0.0,0.0
indi_v2_2025q2,,,indi_soc_investigations,81559.0,0.0,0.0,0.0
indi_v2_2025q2,,,indi_soc_metabolism_and_nutrition_disorders,81559.0,0.0,0.0,0.0
indi_v2_2025q2,,,indi_soc_musculoskeletal_and_connective_tissue_disorders,81559.0,0.0,0.0,0.0
indi_v2_2025q2,,,indi_soc_neoplasms_benign_malignant_and_unspecified_incl_cysts_and_polyps,81559.0,0.0,0.0,0.0
indi_v2_2025q2,,,indi_soc_nervous_system_disorders,81559.0,0.0,0.0,0.0
indi_v2_2025q2,,,indi_soc_pregnancy_puerperium_and_perinatal_conditions,81559.0,0.0,0.0,0.0
indi_v2_2025q2,,,indi_soc_product_issues,81559.0,0.0,0.0,0.0
indi_v2_2025q2,,,indi_soc_psychiatric_disorders,81559.0,0.0,0.0,0.0
indi_v2_2025q2,,,indi_soc_renal_and_urinary_disorders,81559.0,0.0,0.0,0.0
indi_v2_2025q2,,,indi_soc_reproductive_system_and_breast_disorders,81559.0,0.0,0.0,0.0
indi_v2_2025q2,,,indi_soc_respiratory_thoracic_and_mediastinal_disorders,81559.0,0.0,0.0,0.0
indi_v2_2025q2,,,indi_soc_skin_and_subcutaneous_tissue_disorders,81559.0,0.0,0.0,0.0
indi_v2_2025q2,,,indi_soc_social_circumstances,81559.0,0.0,0.0,0.0
indi_v2_2025q2,,,indi_soc_surgical_and_medical_procedures,81559.0,0.0,0.0,0.0
indi_v2_2025q2,,,indi_soc_vascular_disorders,81559.0,0.0,0.0,0.0
indi_v2_2025q3,n_rows,91307.0,,,,,
indi_v2_2025q3,unique_caseid,91307.0,,,,,
indi_v2_2025q3,duplicate_caseid_rows,0.0,,,,,
indi_v2_2025q3,,,caseid,91307.0,0.0,0.0,0.0
indi_v2_2025q3,,,indi_n,91307.0,0.0,0.0,0.0
indi_v2_2025q3,,,distinct_indi_n,91307.0,0.0,0.0,0.0
indi_v2_2025q3,,,indi_mapped_n,91307.0,0.0,0.0,0.0
indi_v2_2025q3,,,indi_unmapped_n,91307.0,0.0,0.0,0.0
indi_v2_2025q3,,,indi_insomnia,91307.0,0.0,0.0,0.0
indi_v2_2025q3,,,indi_anxiety,91307.0,0.0,0.0,0.0
indi_v2_2025q3,,,indi_depression,91307.0,0.0,0.0,0.0
indi_v2_2025q3,,,indi_pain,91307.0,0.0,0.0,0.0
indi_v2_2025q3,,,indi_epilepsy,91307.0,0.0,0.0,0.0
indi_v2_2025q3,,,indi_dizziness_vertigo,91307.0,0.0,0.0,0.0
indi_v2_2025q3,,,indi_soc_blood_and_lymphatic_system_disorders,91307.0,0.0,0.0,0.0
indi_v2_2025q3,,,indi_soc_cardiac_disorders,91307.0,0.0,0.0,0.0
indi_v2_2025q3,,,indi_soc_congenital_familial_and_genetic_disorders,91307.0,0.0,0.0,0.0
indi_v2_2025q3,,,indi_soc_ear_and_labyrinth_disorders,91307.0,0.0,0.0,0.0
indi_v2_2025q3,,,indi_soc_endocrine_disorders,91307.0,0.0,0.0,0.0
indi_v2_2025q3,,,indi_soc_eye_disorders,91307.0,0.0,0.0,0.0
indi_v2_2025q3,,,indi_soc_gastrointestinal_disorders,91307.0,0.0,0.0,0.0
indi_v2_2025q3,,,indi_soc_general_disorders_and_administration_site_conditions,91307.0,0.0,0.0,0.0
indi_v2_2025q3,,,indi_soc_hepatobiliary_disorders,91307.0,0.0,0.0,0.0
indi_v2_2025q3,,,indi_soc_immune_system_disorders,91307.0,0.0,0.0,0.0
indi_v2_2025q3,,,indi_soc_infections_and_infestations,91307.0,0.0,0.0,0.0
indi_v2_2025q3,,,indi_soc_injury_poisoning_and_procedural_complications,91307.0,0.0,0.0,0.0
indi_v2_2025q3,,,indi_soc_investigations,91307.0,0.0,0.0,0.0
indi_v2_2025q3,,,indi_soc_metabolism_and_nutrition_disorders,91307.0,0.0,0.0,0.0
indi_v2_2025q3,,,indi_soc_musculoskeletal_and_connective_tissue_disorders,91307.0,0.0,0.0,0.0
indi_v2_2025q3,,,indi_soc_neoplasms_benign_malignant_and_unspecified_incl_cysts_and_polyps,91307.0,0.0,0.0,0.0
indi_v2_2025q3,,,indi_soc_nervous_system_disorders,91307.0,0.0,0.0,0.0
indi_v2_2025q3,,,indi_soc_product_issues,91307.0,0.0,0.0,0.0
indi_v2_2025q3,,,indi_soc_psychiatric_disorders,91307.0,0.0,0.0,0.0
indi_v2_2025q3,,,indi_soc_renal_and_urinary_disorders,91307.0,0.0,0.0,0.0
indi_v2_2025q3,,,indi_soc_reproductive_system_and_breast_disorders,91307.0,0.0,0.0,0.0
indi_v2_2025q3,,,indi_soc_respiratory_thoracic_and_mediastinal_disorders,91307.0,0.0,0.0,0.0
indi_v2_2025q3,,,indi_soc_skin_and_subcutaneous_tissue_disorders,91307.0,0.0,0.0,0.0
indi_v2_2025q3,,,indi_soc_social_circumstances,91307.0,0.0,0.0,0.0
indi_v2_2025q3,,,indi_soc_surgical_and_medical_procedures,91307.0,0.0,0.0,0.0
indi_v2_2025q3,,,indi_soc_vascular_disorders,91307.0,0.0,0.0,0.0
indi_v2_2025q4,n_rows,82700.0,,,,,
indi_v2_2025q4,unique_caseid,82700.0,,,,,
indi_v2_2025q4,duplicate_caseid_rows,0.0,,,,,
indi_v2_2025q4,,,caseid,82700.0,0.0,0.0,0.0
indi_v2_2025q4,,,indi_n,82700.0,0.0,0.0,0.0
indi_v2_2025q4,,,distinct_indi_n,82700.0,0.0,0.0,0.0
indi_v2_2025q4,,,indi_mapped_n,82700.0,0.0,0.0,0.0
indi_v2_2025q4,,,indi_unmapped_n,82700.0,0.0,0.0,0.0
indi_v2_2025q4,,,indi_insomnia,82700.0,0.0,0.0,0.0
indi_v2_2025q4,,,indi_anxiety,82700.0,0.0,0.0,0.0
indi_v2_2025q4,,,indi_depression,82700.0,0.0,0.0,0.0
indi_v2_2025q4,,,indi_pain,82700.0,0.0,0.0,0.0
indi_v2_2025q4,,,indi_epilepsy,82700.0,0.0,0.0,0.0
indi_v2_2025q4,,,indi_dizziness_vertigo,82700.0,0.0,0.0,0.0
indi_v2_2025q4,,,indi_soc_blood_and_lymphatic_system_disorders,82700.0,0.0,0.0,0.0
indi_v2_2025q4,,,indi_soc_cardiac_disorders,82700.0,0.0,0.0,0.0
indi_v2_2025q4,,,indi_soc_congenital_familial_and_genetic_disorders,82700.0,0.0,0.0,0.0
indi_v2_2025q4,,,indi_soc_ear_and_labyrinth_disorders,82700.0,0.0,0.0,0.0
indi_v2_2025q4,,,indi_soc_endocrine_disorders,82700.0,0.0,0.0,0.0
indi_v2_2025q4,,,indi_soc_eye_disorders,82700.0,0.0,0.0,0.0
indi_v2_2025q4,,,indi_soc_gastrointestinal_disorders,82700.0,0.0,0.0,0.0
indi_v2_2025q4,,,indi_soc_general_disorders_and_administration_site_conditions,82700.0,0.0,0.0,0.0
indi_v2_2025q4,,,indi_soc_hepatobiliary_disorders,82700.0,0.0,0.0,0.0
indi_v2_2025q4,,,indi_soc_immune_system_disorders,82700.0,0.0,0.0,0.0
indi_v2_2025q4,,,indi_soc_infections_and_infestations,82700.0,0.0,0.0,0.0
indi_v2_2025q4,,,indi_soc_injury_poisoning_and_procedural_complications,82700.0,0.0,0.0,0.0
indi_v2_2025q4,,,indi_soc_investigations,82700.0,0.0,0.0,0.0
indi_v2_2025q4,,,indi_soc_metabolism_and_nutrition_disorders,82700.0,0.0,0.0,0.0
indi_v2_2025q4,,,indi_soc_musculoskeletal_and_connective_tissue_disorders,82700.0,0.0,0.0,0.0
indi_v2_2025q4,,,indi_soc_neoplasms_benign_malignant_and_unspecified_incl_cysts_and_polyps,82700.0,0.0,0.0,0.0
indi_v2_2025q4,,,indi_soc_nervous_system_disorders,82700.0,0.0,0.0,0.0
indi_v2_2025q4,,,indi_soc_product_issues,82700.0,0.0,0.0,0.0
indi_v2_2025q4,,,indi_soc_psychiatric_disorders,82700.0,0.0,0.0,0.0
indi_v2_2025q4,,,indi_soc_renal_and_urinary_disorders,82700.0,0.0,0.0,0.0
indi_v2_2025q4,,,indi_soc_reproductive_system_and_breast_disorders,82700.0,0.0,0.0,0.0
indi_v2_2025q4,,,indi_soc_respiratory_thoracic_and_mediastinal_disorders,82700.0,0.0,0.0,0.0
indi_v2_2025q4,,,indi_soc_skin_and_subcutaneous_tissue_disorders,82700.0,0.0,0.0,0.0
indi_v2_2025q4,,,indi_soc_social_circumstances,82700.0,0.0,0.0,0.0
indi_v2_2025q4,,,indi_soc_surgical_and_medical_procedures,82700.0,0.0,0.0,0.0
indi_v2_2025q4,,,indi_soc_vascular_disorders,82700.0,0.0,0.0,0.0
